match_status,match_score,province,district,name,osm_name,osm_id,lat,lng,id
unmatched,,กระบี่,เกาะลันตา,อัลยุมอ้าตุลอิสลาม,,,7.661978,99.007288,dra-1
unmatched,,กระบี่,เกาะลันตา,คลองย่านัด,,,7.661978,99.007288,dra-2
unmatched,,กระบี่,เกาะลันตา,ปากคลอง,,,7.661978,99.007288,dra-3
unmatched,,กระบี่,เกาะลันตา,บ้านร่าหมาด,,,7.661978,99.007288,dra-4
unmatched,,กระบี่,เกาะลันตา,ราปู,,,7.661978,99.007288,dra-5
unmatched,,กระบี่,เกาะลันตา,นูรุ้ลอีดายะห์ (บ้านลีกี),,,7.661978,99.007288,dra-6
unmatched,,กระบี่,เกาะลันตา,ดารุ้ลมุตตากีน (บ้านนาทุ่งกลาง),,,7.661978,99.007288,dra-7
unmatched,,กระบี่,เกาะลันตา,บ้านอ่าวทองหลาง,,,7.661978,99.007288,dra-8
unmatched,,กระบี่,เกาะลันตา,ดารุสซุนนะฮ์,,,7.661978,99.007288,dra-9
unmatched,,กระบี่,เกาะลันตา,นุรูลเอี๊ยะซาน,,,7.661978,99.007288,dra-10
unmatched,,กระบี่,เกาะลันตา,มิฟตะฮอซซอละห์,,,7.661978,99.007288,dra-11
unmatched,,กระบี่,เกาะลันตา,ขุนสมุทร,,,7.661978,99.007288,dra-12
unmatched,,กระบี่,เกาะลันตา,บ้านโล๊ะใหญ่,,,7.661978,99.007288,dra-13
unmatched,,กระบี่,เกาะลันตา,บ้านหลังสอด,,,7.661978,99.007288,dra-14
unmatched,,กระบี่,เกาะลันตา,สามัคคีมัสยิด,,,7.661978,99.007288,dra-15
unmatched,,กระบี่,เกาะลันตา,บ้านกลาง (บ้านทุ่ง),,,7.661978,99.007288,dra-16
unmatched,,กระบี่,เกาะลันตา,คลองโตนด,,,7.661978,99.007288,dra-17
unmatched,,กระบี่,เกาะลันตา,บ้านทุ่งพัฒนา,,,7.661978,99.007288,dra-18
unmatched,,กระบี่,เกาะลันตา,บ้านทุ่งโต๊ะหยุม,,,7.661978,99.007288,dra-19
unmatched,,กระบี่,เกาะลันตา,อัตตักวา,,,7.661978,99.007288,dra-20
unmatched,,กระบี่,เกาะลันตา,เจะหลี,,,7.661978,99.007288,dra-21
unmatched,,กระบี่,เกาะลันตา,มิฟตาฮุลญันนะฮ์ บ้านคลองหิน,,,7.661978,99.007288,dra-22
unmatched,,กระบี่,เกาะลันตา,มุสลิม (บ้านศรีรายา),,,7.661978,99.007288,dra-23
unmatched,,กระบี่,เกาะลันตา,โล๊ะดูหยง,,,7.661978,99.007288,dra-24
unmatched,,กระบี่,เกาะลันตา,คลองหอยโข่ง,,,7.661978,99.007288,dra-25
unmatched,,กระบี่,เกาะลันตา,โหละบ้าหรา,,,7.661978,99.007288,dra-26
unmatched,,กระบี่,เกาะลันตา,สมพรพรุกม,,,7.661978,99.007288,dra-27
unmatched,,กระบี่,เกาะลันตา,มัสยิดเกาะปอ,,,7.661978,99.007288,dra-28
unmatched,,กระบี่,เกาะลันตา,บ้านทุ่งหยีเพ็ง,,,7.661978,99.007288,dra-29
unmatched,,กระบี่,เกาะลันตา,นูหรนฮีดายะห์,,,7.661978,99.007288,dra-30
unmatched,,กระบี่,เกาะลันตา,นุรุลฮูดา (บ้านหัวแหลม),,,7.661978,99.007288,dra-31
unmatched,,กระบี่,เกาะลันตา,บ้านคลองโตบ,,,7.661978,99.007288,dra-32
unmatched,,กระบี่,เกาะลันตา,นูรุ้ลอีหม่าน (บ้านคลองหินหัวนอน),,,7.661978,99.007288,dra-33
unmatched,,กระบี่,เกาะลันตา,ดารุสลาม บ้านควน,,,7.661978,99.007288,dra-34
unmatched,,กระบี่,เกาะลันตา,บ้านคลองยาง,,,7.661978,99.007288,dra-35
unmatched,,กระบี่,เกาะลันตา,เขาขวาด (บ้านเขาฝาก),,,7.661978,99.007288,dra-36
unmatched,,กระบี่,เกาะลันตา,มุสลิมสามัคคี (บ้านขุนรายา),,,7.661978,99.007288,dra-37
unmatched,,กระบี่,เกาะลันตา,ไทยอิสลามสามัคคี (บ้านโคกยูง),,,7.661978,99.007288,dra-38
unmatched,,กระบี่,เกาะลันตา,อามีนันมุสลีหมีน,,,7.661978,99.007288,dra-39
unmatched,,กระบี่,เกาะลันตา,ดารุลเอียะห์ซาล,,,7.661978,99.007288,dra-40
unmatched,,กระบี่,เกาะลันตา,นูรู้ลอีหมาน,,,7.661978,99.007288,dra-41
unmatched,,กระบี่,เกาะลันตา,บ้านหลังโสด,,,7.661978,99.007288,dra-42
unmatched,,กระบี่,เขาพนม,ดารุลเอี๊ยะสาน,,,8.28457,99.121727,dra-43
unmatched,,กระบี่,เขาพนม,นูรุ้ลฮิดาย๊ะห์ (พลังใหม่),,,8.28457,99.121727,dra-44
unmatched,,กระบี่,คลองท่อม,บ้านคลองขนาน,,,7.913986,99.201194,dra-45
unmatched,,กระบี่,คลองท่อม,แหลมทองพัฒนาวังหิน,,,7.913986,99.201194,dra-46
unmatched,,กระบี่,คลองท่อม,นูรุลมูฮายีรีน,,,7.913986,99.201194,dra-47
unmatched,,กระบี่,คลองท่อม,บ้านคลองใคร,,,7.913986,99.201194,dra-48
unmatched,,กระบี่,คลองท่อม,บ้านทุ่งครก,,,7.913986,99.201194,dra-49
unmatched,,กระบี่,คลองท่อม,บ้านนาคลองพน,,,7.913986,99.201194,dra-50
unmatched,,กระบี่,คลองท่อม,บ้านท่ามะพร้าว,,,7.913986,99.201194,dra-51
unmatched,,กระบี่,คลองท่อม,คลองปิ้ง,,,7.913986,99.201194,dra-52
unmatched,,กระบี่,คลองท่อม,พัฒนาอิสลาม,,,7.913986,99.201194,dra-53
unmatched,,กระบี่,คลองท่อม,บำรุงอิสลาม,,,7.913986,99.201194,dra-54
unmatched,,กระบี่,คลองท่อม,บ้านคลองหยีเร๊ะพัฒนา,,,7.913986,99.201194,dra-55
unmatched,,กระบี่,คลองท่อม,บ้านพรุใหญ่  (มุสลิมพัฒนา),,,7.913986,99.201194,dra-56
unmatched,,กระบี่,คลองท่อม,บ้านหมุสา,,,7.913986,99.201194,dra-57
unmatched,,กระบี่,คลองท่อม,บ้านห้วยจำปูน,,,7.913986,99.201194,dra-58
unmatched,,กระบี่,คลองท่อม,มัสยิดกลางบ้านพานพน,,,7.913986,99.201194,dra-59
unmatched,,กระบี่,คลองท่อม,ดารุ้ลฮีดาย๊ะฮ์,,,7.913986,99.201194,dra-60
unmatched,,กระบี่,คลองท่อม,บ้านห้วยลึก,,,7.913986,99.201194,dra-61
unmatched,,กระบี่,คลองท่อม,บ่อม่วง,,,7.913986,99.201194,dra-62
unmatched,,กระบี่,คลองท่อม,ส้ออีฮี้น (บ้านทุ่งคา),,,7.913986,99.201194,dra-63
unmatched,,กระบี่,คลองท่อม,ทรายขาว,,,7.913986,99.201194,dra-64
unmatched,,กระบี่,คลองท่อม,อุ้มมาตุ้ลอิสลามียะห์ มุสลิมพิทักษ์,,,7.913986,99.201194,dra-65
unmatched,,กระบี่,คลองท่อม,บ้านทุ่งล้อ (ยามี้อุ้นอิสลาม),,,7.913986,99.201194,dra-66
unmatched,,กระบี่,คลองท่อม,นูรุลอีหม่าน (บ้านโคกแต),,,7.913986,99.201194,dra-67
unmatched,,กระบี่,คลองท่อม,บ้านทับควาย,,,7.913986,99.201194,dra-68
unmatched,,กระบี่,คลองท่อม,ดารุสลาม,,,7.913986,99.201194,dra-69
unmatched,,กระบี่,คลองท่อม,มุสลิมพัฒนา  (บ้านท้ายพรุ),,,7.913986,99.201194,dra-70
unmatched,,กระบี่,คลองท่อม,อิสลาอุลมุสลีมีน บ้านควนทึง,,,7.913986,99.201194,dra-71
unmatched,,กระบี่,คลองท่อม,ห้วยน้ำขาว,,,7.913986,99.201194,dra-72
unmatched,,กระบี่,คลองท่อม,บ้านน้ำร้อน,,,7.913986,99.201194,dra-73
unmatched,,กระบี่,คลองท่อม,ทุ่งเสม็ด,,,7.913986,99.201194,dra-74
unmatched,,กระบี่,คลองท่อม,บ้านควน,,,7.913986,99.201194,dra-75
unmatched,,กระบี่,คลองท่อม,บ้านท่าประดู่พัฒนา,,,7.913986,99.201194,dra-76
unmatched,,กระบี่,คลองท่อม,บ้านห้วยน้ำขาวนุ้ย,,,7.913986,99.201194,dra-77
unmatched,,กระบี่,คลองท่อม,บ้านห้วยน้ำขาวใหญ่,,,7.913986,99.201194,dra-78
unmatched,,กระบี่,คลองท่อม,นูรุ้นฮูดา,,,7.913986,99.201194,dra-79
unmatched,,กระบี่,คลองท่อม,นูรุลฮีดายะห์,,,7.913986,99.201194,dra-80
unmatched,,กระบี่,คลองท่อม,อันวารุดดีน,,,7.913986,99.201194,dra-81
unmatched,,กระบี่,คลองท่อม,บ้านนาใหม่,,,7.913986,99.201194,dra-82
unmatched,,กระบี่,คลองท่อม,อิสลาฮุดดีน,,,7.913986,99.201194,dra-83
unmatched,,กระบี่,คลองท่อม,อัลมูญาฮิดีน,,,7.913986,99.201194,dra-84
unmatched,,กระบี่,เมือง,หว่างคลอง,,,7.973616,98.839189,dra-85
review,75.0,กระบี่,เมือง,ตลาดเก่า (บ้านนานอก),มัสยิดบ้านนาตีน,node/6186080470,8.058944,98.808583,dra-86
unmatched,,กระบี่,เมือง,น้ำจาน,,,7.973616,98.839189,dra-87
unmatched,,กระบี่,เมือง,นู้รุลซอลละฮ. (เขาตั้ง),,,7.973616,98.839189,dra-88
unmatched,,กระบี่,เมือง,นุรุ้ลอิหม่าน,,,7.973616,98.839189,dra-89
unmatched,,กระบี่,เมือง,บ้านคลองเนีย,,,7.973616,98.839189,dra-90
unmatched,,กระบี่,เมือง,นูรุลอิสลามียะฮ์,,,7.973616,98.839189,dra-91
unmatched,,กระบี่,เมือง,มู่ยาฮีดีน,,,7.973616,98.839189,dra-92
unmatched,,กระบี่,เมือง,อิควาตุ้ลมุสลิมีน (บ้านตลาดเก่า),,,7.973616,98.839189,dra-93
unmatched,,กระบี่,เมือง,ย่านสะบ้า,,,7.973616,98.839189,dra-94
unmatched,,กระบี่,เมือง,ญัมอียยาตุลมุสลีมีน บ้านทุ่ง,,,7.973616,98.839189,dra-95
unmatched,,กระบี่,เมือง,บ้านสาไหนหนัง,,,7.973616,98.839189,dra-96
unmatched,,กระบี่,เมือง,บ้านเขาขาว,,,7.973616,98.839189,dra-97
unmatched,,กระบี่,เมือง,นุรุนหุดา  (บ้านไร่ยาว),,,7.973616,98.839189,dra-98
unmatched,,กระบี่,เมือง,ด่ารุลย่าดีด,,,7.973616,98.839189,dra-99
review,77.8,กระบี่,เมือง,นูรุลยันนะฮ์,มัสยิดนูหรุนยันน๊ะ,node/11377505508,8.07448,98.835927,dra-100
unmatched,,กระบี่,เมือง,นูญมุลมุฮาญีรีน,,,7.973616,98.839189,dra-101
unmatched,,กระบี่,เมือง,จำปาสระ,,,7.973616,98.839189,dra-102
unmatched,,กระบี่,เมือง,มะขามทอง,,,7.973616,98.839189,dra-103
unmatched,,กระบี่,เมือง,ประชาบำรุง,,,7.973616,98.839189,dra-104
unmatched,,กระบี่,เมือง,สันติประชาสรรค์,,,7.973616,98.839189,dra-105
unmatched,,กระบี่,เมือง,อิสลามท่าพรุ,,,7.973616,98.839189,dra-106
unmatched,,กระบี่,เมือง,ประชาพัฒนา,,,7.973616,98.839189,dra-107
unmatched,,กระบี่,เมือง,บ้านคลองกรวด,,,7.973616,98.839189,dra-108
unmatched,,กระบี่,เมือง,อัรเราะห์มาน,,,7.973616,98.839189,dra-109
unmatched,,กระบี่,เมือง,เกาะกลาง,,,7.973616,98.839189,dra-110
unmatched,,กระบี่,เมือง,คลองประสงค์,,,7.973616,98.839189,dra-111
unmatched,,กระบี่,เมือง,นูรุ้ลยากีน (บ้านคลองกำ),,,7.973616,98.839189,dra-112
unmatched,,กระบี่,เมือง,นูรรูนอิบาดะห์,,,7.973616,98.839189,dra-113
unmatched,,กระบี่,เมือง,บิลาลบินรอบาฮ์,,,7.973616,98.839189,dra-114
unmatched,,กระบี่,เมือง,นูรอตนอิสลาม (บ้านพระม่วง),,,7.973616,98.839189,dra-115
unmatched,,กระบี่,เมือง,มาดินะฮ์  กระบี่,,,7.973616,98.839189,dra-116
unmatched,,กระบี่,เมือง,คลองจิหลาด,,,7.973616,98.839189,dra-117
unmatched,,กระบี่,เมือง,อ่าวน้ำเมา,,,7.973616,98.839189,dra-118
unmatched,,กระบี่,เมือง,กลางประจำจังหวัดกระบี่ (หนองกก),,,7.973616,98.839189,dra-119
unmatched,,กระบี่,เมือง,บ้านคลองหิน,,,7.973616,98.839189,dra-121
unmatched,,กระบี่,เมือง,บ้านนาหัวนอน,,,7.973616,98.839189,dra-122
unmatched,,กระบี่,เมือง,หาต้าหรนยู่หมู่อ๊ะ (บ้านนานอก),,,7.973616,98.839189,dra-123
unmatched,,กระบี่,เมือง,นูรุลฮูดาห์,,,7.973616,98.839189,dra-124
unmatched,,กระบี่,เมือง,แหลมป้อง,,,7.973616,98.839189,dra-125
unmatched,,กระบี่,เมือง,บ้านในไร่ (บ้านไร่ใหญ่),,,7.973616,98.839189,dra-129
unmatched,,กระบี่,เมือง,บ้านหน้าหมี,,,7.973616,98.839189,dra-131
unmatched,,กระบี่,เมือง,บ้านเกาะกลาง,,,7.973616,98.839189,dra-132
unmatched,,กระบี่,เมือง,นูรุลลอฮ,,,7.973616,98.839189,dra-133
unmatched,,กระบี่,เมือง,บ้านดินแดงน้อย,,,7.973616,98.839189,dra-134
unmatched,,กระบี่,เมือง,บ้านอ่าวนาง (มูเนาวเราะห์),,,8.047092,98.814205,dra-136
unmatched,,กระบี่,เมือง,เกาะพีพี,,,8.047092,98.814205,dra-137
unmatched,,กระบี่,เมือง,บ้านช่องพลี (นูริ้นหยันน๊ะ),,,8.047092,98.814205,dra-138
unmatched,,กระบี่,เมือง,อัลมูวาฮีดีน,,,8.047092,98.814205,dra-139
unmatched,,กระบี่,เมืองกระบี่,อัลมูบาร๊อก(บ้านทะคลอง),,,7.973616,98.839189,dra-141
unmatched,,กระบี่,เมืองกระบี่,อะฮลิซซุนนะฮ,,,7.973616,98.839189,dra-142
unmatched,,กระบี่,เมืองกระบี่,ยามาอาตุ้ลอิสลาม(บ้านนาไทย),,,8.047092,98.814205,dra-143
unmatched,,กระบี่,ลำทับ,รอซีดะตุ้ลอิสลามียะห์ (บ้านเขาดิน),,,8.036257,99.326095,dra-144
unmatched,,กระบี่,เหนือคลอง,เกาะนภาคม  (นกคอม),,,8.005062,99.047033,dra-145
unmatched,,กระบี่,เหนือคลอง,ปัวะ,,,8.005062,99.047033,dra-146
unmatched,,กระบี่,เหนือคลอง,ติ่งไทร,,,8.005062,99.047033,dra-147
unmatched,,กระบี่,เหนือคลอง,บ้านนาเกาะไทร,,,8.005062,99.047033,dra-148
unmatched,,กระบี่,เหนือคลอง,อัลบอบาดีน (บ้านคลองแตะ),,,8.005062,99.047033,dra-149
unmatched,,กระบี่,เหนือคลอง,บ้านเกาะฮั่ง,,,8.005062,99.047033,dra-150
unmatched,,กระบี่,เหนือคลอง,บ้านหลังเกาะ,,,8.005062,99.047033,dra-151
unmatched,,กระบี่,เหนือคลอง,คลองหวายเล็ก,,,8.005062,99.047033,dra-152
unmatched,,กระบี่,เหนือคลอง,บ้านควน,,,8.005062,99.047033,dra-153
unmatched,,กระบี่,เหนือคลอง,คลองหมาก,,,8.005062,99.047033,dra-154
unmatched,,กระบี่,เหนือคลอง,ดารุ้ลมั๊วะซีนีน ( บ้านคลองแรด),,,8.005062,99.047033,dra-155
unmatched,,กระบี่,เหนือคลอง,บ้านแหลมกรวด,,,8.005062,99.047033,dra-156
unmatched,,กระบี่,เหนือคลอง,บ้านท่ายาง,,,8.005062,99.047033,dra-157
unmatched,,กระบี่,เหนือคลอง,ดารุลอามาล (บ้านห้วยโสก),,,8.005062,99.047033,dra-158
unmatched,,กระบี่,เหนือคลอง,ดารุลสลาม,,,8.005062,99.047033,dra-159
unmatched,,กระบี่,เหนือคลอง,อะฮ์ลิตตักวา (บ้านต้นทวย,,,8.005062,99.047033,dra-160
unmatched,,กระบี่,เหนือคลอง,คลองเขม้า,,,8.005062,99.047033,dra-161
unmatched,,กระบี่,เหนือคลอง,บ้านควนต่อ,,,8.005062,99.047033,dra-162
unmatched,,กระบี่,เหนือคลอง,ซอลาฮุดดีน บ้านนาวง,,,8.005062,99.047033,dra-163
review,75.0,กระบี่,เหนือคลอง,รียาฎุสซอลีฮีน,มัสยิดมูศ็อลลี,way/1332816666,7.990396,98.944687,dra-164
unmatched,,กระบี่,เหนือคลอง,คลองรั้ว,,,8.005062,99.047033,dra-165
unmatched,,กระบี่,เหนือคลอง,ตลิ่งชัน,,,8.005062,99.047033,dra-166
unmatched,,กระบี่,เหนือคลอง,คลองยวน,,,8.005062,99.047033,dra-167
unmatched,,กระบี่,เหนือคลอง,หลังคาคา,,,8.005062,99.047033,dra-168
unmatched,,กระบี่,เหนือคลอง,มูซอคลี บ้านปากหรา,,,8.005062,99.047033,dra-169
unmatched,,กระบี่,เหนือคลอง,ดารุนฮูดา (หาดยาว),,,8.005062,99.047033,dra-170
unmatched,,กระบี่,เหนือคลอง,นูหรนอิสลาม (บ้านหาดยาว),,,8.005062,99.047033,dra-171
unmatched,,กระบี่,เหนือคลอง,ดารุสลาม  (บ้านกลาง),,,8.005062,99.047033,dra-172
unmatched,,กระบี่,เหนือคลอง,บ้านไร่ใหญ่,,,8.005062,99.047033,dra-173
unmatched,,กระบี่,เหนือคลอง,ไสยโปะ,,,8.005062,99.047033,dra-174
unmatched,,กระบี่,เหนือคลอง,เหนือคลอง,,,8.005062,99.047033,dra-175
unmatched,,กระบี่,เหนือคลอง,บ้านนาออก,,,8.005062,99.047033,dra-176
unmatched,,กระบี่,เหนือคลอง,บ้านพรุเพ็ง,,,8.005062,99.047033,dra-177
unmatched,,กระบี่,เหนือคลอง,บ้านเขาแก้ว,,,8.005062,99.047033,dra-178
unmatched,,กระบี่,อ่าวลึก,นูรุ้ลยากีน บ้านนบใหม่,,,8.383274,98.770582,dra-179
unmatched,,กระบี่,อ่าวลึก,หนองหลุมพอ,,,8.383274,98.770582,dra-180
unmatched,,กระบี่,อ่าวลึก,สังคมอิสลาม (บ้านป่างาม),,,8.383274,98.770582,dra-181
unmatched,,กระบี่,อ่าวลึก,นูรุลฮีดายะห์ (หินลับ),,,8.383274,98.770582,dra-182
unmatched,,กระบี่,อ่าวลึก,นูรุลปาตะฮ์  (บ้านนบเก่า),,,8.383274,98.770582,dra-183
unmatched,,กระบี่,อ่าวลึก,นูรุลมุตตากีน (บ้านสายไฟฟาด),,,8.383274,98.770582,dra-184
unmatched,,กระบี่,อ่าวลึก,อิสลาฮุดดีน,,,8.383274,98.770582,dra-185
unmatched,,กระบี่,อ่าวลึก,นูรุลฮูดา,,,8.383274,98.770582,dra-186
unmatched,,กระบี่,อ่าวลึก,นูรุลมุตตากีน,,,8.383274,98.770582,dra-187
unmatched,,กระบี่,อ่าวลึก,บ้านเหนือคลอง,,,8.383274,98.770582,dra-188
unmatched,,กระบี่,อ่าวลึก,นูรุ้ลยามาอะห์,,,8.383274,98.770582,dra-189
unmatched,,กระบี่,อ่าวลึก,เร่าร่ออตุลอิสลาม,,,8.383274,98.770582,dra-191
unmatched,,กระบี่,อ่าวลึก,มิสบาฮุดดีน บ้านคลองทราย,,,8.383274,98.770582,dra-192
unmatched,,กระบี่,อ่าวลึก,สอลาฮุดดีน,,,8.383274,98.770582,dra-193
unmatched,,กระบี่,อ่าวลึก,อิซลาฮุดดีน,,,8.383274,98.770582,dra-194
unmatched,,กระบี่,อ่าวลึก,ด่าริลมูฮายีรน (บ้านนาแค),,,8.383274,98.770582,dra-195
unmatched,,กระบี่,อ่าวลึก,บ้านบ่อท่อ,,,8.383274,98.770582,dra-196
unmatched,,กระบี่,อ่าวลึก,บ้านบากัน,,,8.383274,98.770582,dra-197
unmatched,,กระบี่,อ่าวลึก,อ่าวลึกน้อย (บ้านนากัน),,,8.383274,98.770582,dra-198
unmatched,,กระบี่,อ่าวลึก,ดาริลอามาน (บ้านควนโอ),,,8.383274,98.770582,dra-199
unmatched,,กระบี่,อ่าวลึก,บ้านเขางาม,,,8.383274,98.770582,dra-200
unmatched,,กระบี่,อ่าวลึก,ดารุสลาม  (บ้านกลาง),,,8.383274,98.770582,dra-201
unmatched,,กระบี่,อ่าวลึก,นูรุลอิสลาม (บ้านนาเหนือ),,,8.383274,98.770582,dra-202
unmatched,,กระบี่,อ่าวลึก,อัฎดีนุ่นฮูดา (บ้านเหนือคลอง),,,8.383274,98.770582,dra-203
unmatched,,กระบี่,อ่าวลึก,นูรุลฮิดาย๊ะ,,,8.383274,98.770582,dra-204
unmatched,,กระบี่,อ่าวลึก,อัลอิมรอน (บ้านไร่ใหญ่),,,8.383274,98.770582,dra-205
unmatched,,กระบี่,อ่าวลึก,ดารุลกียามุตดีน,,,8.383274,98.770582,dra-206
unmatched,,กระบี่,อ่าวลึก,บ้านในยวน,,,8.383274,98.770582,dra-207
unmatched,,กรุงเทพมหานคร,คลองสาน,กูวติลอิสลาม (ตึกแดง),,,13.73298,100.498772,dra-210
unmatched,,กรุงเทพมหานคร,คลองสามวา,ดารุสสะอาด๊ะห์,,,13.873503,100.735088,dra-211
unmatched,,กรุงเทพมหานคร,คลองสามวา,กามาลุลอิสลาม,,,13.851028,100.772694,dra-212
unmatched,,กรุงเทพมหานคร,คลองสามวา,ฮีดาย่าตุลอิสลามมียะฮ์,,,13.851028,100.772694,dra-213
unmatched,,กรุงเทพมหานคร,คลองสามวา,อิควานุ้ลมุตตะกีน,,,13.851028,100.772694,dra-214
unmatched,,กรุงเทพมหานคร,คลองสามวา,กมาลุ้ลอีมาน (วังตาหนวด,,,13.851028,100.772694,dra-215
unmatched,,กรุงเทพมหานคร,คลองสามวา,ย่ามีอะห์,,,13.840111,100.700259,dra-216
unmatched,,กรุงเทพมหานคร,คลองสามวา,ยามีอุลนาดียะห์ (ลำกระโหลก),,,13.840111,100.700259,dra-217
unmatched,,กรุงเทพมหานคร,คลองสามวา,ดารุ้ลอิห์ซาน,,,13.888141,100.704847,dra-219
unmatched,,กรุงเทพมหานคร,คลองสามวา,ดารุ๊สลาม  (คลองแปด),,,13.898169,100.762289,dra-220
unmatched,,กรุงเทพมหานคร,คันนายาว,ยัมอียะตุ้นมุสลีมีน (สุเหร่าแดง),,,13.819434,100.688855,dra-221
unmatched,,กรุงเทพมหานคร,คันนายาว,อัลเอาว์ก๊อฟ  (กม.8),,,13.819434,100.688855,dra-222
unmatched,,กรุงเทพมหานคร,จอมทอง,นูรุ้ลยากีน (จอมทอง),,,13.689204,100.467843,dra-223
unmatched,,กรุงเทพมหานคร,ทุ่งครุ,อัตตักก์วา,,,13.6485,100.49406,dra-226
unmatched,,กรุงเทพมหานคร,ทุ่งครุ,ดารุ้ลอิบาดะห์,,,13.621061,100.496527,dra-227
unmatched,,กรุงเทพมหานคร,ทุ่งครุ,เนียะมะตุ้ลลอฮ์,,,13.621061,100.496527,dra-228
unmatched,,กรุงเทพมหานคร,ทุ่งครุ,ดารุนน่าอีม,,,13.621061,100.496527,dra-230
unmatched,,กรุงเทพมหานคร,ทุ่งครุ,คอลิดีน,,,13.621061,100.496527,dra-231
unmatched,,กรุงเทพมหานคร,ทุ่งครุ,อัลอิสตีกอมะห์,,,13.621061,100.496527,dra-232
unmatched,,กรุงเทพมหานคร,ทุ่งครุ,นูรุลหุดา,,,13.6485,100.49406,dra-233
unmatched,,กรุงเทพมหานคร,ทุ่งครุ,ดาริลหะซัน (สอนสมบูรณ์),,,13.6485,100.49406,dra-235
unmatched,,กรุงเทพมหานคร,ธนบุรี,สวนพลู,,,13.722246,100.486236,dra-236
unmatched,,กรุงเทพมหานคร,บางกระปิ,นู้รุ้ลอิบาด๊ะห์ (คลองตรง),,,13.756867,100.640007,dra-239
unmatched,,กรุงเทพมหานคร,บางกอกน้อย,กุฎีหลวง  (กุฎีเจ้าเซ็น),,,13.752993,100.476708,dra-240
ambiguous,100.0,กรุงเทพมหานคร,บางกอกใหญ่,ต้นสน,มัสยิดต้นสน,way/1211216333,13.740219,100.488503,dra-243
review,80.0,กรุงเทพมหานคร,บางกอกใหญ่,ดินฟัลลาห์ (กุฎีปลายนา),มัสยิดดิลฟัลลาห์,way/1211219548,13.737123,100.485566,dra-244
position,,กรุงเทพมหานคร,บางกะปิ,ริดวานุ้นอิสลาม  (คลองจั่น),,way/904633019,13.763784,100.634801,dra-245
unmatched,,กรุงเทพมหานคร,บางกะปิ,นูรุ้ลอิสลาม  (วังใหญ่),,,13.756867,100.640007,dra-247
unmatched,,กรุงเทพมหานคร,บางกะปิ,ยามิอุ้ลมุตตะกีน (ลำสาลี),,,13.756867,100.640007,dra-249
unmatched,,กรุงเทพมหานคร,บางกะปิ,ฟัตฮุ้ลบารี,,,13.756867,100.640007,dra-251
unmatched,,กรุงเทพมหานคร,บางคอแหลม,บางอุทิศ (แม่บาง),,,13.695968,100.498255,dra-252
unmatched,,กรุงเทพมหานคร,บางคอแหลม,อัลอะติ๊ก,,,13.695968,100.498255,dra-253
unmatched,,กรุงเทพมหานคร,บางคอแหลม,บาหยัน,,,13.705003,100.507664,dra-256
unmatched,,กรุงเทพมหานคร,บางคอแหลม,ญามีอุลค็อยร๊อต,,,13.705003,100.507664,dra-258
unmatched,,กรุงเทพมหานคร,บางพลัด,บางอ้อ (ดารุลอิหซาน),,,13.801175,100.505946,dra-259
review,81.8,กรุงเทพมหานคร,บางพลัด,ดารุลอิหซาน,มัสยิดดาอุ้ลอิหุซาน,way/376864636,13.802912,100.515484,dra-260
unmatched,,กรุงเทพมหานคร,บางรัก,นูรุ้ลนะชีฮะห์,,,13.723755,100.529794,dra-264
unmatched,,กรุงเทพมหานคร,บางรัก,นุรุ้ลอีหหม่าม (ต่วนโสสีลม),,,13.727935,100.528275,dra-265
unmatched,,กรุงเทพมหานคร,บีงกุ่ม,ยามิอุ้ลมุบตะดี,,,13.795397,100.662065,dra-266
unmatched,,กรุงเทพมหานคร,บึงกุ่ม,มิฟตาอฮุ้นยีนาน (ลำเจียก),,,13.795397,100.662065,dra-267
unmatched,,กรุงเทพมหานคร,บึงกุ่ม,อัสสลาม (คลองกุ่ม),,,13.795397,100.662065,dra-268
unmatched,,กรุงเทพมหานคร,ประเวศ,อ้ามาน่าตุ้ลอิสลาม,,,13.716489,100.680162,dra-271
unmatched,,กรุงเทพมหานคร,ประเวศ,ย่ามีลุ้ลอิสลาม  (จรเข้ขบ),,,13.716489,100.680162,dra-272
unmatched,,กรุงเทพมหานคร,ประเวศ,อัลอ้าลาวี  (บ้านม้า),,,13.716489,100.680162,dra-273
unmatched,,กรุงเทพมหานคร,ประเวศ,นูรุ้ลอิบาดะห์ (หนองบอน),,,13.716489,100.680162,dra-274
unmatched,,กรุงเทพมหานคร,ประเวศ,ยามิอุ้ลอิบาดะห์,,,13.716489,100.680162,dra-275
unmatched,,กรุงเทพมหานคร,ประเวศ,ดารุ้ลมุตตากีน,,,13.716489,100.680162,dra-276
unmatched,,กรุงเทพมหานคร,ประเวศ,กามาลุลอีมาน,,,13.716489,100.680162,dra-277
unmatched,,กรุงเทพมหานคร,ประเวศ,อัสสอาดะห์,,,13.716489,100.680162,dra-278
unmatched,,กรุงเทพมหานคร,ประเวศ,อารุ้ลมูนีร,,,13.716489,100.680162,dra-279
unmatched,,กรุงเทพมหานคร,ประเวศ,อัลบะเราะกะฮ์,,,13.716489,100.680162,dra-280
unmatched,,กรุงเทพมหานคร,ประเวศ,เอี๊ยะห์ยาอิ้ลอิสลาม,,,13.716489,100.680162,dra-281
unmatched,,กรุงเทพมหานคร,ประเวศ,อันวาริซซุนนะห์,,,13.685753,100.655532,dra-282
unmatched,,กรุงเทพมหานคร,ประเวศ,เราะห์มาตุ้ลอิสลาม,,,13.685753,100.655532,dra-283
unmatched,,กรุงเทพมหานคร,มีนบุรี,ซอลีฮุสสลาม  (บางชัน),,,13.805155,100.723012,dra-287
unmatched,,กรุงเทพมหานคร,มีนบุรี,อัตตั๊กวา(คลองสองต้นนุ่น),,,13.805155,100.723012,dra-288
unmatched,,กรุงเทพมหานคร,มีนบุรี,ซีรอยุดดีน (บ้านเกาะบัวขาว),,,13.805155,100.723012,dra-289
unmatched,,กรุงเทพมหานคร,มีนบุรี,นูรุ้ลฮูดา (คลองสองต้นนุ่น),,,13.805155,100.723012,dra-291
unmatched,,กรุงเทพมหานคร,มีนบุรี,อะห์ลิสซุนนะห์วั้ลยะมาอะห์,,,13.805155,100.723012,dra-292
unmatched,,กรุงเทพมหานคร,มีนบุรี,นูรุ้ลญันนะฮ์,,,13.805155,100.723012,dra-293
unmatched,,กรุงเทพมหานคร,มีนบุรี,อัลฮุดา,,,13.812374,100.771838,dra-294
unmatched,,กรุงเทพมหานคร,มีนบุรี,อิดฮาดร์อูลูมุดดิน,,,13.812374,100.771838,dra-295
unmatched,,กรุงเทพมหานคร,มีนบุรี,เราะหมาตุ้ลอิสลามมียะห์,,,13.812374,100.771838,dra-296
unmatched,,กรุงเทพมหานคร,มีนบุรี,อัลบุซรอ,,,13.812374,100.771838,dra-298
unmatched,,กรุงเทพมหานคร,มีนบุรี,นูรุลฮีดายะห์  (ไผ่เหลือง),,,13.812374,100.771838,dra-299
unmatched,,กรุงเทพมหานคร,มีนบุรี,กมาลุ้ลเอียะห์ซาน,,,13.812374,100.771838,dra-300
unmatched,,กรุงเทพมหานคร,มีนบุรี,อันนูรอยน์  (บึงขวาง),,,13.812374,100.771838,dra-301
unmatched,,กรุงเทพมหานคร,มีนบุรี,อัลมาดานี,,,13.812374,100.771838,dra-302
unmatched,,กรุงเทพมหานคร,ยานนาวา,ดารุ้ลมุสลิมิน (กลิ่นชื่นอุปถัมภ์),,,13.697582,100.541782,dra-303
unmatched,,กรุงเทพมหานคร,ยานนาวา,สิวาอุ้ลอิสลาม (สาธุประดิษฐ์),,,13.684482,100.533485,dra-304
unmatched,,กรุงเทพมหานคร,ราชเทวี,เนียะมาตุ้ลอิสลาม (มักกะสัน),,,13.753204,100.530083,dra-305
unmatched,,กรุงเทพมหานคร,ราชเทวี,ซูลูกุ้ลมุตตากีน,,,13.761098,100.54198,dra-308
unmatched,,กรุงเทพมหานคร,ลาดกระบัง,ดารุ้ลมูฮายีรีน (ทับยาว),,,13.729842,100.853887,dra-310
unmatched,,กรุงเทพมหานคร,ลาดกระบัง,ดารุ้ลมกีน  (พระยาเพชร),,,13.729842,100.853887,dra-312
unmatched,,กรุงเทพมหานคร,ลาดกระบัง,ซีรอตุ้ลญันนะห์,,,13.729842,100.853887,dra-313
unmatched,,กรุงเทพมหานคร,ลาดกระบัง,น่าฟีอ๊ะฮ์  (ลำนายโส),,,13.752771,100.722845,dra-314
unmatched,,กรุงเทพมหานคร,ลาดกระบัง,ดารุ้ลมูฮิบบีน (แม่จันทร์),,,13.752771,100.722845,dra-315
unmatched,,กรุงเทพมหานคร,ลาดกระบัง,อันนูร,,,13.752771,100.722845,dra-316
unmatched,,กรุงเทพมหานคร,วังทองหลาง,ฮิดาย่าตุ้ลอิสลาม (ดอนสะแก),,,13.778469,100.599191,dra-317
unmatched,,กรุงเทพมหานคร,วัฒนา,ฮีดาย่าตุ้ลอิสลาม (สามอิน),,,13.723368,100.571149,dra-318
unmatched,,กรุงเทพมหานคร,วัฒนา,ดารุ้ลมุห์ซีนิน (บ้านดอน),,,13.723368,100.571149,dra-319
unmatched,,กรุงเทพมหานคร,วัฒนา,ดอฮีรุลอิสลาม (ทองหล่อ),,,13.723368,100.571149,dra-320
unmatched,,กรุงเทพมหานคร,วัฒนา,อัลคอยรียะห์  (นวลน้อย),,,13.723368,100.571149,dra-321
unmatched,,กรุงเทพมหานคร,วัฒนา,ยะมีอุ้ลอิสลาม (บางมะเขือ),,,13.710366,100.588921,dra-322
unmatched,,กรุงเทพมหานคร,วัฒนา,บัดรู้ลมุมีนิน (ศาลาลอย),,,13.710366,100.588921,dra-323
unmatched,,กรุงเทพมหานคร,สวนหลวง,อัลเอี๊ยะติซอม  (หัวป่า),,,13.732373,100.640618,dra-324
unmatched,,กรุงเทพมหานคร,สวนหลวง,ยามิอุ้ลอิสลาม,,,13.729006,100.616368,dra-326
review,75.8,กรุงเทพมหานคร,สวนหลวง,นูรุลอิสลาม (บ้านป่า),ตัรบียะตุ้ลอิสลาม,way/1395669298,13.724092,100.627422,dra-327
unmatched,,กรุงเทพมหานคร,สวนหลวง,ยามิอุ้นอิดฮาด (หัวหมากใหญ่),,,13.729006,100.616368,dra-328
unmatched,,กรุงเทพมหานคร,สวนหลวง,ม่านาฟีอุลอิสลาม (คลองกะจะ),,,13.729006,100.616368,dra-329
unmatched,,กรุงเทพมหานคร,สวนหลวง,อันวารุ้ลอับร๊อต,,,13.729006,100.616368,dra-330
unmatched,,กรุงเทพมหานคร,สวนหลวง,ดารุ้ลอามีน,,,13.729006,100.616368,dra-331
unmatched,,กรุงเทพมหานคร,สวนหลวง,ริยาดุลซอลิฮีน,,,13.729006,100.616368,dra-333
unmatched,,กรุงเทพมหานคร,สวนหลวง,เราฎ่อติ้ลญันนะฮ์,,,13.729006,100.616368,dra-334
unmatched,,กรุงเทพมหานคร,สวนหลวง,อัลอิศลาห์,,,13.729006,100.616368,dra-335
unmatched,,กรุงเทพมหานคร,สะพานสูง,เนี๊ยะม่าตุ้ลอิสลาม(ทับช้างล่าง),,,13.769378,100.680861,dra-336
unmatched,,กรุงเทพมหานคร,สะพานสูง,อัลยุซรอ,,,13.769378,100.680861,dra-337
unmatched,,กรุงเทพมหานคร,สะพานสูง,ย่ามีลุ้ลอิบาดะห์ (ลาดบัวขาว),,,13.769378,100.680861,dra-338
unmatched,,กรุงเทพมหานคร,สะพานสูง,นูรุ้ลเอี๊ยะซาน (ทับช้างบน),,,13.769378,100.680861,dra-339
unmatched,,กรุงเทพมหานคร,สะพานสูง,คอนริสซุนนะห์,,,13.769378,100.680861,dra-340
unmatched,,กรุงเทพมหานคร,สะพานสูง,ดารุนนาอีม,,,13.769378,100.680861,dra-341
unmatched,,กรุงเทพมหานคร,สะพานสูง,กันซุ้ลญันนะฮ์,,,13.769378,100.680861,dra-342
unmatched,,กรุงเทพมหานคร,สะพานสูง,อิบาดิรเราะห์มาน,,,13.769378,100.680861,dra-343
unmatched,,กรุงเทพมหานคร,หนองจอก,อินดารุ้ลมีนา,,,13.822137,100.893562,dra-345
unmatched,,กรุงเทพมหานคร,หนองจอก,ดารุ้ลกอนี (สุเหร่าต้นโพธิ์),,,13.822137,100.893562,dra-346
unmatched,,กรุงเทพมหานคร,หนองจอก,นุรุลยะกีน  (ท่าไข่),,,13.822137,100.893562,dra-347
unmatched,,กรุงเทพมหานคร,หนองจอก,อัลฮาดีย์,,,13.822137,100.893562,dra-348
unmatched,,กรุงเทพมหานคร,หนองจอก,อัลอิศลาห,,,13.822137,100.893562,dra-349
unmatched,,กรุงเทพมหานคร,หนองจอก,ดาริสซุนนะห์,,,13.822137,100.893562,dra-350
unmatched,,กรุงเทพมหานคร,หนองจอก,ดารุ้ลมู่ฮิบบีน (สนามกลางลำ),,,13.912137,100.821983,dra-351
unmatched,,กรุงเทพมหานคร,หนองจอก,อัลฟาลาฮ  (คลองเก้า),,,13.912137,100.821983,dra-352
unmatched,,กรุงเทพมหานคร,หนองจอก,สะฟีรุสซาลาม (คลองสิบ),,,13.912137,100.821983,dra-353
unmatched,,กรุงเทพมหานคร,หนองจอก,ดารุ้ลฮ่าซ่านัย (คลองสิบเอ็ด),,,13.912137,100.821983,dra-355
unmatched,,กรุงเทพมหานคร,หนองจอก,บิดาย่าตุ้ลฮีดายะห์,,,13.912985,100.881669,dra-357
unmatched,,กรุงเทพมหานคร,หนองจอก,อัลเอี๊ยะห์ซาน (ลำเจดีย์),,,13.872714,100.80973,dra-358
unmatched,,กรุงเทพมหานคร,หนองจอก,ดารุ้ลน่าฮีม (แบนชะโด),,,13.872714,100.80973,dra-359
unmatched,,กรุงเทพมหานคร,หนองจอก,นูรุลอิสลาม  (บ้านนาตับ),,,13.832719,100.827425,dra-361
unmatched,,กรุงเทพมหานคร,หนองจอก,นูรุสสะลาม  (คู้น้อย),,,13.832719,100.827425,dra-362
unmatched,,กรุงเทพมหานคร,หนองจอก,อัลยามิอะห์  (ลำอีรั้ว),,,13.832719,100.827425,dra-363
unmatched,,กรุงเทพมหานคร,หนองจอก,คอยรุกตั๊กวา  (ลำไทร,,,13.832719,100.827425,dra-364
unmatched,,กรุงเทพมหานคร,หนองจอก,ดารุสสะลาม (เจียรดับใหญ่),,,13.832719,100.827425,dra-367
unmatched,,กรุงเทพมหานคร,หนองจอก,เนี๊ยะมาตุ้ลมักบูลีน (แบนใหญ่),,,13.832719,100.827425,dra-368
unmatched,,กรุงเทพมหานคร,หนองจอก,ยะมีอุ้ลมุตตะกีน (ลำหินใต้),,,13.832719,100.827425,dra-369
unmatched,,กรุงเทพมหานคร,หนองจอก,ซอลิฮู้ลมุสลีมีน (ลำต้นกล้วย),,,13.832719,100.827425,dra-370
unmatched,,กรุงเทพมหานคร,หนองจอก,นู้รุ้ลเอี๊ยะซาน  (ลำตาจีน),,,13.832719,100.827425,dra-372
unmatched,,กรุงเทพมหานคร,หนองจอก,อิบาดุ้ลมุอมิน,,,13.832719,100.827425,dra-373
unmatched,,กรุงเทพมหานคร,หนองจอก,ดารุสอะมาน,,,13.842009,100.862966,dra-374
unmatched,,กรุงเทพมหานคร,หนองจอก,นูรอกอดีม (ลำต้อยติ่ง),,,13.842009,100.862966,dra-375
unmatched,,กรุงเทพมหานคร,หนองจอก,นูรุลลอห์  (ลำโขล่),,,13.77894,100.874139,dra-376
unmatched,,กรุงเทพมหานคร,หนองจอก,ยำอุลคิวาน (ลำมดตะนอย),,,13.77894,100.874139,dra-377
unmatched,,กรุงเทพมหานคร,หนองจอก,ดารุลซอลีฮีน (คลองสอง),,,13.77894,100.874139,dra-378
unmatched,,กรุงเทพมหานคร,หนองจอก,ดารุ้นน่าซีฮะห์  (ลำแขก),,,13.797164,100.840682,dra-379
unmatched,,กรุงเทพมหานคร,หนองจอก,ฮาซารุดดีน   (ศาลาแดง),,,13.869837,100.867159,dra-380
unmatched,,กรุงเทพมหานคร,หนองจอก,นูรุดดีน  (บ้านเกาะคลอง 13),,,13.869837,100.867159,dra-381
unmatched,,กรุงเทพมหานคร,หนองจอก,ดารุลนาอิ่ม  (สุเหร่าใหม่),,,13.869837,100.867159,dra-383
unmatched,,กรุงเทพมหานคร,หนองจอก,ดารุ๊สซุนนี (กระทุ่มราย),,,13.869837,100.867159,dra-384
unmatched,,กรุงเทพมหานคร,หนองจอก,ซอลาฮุลดีน (ร.ร.ศาสนาศึกษา),,,13.869837,100.867159,dra-385
unmatched,,กรุงเทพมหานคร,หนองจอก,ซอลิฮุ้ลอิสลาม  (บึงเตย),,,13.869837,100.867159,dra-386
unmatched,,กรุงเทพมหานคร,หนองจอก,ดารุลมุมินีน  (คู้ฝังเหนือ),,,13.869837,100.867159,dra-387
unmatched,,กรุงเทพมหานคร,หนองจอก,อัรเราะห์มาน (หนองปลาหมอ),,,13.869837,100.867159,dra-388
unmatched,,กรุงเทพมหานคร,หนองจอก,อัสซายิดีน,,,13.869837,100.867159,dra-389
unmatched,,กรุงเทพมหานคร,หนองจอก,อิบรอฮีม,,,13.869837,100.867159,dra-390
unmatched,,กรุงเทพมหานคร,หนองจอก,อุบัรอิบนุ้ลค๊อฏฏ๊อบ,,,13.869837,100.867159,dra-391
unmatched,,กรุงเทพมหานคร,ห้วยขวาง,อิมาร่อตุ๊ดดีน (คลองลาดพร้าว),,,13.782629,100.584635,dra-392
unmatched,,กรุงเทพมหานคร,ห้วยขวาง,ดารุ้ลมู่ฮายีรีน  (ห้วยขวาง),,,13.771785,100.575784,dra-393
unmatched,,กาญจนบุรี,ทองผาภูมิ,อัลอามีน ทองผาภูมิ,,,14.859013,98.620821,dra-394
unmatched,,กาญจนบุรี,ทองผาภูมิ,อะฮ์ลิสซุนนะห์,,,14.859013,98.620821,dra-395
unmatched,,กาญจนบุรี,ท่าม่วง,ตักวา มัสยิดกลางประจำจังหวัด,,,13.930352,99.594535,dra-396
unmatched,,กาญจนบุรี,ท่ามะกา,นูรุ้ลอิสลาม,,,13.957899,99.775969,dra-397
unmatched,,กาญจนบุรี,ไทรโยค,อัลมูฮายีรีน,,,14.238205,98.927676,dra-398
unmatched,,กาญจนบุรี,เมือง,อิ๊ตตราติ้ลรซูล,,,14.05149,99.306701,dra-399
unmatched,,กาญจนบุรี,สังขละบุรี,ฎิยาอุ้ลอิสลาม,,,15.256954,98.536568,dra-400
unmatched,,กาฬสินธุ์,เมือง,ยะมีอะตุลอิสลาม,,,16.503952,103.560577,dra-401
unmatched,,กาฬสินธุ์,สมเด็จ,อัลฮายาต,,,16.782567,103.770905,dra-402
review,83.6,กำแพงเพชร,เมือง,ญันนะตุ้ล มุฮมินีน,มัสยิดญันนะตุ้ล มุฮฺมีนีน กำแพงเพชร,way/1320735392,16.516265,99.515009,dra-403
unmatched,,ขอนแก่น,ชุมแพ,ยามาอาตุ้ล อิสลามชุมแพ,,,16.657845,102.123323,dra-404
unmatched,,ขอนแก่น,น้ำพอง,นูรุ้ลอิสลาม,,,16.69736,102.867504,dra-405
unmatched,,ขอนแก่น,บ้านไผ่,ดารุลอามาน,,,16.031766,102.773891,dra-406
unmatched,,ขอนแก่น,เมือง,กลางขอนแก่น,,,16.427303,102.825539,dra-407
unmatched,,ขอนแก่น,เมือง,นูรุลฮิดายะห์ (คุ้มหนองคู),,,16.440085,102.840208,dra-408
unmatched,,ขอนแก่น,หนองเรือ,นูรุ้ลรอฮีม,,,16.490999,102.434069,dra-409
unmatched,,จันทบุรี,แก่งหางแมว,นูรุ้ลการีม,,,13.083694,101.871434,dra-410
unmatched,,จันทบุรี,เมือง,ยันน่าตุ้ลมูฮายีรีน,,,12.629824,102.117087,dra-411
unmatched,,ฉะเชิงเทรา,บางน้ำเปรี้ยว,บุสตานุ้ลอารีฟีน,,,13.869388,101.033708,dra-412
unmatched,,ฉะเชิงเทรา,บางน้ำเปรี้ยว,ดารุ้ลเอี๊ยะซาน,,,13.869388,101.033708,dra-413
unmatched,,ฉะเชิงเทรา,บางน้ำเปรี้ยว,บัยตุ้ลเอี๊ยะชาน,,,13.869388,101.033708,dra-414
unmatched,,ฉะเชิงเทรา,บางน้ำเปรี้ยว,อัลฮุศนา,,,13.869388,101.033708,dra-415
unmatched,,ฉะเชิงเทรา,บางน้ำเปรี้ยว,นูรุ้ลฮีดายะห์,,,13.869388,101.033708,dra-416
unmatched,,ฉะเชิงเทรา,บางน้ำเปรี้ยว,ดารุนมุตตะกีน,,,13.869388,101.033708,dra-417
unmatched,,ฉะเชิงเทรา,บางน้ำเปรี้ยว,บายานุดดีน,,,13.869388,101.033708,dra-418
unmatched,,ฉะเชิงเทรา,บางน้ำเปรี้ยว,นูรุ้ลฮุดา,,,13.869388,101.033708,dra-419
unmatched,,ฉะเชิงเทรา,บางน้ำเปรี้ยว,ดารุ้ซซ่าอาดะห์,,,13.869388,101.033708,dra-420
unmatched,,ฉะเชิงเทรา,บางน้ำเปรี้ยว,ซีอารุลอิสลาม,,,13.869388,101.033708,dra-421
unmatched,,ฉะเชิงเทรา,บางน้ำเปรี้ยว,ใบติ๊กตั๊กวา,,,13.869388,101.033708,dra-422
unmatched,,ฉะเชิงเทรา,บางน้ำเปรี้ยว,ดารุสสลาม,,,13.869388,101.033708,dra-423
unmatched,,ฉะเชิงเทรา,บางน้ำเปรี้ยว,อั๊ตตั๊กวา,,,13.869388,101.033708,dra-424
unmatched,,ฉะเชิงเทรา,บางน้ำเปรี้ยว,นาซีฮาตุสซุนนะห์,,,13.869388,101.033708,dra-425
unmatched,,ฉะเชิงเทรา,บางน้ำเปรี้ยว,คอยรุ้ลอาบีดีน,,,13.869388,101.033708,dra-426
unmatched,,ฉะเชิงเทรา,บางน้ำเปรี้ยว,ดารุ้ลอันซ๊อร,,,13.869388,101.033708,dra-427
unmatched,,ฉะเชิงเทรา,บางน้ำเปรี้ยว,อัลฟาติฮะห์,,,13.869388,101.033708,dra-428
unmatched,,ฉะเชิงเทรา,บางน้ำเปรี้ยว,ดารุลศ่อฮาบะฮ์,,,13.869388,101.033708,dra-429
unmatched,,ฉะเชิงเทรา,บางน้ำเปรี้ยว,ดิยาอุ้ลอิสลาม,,,13.869388,101.033708,dra-430
unmatched,,ฉะเชิงเทรา,บางน้ำเปรี้ยว,อะหมัดซาซุนลียะห์,,,13.869388,101.033708,dra-431
unmatched,,ฉะเชิงเทรา,บางน้ำเปรี้ยว,อั้ลยุสรอ  แคราย,,,13.869388,101.033708,dra-432
unmatched,,ฉะเชิงเทรา,บางน้ำเปรี้ยว,อัซซอดิก (ซันอะซ์),,,13.869388,101.033708,dra-433
unmatched,,ฉะเชิงเทรา,บางน้ำเปรี้ยว,นูรุ้ลอะมีน,,,13.869388,101.033708,dra-434
unmatched,,ฉะเชิงเทรา,บางน้ำเปรี้ยว,ดอนทอง,,,13.869388,101.033708,dra-435
unmatched,,ฉะเชิงเทรา,บางน้ำเปรี้ยว,นูรุ้ลอิบาดะห์,,,13.869388,101.033708,dra-436
unmatched,,ฉะเชิงเทรา,บางน้ำเปรี้ยว,ตารุ่นอับรอ,,,13.869388,101.033708,dra-437
unmatched,,ฉะเชิงเทรา,บางน้ำเปรี้ยว,อิศลาฮู้ลกุลูบ,,,13.869388,101.033708,dra-438
unmatched,,ฉะเชิงเทรา,บางน้ำเปรี้ยว,อัลคอยรียะห์,,,13.869388,101.033708,dra-439
unmatched,,ฉะเชิงเทรา,บางน้ำเปรี้ยว,นูรุดดีน,,,13.869388,101.033708,dra-440
unmatched,,ฉะเชิงเทรา,บางน้ำเปรี้ยว,มัจยมอู้อิสลาม,,,13.869388,101.033708,dra-441
unmatched,,ฉะเชิงเทรา,บางน้ำเปรี้ยว,ดารุ้ลอีบาดะห์,,,13.869388,101.033708,dra-442
unmatched,,ฉะเชิงเทรา,บางน้ำเปรี้ยว,ดารุนนาอีม,,,13.869388,101.033708,dra-443
unmatched,,ฉะเชิงเทรา,บางน้ำเปรี้ยว,ดีนุ้ลก็อยยีมะห์,,,13.869388,101.033708,dra-444
unmatched,,ฉะเชิงเทรา,บางน้ำเปรี้ยว,ดารุ้ลมะอ์วา,,,13.869388,101.033708,dra-445
unmatched,,ฉะเชิงเทรา,บางน้ำเปรี้ยว,นูรุ้ลมูฮำมะดียะห์,,,13.869388,101.033708,dra-446
unmatched,,ฉะเชิงเทรา,บางน้ำเปรี้ยว,เราฎ่อตุ้ลญีนาน,,,13.869388,101.033708,dra-447
unmatched,,ฉะเชิงเทรา,บางน้ำเปรี้ยว,กูว่าติ้ลอิสลาม,,,13.869388,101.033708,dra-448
unmatched,,ฉะเชิงเทรา,บางน้ำเปรี้ยว,นูรูสซุนนะห์,,,13.869388,101.033708,dra-449
unmatched,,ฉะเชิงเทรา,บางน้ำเปรี้ยว,ก้ามาลุ้ลอิสลาม,,,13.869388,101.033708,dra-450
unmatched,,ฉะเชิงเทรา,บางน้ำเปรี้ยว,ดีนุ้ลอิสลาม,,,13.869388,101.033708,dra-451
unmatched,,ฉะเชิงเทรา,บางน้ำเปรี้ยว,อัลอัซฮาร์,,,13.869388,101.033708,dra-452
unmatched,,ฉะเชิงเทรา,บางน้ำเปรี้ยว,ยามีอัลคอยรอติ้ลอิสลาม,,,13.869388,101.033708,dra-453
unmatched,,ฉะเชิงเทรา,บางน้ำเปรี้ยว,ดารุ้ลเอี๊ยะติซอม,,,13.869388,101.033708,dra-454
unmatched,,ฉะเชิงเทรา,บางน้ำเปรี้ยว,อันนูร,,,13.869388,101.033708,dra-455
unmatched,,ฉะเชิงเทรา,บางน้ำเปรี้ยว,อัลฟรุกอน,,,13.869388,101.033708,dra-456
unmatched,,ฉะเชิงเทรา,บางน้ำเปรี้ยว,ดารุ้ลค็อยร๊อต,,,13.869388,101.033708,dra-457
unmatched,,ฉะเชิงเทรา,บางน้ำเปรี้ยว,มัสลีฮาตุ้ลมุสลีมีน,,,13.869388,101.033708,dra-458
unmatched,,ฉะเชิงเทรา,บางน้ำเปรี้ยว,ยามิอุ้ลคอยรอต,,,13.869388,101.033708,dra-459
unmatched,,ฉะเชิงเทรา,บางน้ำเปรี้ยว,คอยรุ้ลอามีลีน,,,13.869388,101.033708,dra-460
unmatched,,ฉะเชิงเทรา,บางน้ำเปรี้ยว,ย่ามาอะตุ้ลอิสลาม,,,13.869388,101.033708,dra-461
unmatched,,ฉะเชิงเทรา,บางน้ำเปรี้ยว,อัลอิศลาห,,,13.869388,101.033708,dra-462
unmatched,,ฉะเชิงเทรา,บางปะกง,เนียะมะตุ้ลอิสลาม ปีกกา,,,13.548122,100.961426,dra-463
unmatched,,ฉะเชิงเทรา,บ้านโพธิ์,ยัมอี๊ตุลอิสลาม,,,13.626021,101.091889,dra-464
unmatched,,ฉะเชิงเทรา,บ้านโพธิ์,ดุ้ลวาตอนียะห์,,,13.626021,101.091889,dra-465
unmatched,,ฉะเชิงเทรา,บ้านโพธิ์,ดารุ้ลอาบีดีน,,,13.626021,101.091889,dra-466
unmatched,,ฉะเชิงเทรา,บ้านโพธิ์,อัลฮาดี,,,13.626021,101.091889,dra-467
unmatched,,ฉะเชิงเทรา,แปลงยาว,อัลบุซรอ,,,13.550025,101.353114,dra-468
unmatched,,ฉะเชิงเทรา,เมือง,มัจมาอุลอิบาดะห์,,,13.717604,100.999618,dra-469
unmatched,,ฉะเชิงเทรา,เมือง,อัลวารุ้ลอิสลามสมอเซ,,,13.717604,100.999618,dra-470
unmatched,,ฉะเชิงเทรา,เมือง,มูรอกีบุ้ลอิสลามลาดน้ำขาว,,,13.717604,100.999618,dra-471
unmatched,,ฉะเชิงเทรา,เมือง,ซอลี่ฮุ้นอิสลามเปร็ง,,,13.717604,100.999618,dra-472
unmatched,,ฉะเชิงเทรา,เมือง,ลี่วาอิ้ลฮัมดิ์,,,13.717604,100.999618,dra-473
unmatched,,ฉะเชิงเทรา,เมือง,เราะห์มาตุ้ลอิสลาม,,,13.717604,100.999618,dra-474
unmatched,,ฉะเชิงเทรา,เมือง,อัลอิกรอม,,,13.717604,100.999618,dra-475
unmatched,,ฉะเชิงเทรา,เมือง,กลางประจำจังหวัดฉะเชิงเทรา,,,13.717604,100.999618,dra-476
unmatched,,ฉะเชิงเทรา,เมือง,อิมาด๊ะห์มุสลิน (ยกเลิก),,,13.717604,100.999618,dra-478
unmatched,,ชลบุรี,เกาะจันทร์,ดารุ้ลยันนะห์,,,13.403474,101.409989,dra-479
unmatched,,ชลบุรี,เกาะจันทร์,ฮารูณมุสตอฟา,,,13.403474,101.409989,dra-480
unmatched,,ชลบุรี,บ่อทอง,เอี๊ยะซานุ้ลอิบาดะห์,,,13.230987,101.493247,dra-481
unmatched,,ชลบุรี,บ่อทอง,ดารุ้ลฮาดียะห์,,,13.230987,101.493247,dra-482
unmatched,,ชลบุรี,บ่อทอง,ดารุ้ลอีมาน,,,13.230987,101.493247,dra-483
unmatched,,ชลบุรี,บ่อทอง,ดารุ้ลมู่ฮายีรีน,,,13.230987,101.493247,dra-484
unmatched,,ชลบุรี,บางละมุง,นูรุ้ลมูก๊อรรอบีน,,,12.92117,100.875264,dra-485
unmatched,,ชลบุรี,บางละมุง,นูรุลยากีน,,,12.92117,100.875264,dra-488
unmatched,,ชลบุรี,บางละมุง,ดารุ้ลอับร้อร,,,12.92117,100.875264,dra-490
unmatched,,ชลบุรี,บางละมุง,แซ็คมูฮำหมัดอาลี,,,12.92117,100.875264,dra-491
unmatched,,ชลบุรี,บางละมุง,ยามีอุ้ลอิสลาม,,,12.92117,100.875264,dra-492
unmatched,,ชลบุรี,บางละมุง,ดารุ้ลฟาอีซีน,,,12.92117,100.875264,dra-493
unmatched,,ชลบุรี,พนัสนิคม,อัลอิตติฟากียะฮ์,,,13.451615,101.240074,dra-494
unmatched,,ชลบุรี,พนัสนิคม,ดารุสซิดดีกีน,,,13.451615,101.240074,dra-495
unmatched,,ชลบุรี,พนัสนิคม,ฮิดาย่าตุ้ลมุสลีมีน,,,13.451615,101.240074,dra-496
unmatched,,ชลบุรี,พนัสนิคม,อัลฮุซนา,,,13.451615,101.240074,dra-497
unmatched,,ชลบุรี,พนัสนิคม,มิฟตาฮุ้นยีนาน,,,13.451615,101.240074,dra-498
unmatched,,ชลบุรี,พนัสนิคม,ดารุสซอลีฮีน,,,13.451615,101.240074,dra-499
unmatched,,ชลบุรี,พนัสนิคม,อัลอิตติฮาดียะห์,,,13.451615,101.240074,dra-500
unmatched,,ชลบุรี,พนัสนิคม,นูรุ้ลฮีดายะห์,,,13.451615,101.240074,dra-501
unmatched,,ชลบุรี,เมือง,มัสยิดกลางจังหวัดชลบุรี,,,13.351313,100.987369,dra-502
unmatched,,ชลบุรี,ศรีราชา,อัลอิตติฮาต,,,13.049762,101.094724,dra-503
unmatched,,ชลบุรี,ศรีราชา,นูรุ้ลอิสลาม,,,13.049762,101.094724,dra-504
unmatched,,ชลบุรี,ศรีราชา,สลาม่าตุ้ลเลาะห์,,,13.141251,100.958779,dra-505
unmatched,,ชลบุรี,ศรีราชา,อาลียิ้ลกามีลัย,,,13.141251,100.958779,dra-506
unmatched,,ชลบุรี,ศรีราชา,อัลฟุรกอน,,,13.141251,100.958779,dra-507
unmatched,,ชลบุรี,สัตหีบ,อัลฮุดา,,,12.687399,100.856562,dra-508
unmatched,,ชัยนาท,เมือง,มู่ฮำม่าดียะห์,,,15.189428,100.167043,dra-509
unmatched,,ชัยภูมิ,แก้งคร้อ,ดารุสสลาม,,,16.133935,102.227501,dra-510
unmatched,,ชัยภูมิ,จัตุรัส,ดารุชซารีฟ,,,15.566066,101.851106,dra-511
unmatched,,ชัยภูมิ,ภูเขียว,อัซฟาอะฮ์ ภูเขียว,,,16.339032,102.160018,dra-512
unmatched,,ชัยภูมิ,เมือง,นูรุ้ลฮูดา,,,15.935918,102.00305,dra-513
unmatched,,ชุมพร,ท่าแซะ,นูรุ้ลอามานะฮ์,,,10.785227,99.082518,dra-514
unmatched,,ชุมพร,ท่าแซะ,อัลคอยรอต,,,10.785227,99.082518,dra-515
unmatched,,ชุมพร,ท่าแซะ,นูรุ้นอิบาดะห์,,,10.785227,99.082518,dra-516
unmatched,,ชุมพร,ท่าแซะ,มูฮาญิรีล,,,10.785227,99.082518,dra-517
unmatched,,ชุมพร,ปะทิว,นุรุลเอี๊ยะซาน,,,10.772763,99.372101,dra-518
unmatched,,ชุมพร,ปะทิว,ญัมอียอิสติกอมะห์,,,10.772763,99.372101,dra-519
unmatched,,ชุมพร,เมือง,บัดริ้ลอิสลาม,,,10.451521,99.153341,dra-520
unmatched,,ตรัง,กันตัง,ปากีสถาน,,,7.369845,99.334185,dra-542
unmatched,,ตรัง,กันตัง,บ้านแตหรำ,,,7.369845,99.334185,dra-543
unmatched,,ตรัง,กันตัง,มู่ญ่าฮีดิน (บ้านเกาะเคียม),,,7.369845,99.334185,dra-544
unmatched,,ตรัง,กันตัง,ดารุลสลาม,,,7.369845,99.334185,dra-545
unmatched,,ตรัง,กันตัง,ซุ้นก้อตุ้ลวะฮ์ดะห์,,,7.369845,99.334185,dra-546
unmatched,,ตรัง,กันตัง,เกาะลิบง,,,7.369845,99.334185,dra-547
unmatched,,ตรัง,กันตัง,หนอดนอย  (มดตะนอย),,,7.369845,99.334185,dra-548
unmatched,,ตรัง,กันตัง,บิสมาฮุดดีน  (โคกสะท้อน),,,7.369845,99.334185,dra-550
unmatched,,ตรัง,กันตัง,อันฮูดา,,,7.369845,99.334185,dra-551
unmatched,,ตรัง,กันตัง,นูรุ้ลฮูดา,,,7.369845,99.334185,dra-552
unmatched,,ตรัง,กันตัง,มิฟตาตาอุ้ลฮีดายะฮ์ (บ้านหาดยาว),,,7.369845,99.334185,dra-553
unmatched,,ตรัง,กันตัง,บ้านทรายแก้ว,,,7.369845,99.334185,dra-554
unmatched,,ตรัง,กันตัง,ดาริสลาม,,,7.369845,99.334185,dra-555
unmatched,,ตรัง,กันตัง,หนองเสม็ด,,,7.369845,99.334185,dra-556
unmatched,,ตรัง,กันตัง,สอล่าตน (หนองเสม็ด2),,,7.369845,99.334185,dra-557
unmatched,,ตรัง,กันตัง,บ้านท่าหยี,,,7.369845,99.334185,dra-558
unmatched,,ตรัง,กันตัง,ด้ารุ้ลมุตกีน,,,7.369845,99.334185,dra-559
unmatched,,ตรัง,กันตัง,นู้รุลฮีดายะฮ์ (บ้านหนองเสด็จ),,,7.369845,99.334185,dra-560
unmatched,,ตรัง,กันตัง,บ้านคลองลุ,,,7.369845,99.334185,dra-561
unmatched,,ตรัง,กันตัง,ญาบาลิลมาคานีย์(บ้านบางหมากน้อย),,,7.369845,99.334185,dra-562
unmatched,,ตรัง,กันตัง,พระม่วง,,,7.369845,99.334185,dra-563
unmatched,,ตรัง,กันตัง,นาเกลือ,,,7.369845,99.334185,dra-564
unmatched,,ตรัง,กันตัง,ท่าโต๊ะเมฆ,,,7.369845,99.334185,dra-565
unmatched,,ตรัง,กันตัง,มิฟตาฮุ้ลญันนะห์ (บ้านแหลมสะท้อน),,,7.369845,99.334185,dra-566
unmatched,,ตรัง,กันตัง,ดารุสลาม,,,7.369845,99.334185,dra-567
unmatched,,ตรัง,กันตัง,ท่าปาย,,,7.369845,99.334185,dra-568
unmatched,,ตรัง,กันตัง,สุเหร่,,,7.369845,99.334185,dra-569
unmatched,,ตรัง,กันตัง,นาบ่อ,,,7.369845,99.334185,dra-570
unmatched,,ตรัง,กันตัง,ไสยไทย,,,7.369845,99.334185,dra-571
unmatched,,ตรัง,กันตัง,นูรูลฮีดายะฮ์,,,7.369845,99.334185,dra-572
unmatched,,ตรัง,กันตัง,ซอลาฮุดดีน (บ้านเคียมงาม),,,7.369845,99.334185,dra-573
unmatched,,ตรัง,กันตัง,บางเป้า,,,7.369845,99.334185,dra-574
unmatched,,ตรัง,กันตัง,บ้านเกาะปอม,,,7.369845,99.334185,dra-575
unmatched,,ตรัง,กันตัง,นูร้ลนาอีม,,,7.369845,99.334185,dra-576
unmatched,,ตรัง,กันตัง,บ้านน้ำราบ,,,7.369845,99.334185,dra-577
unmatched,,ตรัง,กันตัง,นูรุลอิสลาม,,,7.369845,99.334185,dra-578
unmatched,,ตรัง,กันตัง,บางหมาก,,,7.369845,99.334185,dra-579
unmatched,,ตรัง,กันตัง,บ้านไร่ใหญ่ (นูรุดดีน),,,7.369845,99.334185,dra-580
unmatched,,ตรัง,กันตัง,ยามาอะตุลเอียะซาล,,,7.369845,99.334185,dra-581
unmatched,,ตรัง,กันตัง,ญัมอุลอิควานีย์ (บ้านทุ่งทัพไทย),,,7.369845,99.334185,dra-582
unmatched,,ตรัง,กันตัง,ดารุลฮิกมะฮ์ (บ้านตะเคียนหลบฟ้า),,,7.369845,99.334185,dra-583
unmatched,,ตรัง,กันตัง,พรุใหญ่,,,7.369845,99.334185,dra-584
unmatched,,ตรัง,กันตัง,บางโตะเมือง,,,7.369845,99.334185,dra-585
unmatched,,ตรัง,กันตัง,วางปาง  (วังเป้า),,,7.369845,99.334185,dra-586
unmatched,,ตรัง,กันตัง,นูรุ้ลฮีดายะฮ์ (บ้านทุ่งไทร),,,7.369845,99.334185,dra-587
unmatched,,ตรัง,กันตัง,บ้านแหลม,,,7.369845,99.334185,dra-588
unmatched,,ตรัง,ตรัง,บ้านทุ่งเจริญ,,,7.585751,99.570857,dra-589
unmatched,,ตรัง,ปะเหลียน,ย้ามีล้าตุล,,,7.174986,99.670504,dra-590
unmatched,,ตรัง,ปะเหลียน,อัสซอราหุนดีน,,,7.174986,99.670504,dra-591
unmatched,,ตรัง,ปะเหลียน,บ้านแหลม,,,7.174986,99.670504,dra-592
unmatched,,ตรัง,ปะเหลียน,ดารุลมุดตะกีน,,,7.174986,99.670504,dra-593
unmatched,,ตรัง,ปะเหลียน,กอวี้ยุ้ยอิสลาม,,,7.174986,99.670504,dra-594
unmatched,,ตรัง,ปะเหลียน,ม็อลีฮีมอิสลาม,,,7.174986,99.670504,dra-595
unmatched,,ตรัง,ปะเหลียน,สู่หยู่คนมัสยิด,,,7.174986,99.670504,dra-596
unmatched,,ตรัง,ปะเหลียน,ตันหยงสภา,,,7.174986,99.670504,dra-597
unmatched,,ตรัง,ปะเหลียน,นะซีรุดดิน,,,7.174986,99.670504,dra-598
unmatched,,ตรัง,ปะเหลียน,ญามีอุลมุสลิมีน (ทอนหาร),,,7.174986,99.670504,dra-599
unmatched,,ตรัง,ปะเหลียน,อัลนูร (บ้านทุ่งรวงทอง),,,7.174986,99.670504,dra-600
unmatched,,ตรัง,ปะเหลียน,อัสสะลาฟี,,,7.174986,99.670504,dra-601
unmatched,,ตรัง,ปะเหลียน,ดารุตตักวา,,,7.174986,99.670504,dra-602
unmatched,,ตรัง,ปะเหลียน,หุซัยฟะฮ์บินยามาน,,,7.174986,99.670504,dra-603
unmatched,,ตรัง,ปะเหลียน,หนองหว้า,,,7.174986,99.670504,dra-604
unmatched,,ตรัง,ปะเหลียน,หนองรัง,,,7.174986,99.670504,dra-605
unmatched,,ตรัง,ปะเหลียน,อิสติกบาล,,,7.174986,99.670504,dra-606
unmatched,,ตรัง,ปะเหลียน,คอลีฟะห์,,,7.174986,99.670504,dra-607
unmatched,,ตรัง,ปะเหลียน,ยุมอะมุสลิม,,,7.174986,99.670504,dra-608
unmatched,,ตรัง,ปะเหลียน,ส่าอีต่นอิสลาม,,,7.174986,99.670504,dra-609
unmatched,,ตรัง,ปะเหลียน,มูวะอีดีน,,,7.174986,99.670504,dra-610
unmatched,,ตรัง,ปะเหลียน,อัดด่าน่าน,,,7.174986,99.670504,dra-611
unmatched,,ตรัง,ปะเหลียน,อีบ้าดียะห์,,,7.174986,99.670504,dra-612
unmatched,,ตรัง,ปะเหลียน,อัดดีนิลอิสลาม,,,7.174986,99.670504,dra-613
unmatched,,ตรัง,ปะเหลียน,บ้านแหลมคีนดำ,,,7.174986,99.670504,dra-614
unmatched,,ตรัง,ปะเหลียน,นูรุ้ลมุตตะกีน  (บางยาง),,,7.174986,99.670504,dra-615
unmatched,,ตรัง,ปะเหลียน,นู้รุ้ลอีหม่าน,,,7.174986,99.670504,dra-616
unmatched,,ตรัง,ปะเหลียน,นูรุลมุหมีน,,,7.174986,99.670504,dra-617
unmatched,,ตรัง,ปะเหลียน,ดารุสลาม,,,7.174986,99.670504,dra-618
unmatched,,ตรัง,ปะเหลียน,ดะหว้าตุสมุสลิหมิ่น,,,7.174986,99.670504,dra-619
unmatched,,ตรัง,ปะเหลียน,อังศอรีมุสลีมีน (ท่านา),,,7.174986,99.670504,dra-620
unmatched,,ตรัง,ปะเหลียน,มะลีกะฮ์อัลดูสรีย์ (บ้านนาทุ่ง),,,7.174986,99.670504,dra-621
unmatched,,ตรัง,ปะเหลียน,มิฟตาฮุ้ลอีมาน,,,7.174986,99.670504,dra-622
unmatched,,ตรัง,ปะเหลียน,ฉำสุกลิ่น,,,7.174986,99.670504,dra-623
unmatched,,ตรัง,ปะเหลียน,หวันกอมาเราะห์,,,7.174986,99.670504,dra-624
unmatched,,ตรัง,ปะเหลียน,กอมารุดดีน,,,7.174986,99.670504,dra-625
unmatched,,ตรัง,ปะเหลียน,แหลมสอบ,,,7.174986,99.670504,dra-626
unmatched,,ตรัง,ปะเหลียน,เกาะขัน,,,7.174986,99.670504,dra-627
unmatched,,ตรัง,ปะเหลียน,มุสลีมิน,,,7.174986,99.670504,dra-628
unmatched,,ตรัง,ปะเหลียน,มูฮัมมาดียะห์,,,7.174986,99.670504,dra-629
unmatched,,ตรัง,ปะเหลียน,นูรุดดิน (ปะเหลียน 2),,,7.174986,99.670504,dra-630
unmatched,,ตรัง,ปะเหลียน,บ้านทุ่งสุเหร่า,,,7.174986,99.670504,dra-631
unmatched,,ตรัง,ปะเหลียน,อัลเอียะสาน,,,7.174986,99.670504,dra-632
unmatched,,ตรัง,ปะเหลียน,ดารุลอามาน (บ้านหนองคัน),,,7.174986,99.670504,dra-633
unmatched,,ตรัง,ปะเหลียน,ดารุลนูญูม,,,7.174986,99.670504,dra-634
unmatched,,ตรัง,ปะเหลียน,ลิพัง,,,7.174986,99.670504,dra-635
unmatched,,ตรัง,ปะเหลียน,ลิพัง,,,7.174986,99.670504,dra-636
unmatched,,ตรัง,ปะเหลียน,อัลมูบาร็อก,,,7.174986,99.670504,dra-637
unmatched,,ตรัง,ปะเหลียน,กอรีบุ้ลญะบัล,,,7.174986,99.670504,dra-638
unmatched,,ตรัง,ปะเหลียน,เหราฎ่อตุลยันนะฮ์,,,7.174986,99.670504,dra-639
unmatched,,ตรัง,ปะเหลียน,ดะวะตุ้ลอิสลาม (บ้านในทอน),,,7.174986,99.670504,dra-640
unmatched,,ตรัง,ปะเหลียน,มะกอมุ้ลอามีน,,,7.174986,99.670504,dra-641
unmatched,,ตรัง,ปะเหลียน,นู้รุลอิสลาม,,,7.174986,99.670504,dra-642
unmatched,,ตรัง,ปะเหลียน,หนองน้ำขาว,,,7.174986,99.670504,dra-643
unmatched,,ตรัง,ปะเหลียน,ดารุ้ลอีบาดะฮ์,,,7.174986,99.670504,dra-644
unmatched,,ตรัง,เมือง,ไซหนุนอิสลาม,,,7.592071,99.636953,dra-645
unmatched,,ตรัง,เมือง,มาลีกียะห์,,,7.592071,99.636953,dra-646
unmatched,,ตรัง,เมือง,สายิดุลนุรูณอิงซาน,,,7.592071,99.636953,dra-647
unmatched,,ตรัง,เมือง,มาดีนะฮ์  (บ้านทุ่งหวัง),,,7.592071,99.636953,dra-648
unmatched,,ตรัง,เมือง,สายีคนมุสลิม,,,7.592071,99.636953,dra-649
unmatched,,ตรัง,เมือง,มะดีนะตุลอิสลาม,,,7.592071,99.636953,dra-650
unmatched,,ตรัง,ย่านตาขาว,มุตตะกีน,,,7.427121,99.74302,dra-651
unmatched,,ตรัง,ย่านตาขาว,มัสยีเด็นวากบ,,,7.427121,99.74302,dra-652
unmatched,,ตรัง,ย่านตาขาว,ซุลยูดลอิสลามิย๊ะห์,,,7.427121,99.74302,dra-653
unmatched,,ตรัง,ย่านตาขาว,มิฟตาหุลอิสลามียะห์  (ทับจาก),,,7.427121,99.74302,dra-654
unmatched,,ตรัง,ย่านตาขาว,ฮารับบันบารู (บ้านทุ่งตาเสะ),,,7.427121,99.74302,dra-655
unmatched,,ตรัง,ย่านตาขาว,บ้านหนองหงส์,,,7.427121,99.74302,dra-656
unmatched,,ตรัง,ย่านตาขาว,ญันนาตุลมุอ์มีนีน,,,7.427121,99.74302,dra-657
unmatched,,ตรัง,ย่านตาขาว,บ้านทุ่งหนองแห้ง,,,7.427121,99.74302,dra-658
unmatched,,ตรัง,ย่านตาขาว,ยีเด็นสอลิหีน,,,7.427121,99.74302,dra-659
unmatched,,ตรัง,ย่านตาขาว,ในควนเหนือ,,,7.427121,99.74302,dra-660
unmatched,,ตรัง,ย่านตาขาว,ดารุ้นอาบิดีน (โพรงจระเข้),,,7.427121,99.74302,dra-661
unmatched,,ตรัง,ย่านตาขาว,ก๊อยยูมุดดีน,,,7.427121,99.74302,dra-662
unmatched,,ตรัง,ย่านตาขาว,ดารุ้ลอิควานียะห์,,,7.427121,99.74302,dra-663
unmatched,,ตรัง,ย่านตาขาว,มูญาฮีดีน,,,7.427121,99.74302,dra-664
unmatched,,ตรัง,ย่านตาขาว,บ้านโคกทราย,,,7.427121,99.74302,dra-665
unmatched,,ตรัง,ย่านตาขาว,ปากีสถาน  2,,,7.427121,99.74302,dra-666
unmatched,,ตรัง,ย่านตาขาว,นายายหม่อม,,,7.427121,99.74302,dra-667
unmatched,,ตรัง,ย่านตาขาว,บ้านโหละหาร,,,7.427121,99.74302,dra-668
unmatched,,ตรัง,สิเกา,แหลมไทร,,,7.612728,99.376139,dra-669
unmatched,,ตรัง,สิเกา,บ้านแหขาม,,,7.612728,99.376139,dra-670
unmatched,,ตรัง,สิเกา,บ้านทุ่งขี้เหล็ก,,,7.612728,99.376139,dra-671
unmatched,,ตรัง,สิเกา,นูรูลซากีนะฮ์ (บ้านทุ่ง),,,7.612728,99.376139,dra-672
unmatched,,ตรัง,สิเกา,นุรุ้ลเอียะซาน,,,7.612728,99.376139,dra-673
unmatched,,ตรัง,สิเกา,บ้านดุหุน,,,7.612728,99.376139,dra-674
unmatched,,ตรัง,สิเกา,บ้านโต๊ะบัน,,,7.612728,99.376139,dra-675
unmatched,,ตรัง,สิเกา,นู้รุลญันนะฮ์ (บ้านปากคลอง),,,7.612728,99.376139,dra-676
unmatched,,ตรัง,สิเกา,สรางหลาง,,,7.612728,99.376139,dra-677
unmatched,,ตรัง,สิเกา,บ้านนาหละ,,,7.612728,99.376139,dra-678
unmatched,,ตรัง,สิเกา,มูฮายีรีน  (ทุ่งใหญ่),,,7.612728,99.376139,dra-679
unmatched,,ตรัง,สิเกา,ดารุลญันนะห์,,,7.612728,99.376139,dra-680
unmatched,,ตรัง,หาดสำราญ,ยามีอาตุลอิสลาม,,,7.22655,99.58189,dra-681
unmatched,,ตรัง,หาดสำราญ,สาราตอตนอามิเด็น,,,7.22655,99.58189,dra-682
unmatched,,ตรัง,หาดสำราญ,อย่ามิอาดลมุลสี่หมิ่น,,,7.22655,99.58189,dra-683
unmatched,,ตรัง,หาดสำราญ,ซิรอต๊อลมุลตะกีม,,,7.22655,99.58189,dra-684
unmatched,,ตรัง,หาดสำราญ,อัลฟารุก (บ้านนาทะเล),,,7.22655,99.58189,dra-685
unmatched,,ตรัง,หาดสำราญ,อาบีดีน  (โคกออก),,,7.22655,99.58189,dra-686
unmatched,,ตรัง,หาดสำราญ,อิสลามุลอาบิด,,,7.22655,99.58189,dra-687
unmatched,,ตรัง,หาดสำราญ,บำรุงอิสลาม,,,7.22655,99.58189,dra-688
unmatched,,ตรัง,หาดสำราญ,อัลนาบาวีย์,,,7.22655,99.58189,dra-689
unmatched,,ตรัง,หาดสำราญ,อัลบาบุสสลาม (ท่าดินแดง),,,7.22655,99.58189,dra-690
unmatched,,ตรัง,หาดสำราญ,มุสลิมนิยม,,,7.22655,99.58189,dra-691
unmatched,,ตรัง,หาดสำราญ,ฮูดัลอิสลาม,,,7.22655,99.58189,dra-692
unmatched,,ตรัง,หาดสำราญ,ดารุ้ลมุอ์มีมีน,,,7.22655,99.58189,dra-693
unmatched,,ตราด,เขาสมิง,เนี้ยะมาตุ้ลเลาะห์,,,12.44876,102.422523,dra-694
unmatched,,ตราด,เขาสมิง,นุรุ้ลฮีดายะห์,,,12.44876,102.422523,dra-695
unmatched,,ตราด,เขาสมิง,นูรุ้ลฮูดา,,,12.44876,102.422523,dra-696
unmatched,,ตราด,เขาสมิง,นู้รุลอิบาดะห์,,,12.44876,102.422523,dra-697
unmatched,,ตราด,บ่อไร่,เราดอตุ้ลญันนะห์ (บ้านทับมะกอก),,,12.575117,102.581379,dra-698
unmatched,,ตราด,เมือง,นูรุ้ลมูฮายีรีน,,,12.22004,102.592133,dra-699
unmatched,,ตราด,เมือง,เราดอตุ้ลยีนาน,,,12.22004,102.592133,dra-700
unmatched,,ตราด,เมือง,เอียะห์ยาอุสสุนนะห์,,,12.22004,102.592133,dra-701
unmatched,,ตราด,แหลมงอบ,คอยรุ้ลบารียะห์,,,12.230149,102.367951,dra-702
unmatched,,ตราด,แหลมงอบ,อัลกุบรอ,,,12.230149,102.367951,dra-703
unmatched,,ตราด,แหลมงอบ,ยันนะตุ้ลการีม,,,12.230149,102.367951,dra-704
unmatched,,ตราด,แหลมงอบ,นูรุ้ลมุนีน,,,12.230149,102.367951,dra-705
unmatched,,ตราด,แหลมงอบ,นูรุ้ลการีม,,,12.230149,102.367951,dra-706
unmatched,,ตาก,เมือง,ดารุสลาม,,,16.886979,99.146958,dra-707
unmatched,,ตาก,เมือง,อัลฟัตตาห์,,,16.886979,99.146958,dra-708
unmatched,,ตาก,แม่สอด,นุรุลอิสลาม,,,16.755633,98.713963,dra-709
unmatched,,ตาก,แม่สอด,มูฮายีรีน,,,16.755633,98.713963,dra-710
unmatched,,ตาก,แม่สอด,อัลซอร,,,16.755633,98.713963,dra-711
unmatched,,นครนายก,บ้านนา,มาฮั้ลลิ้ลคอยร๊อต,,,14.273567,101.055622,dra-712
unmatched,,นครนายก,เมือง,อะห์ลิสซุนนะห์,,,14.259972,101.244322,dra-714
unmatched,,นครนายก,องครักษ์,อิสลามนครนายก,,,14.102158,101.043471,dra-715
unmatched,,นครนายก,องครักษ์,ซูรอตุ้ลมุสลิม,,,14.102158,101.043471,dra-716
unmatched,,นครนายก,องครักษ์,มัยสิดกลางจังหวัด (ฮากีมุดดีน),,,14.102158,101.043471,dra-717
unmatched,,นครนายก,องครักษ์,ดานูริ้ลอิสลาม,,,14.102158,101.043471,dra-718
unmatched,,นครนายก,องครักษ์,ดารุ้ลมุอ์มินีน,,,14.102158,101.043471,dra-719
unmatched,,นครนายก,องครักษ์,กอวาอีดุ้ลอิสลาม,,,14.102158,101.043471,dra-720
unmatched,,นครนายก,องครักษ์,มัดดารีร่อตุลอิสลาม (ยกเลิก),,,14.102158,101.043471,dra-721
unmatched,,นครนายก,องครักษ์,ไซกุลอิสลาม,,,14.102158,101.043471,dra-722
unmatched,,นครนายก,องครักษ์,ดารุ้ลอิสลาม,,,14.102158,101.043471,dra-723
unmatched,,นครนายก,องครักษ์,ก้ามาลุ้ลอิบาดะห์,,,14.102158,101.043471,dra-724
unmatched,,นครนายก,องครักษ์,อินาบาตุ้ลเอี๊ยะติชอม,,,14.102158,101.043471,dra-725
unmatched,,นครนายก,องครักษ์,นูรุ้ลเอี๊ยะซาน,,,14.102158,101.043471,dra-726
unmatched,,นครนายก,องครักษ์,ยามีอุ๊ตตอยยิบ,,,14.102158,101.043471,dra-727
unmatched,,นครนายก,องครักษ์,ซุนน่าติ้ลมู่ฮายีรีน,,,14.102158,101.043471,dra-728
unmatched,,นครนายก,องครักษ์,บำรุงอิสลาม,,,14.102158,101.043471,dra-729
unmatched,,นครนายก,องครักษ์,สมาคมอิสลาม,,,14.102158,101.043471,dra-730
unmatched,,นครนายก,องครักษ์,ประกอบศาสน์อิสลาม,,,14.102158,101.043471,dra-731
unmatched,,นครนายก,องครักษ์,ผดุงอิสลาม,,,14.102158,101.043471,dra-732
unmatched,,นครนายก,องครักษ์,สิมารักษ์,,,14.102158,101.043471,dra-733
unmatched,,นครนายก,องครักษ์,นูรุ้ลอิสลาม,,,14.102158,101.043471,dra-734
unmatched,,นครนายก,องครักษ์,หลุมบัว,,,14.102158,101.043471,dra-735
unmatched,,นครนายก,องครักษ์,สามัคคีอิสลาม,,,14.102158,101.043471,dra-736
unmatched,,นครนายก,องครักษ์,คู้คดที่  2,,,14.102158,101.043471,dra-737
unmatched,,นครนายก,องครักษ์,อ่าซาซุ้ลอิสลาม,,,14.102158,101.043471,dra-738
unmatched,,นครนายก,องครักษ์,ญามีอุ้ลคอยร็อต,,,14.102158,101.043471,dra-739
unmatched,,นครนายก,องครักษ์,ดารุ้ลยันนะห์ (ยกเลิก),,,14.102158,101.043471,dra-740
unmatched,,นครราชสีมา,ปากช่อง,ญันนะตุ้ลฟริเดาส์,,,14.643243,101.462488,dra-742
unmatched,,นครราชสีมา,เมือง,อัรริฎวาน (นานา),,,14.970883,102.082065,dra-743
unmatched,,นครศรีธรรมราช,ขนอม,ดารุซซาอาดะห์,,,9.204007,99.814684,dra-744
unmatched,,นครศรีธรรมราช,ชะอวด,บ้านทุ่งใหญ่ (นูรุลรอซีดีน),,,7.982402,99.957697,dra-745
unmatched,,นครศรีธรรมราช,ชะอวด,อัลบารอกัฎ,,,7.982402,99.957697,dra-746
unmatched,,นครศรีธรรมราช,ชะอวด,คลองใหม่ชะอวด,,,7.982402,99.957697,dra-747
unmatched,,นครศรีธรรมราช,ชะอวด,ฮีดายาตุ้ลฮีล้าล,,,7.982402,99.957697,dra-748
unmatched,,นครศรีธรรมราช,ชะอวด,ดารุ้ลอิสลามิยะห์,,,7.982402,99.957697,dra-749
unmatched,,นครศรีธรรมราช,ท่าศาลา,ใบรีหยะ  (บ้านพังปริง),,,8.706063,99.870505,dra-750
unmatched,,นครศรีธรรมราช,ท่าศาลา,ซูรูกุลฮุดา,,,8.706063,99.870505,dra-751
unmatched,,นครศรีธรรมราช,ท่าศาลา,ตอรีกอตุ้นญันนะฮ์,,,8.706063,99.870505,dra-752
unmatched,,นครศรีธรรมราช,ท่าศาลา,ดารุลนาอีม,,,8.706063,99.870505,dra-753
unmatched,,นครศรีธรรมราช,ท่าศาลา,ดุลอามีน,,,8.706063,99.870505,dra-754
unmatched,,นครศรีธรรมราช,ท่าศาลา,ท่าสูง,,,8.706063,99.870505,dra-755
unmatched,,นครศรีธรรมราช,ท่าศาลา,ในถุ้ง,,,8.706063,99.870505,dra-756
unmatched,,นครศรีธรรมราช,ท่าศาลา,หน้าทับ,,,8.706063,99.870505,dra-757
review,84.2,นครศรีธรรมราช,ท่าศาลา,บางตง (ดารุลฮิกมะฮ์),มัสยิดดารุลอิกมะฮ์,way/1549026131,8.607882,99.946882,dra-758
unmatched,,นครศรีธรรมราช,ท่าศาลา,ชีอารุดดีน (เดิมชื่อหัวบัว),,,8.706063,99.870505,dra-759
unmatched,,นครศรีธรรมราช,ท่าศาลา,ยะมาลุดดีน (ปากน้ำใหม่),,,8.706063,99.870505,dra-760
review,73.6,นครศรีธรรมราช,ท่าศาลา,อัลอัซฮารุลยันนาตี,มัสยิดอัชฮารลยันนะฮ์,way/1549026134,8.597149,99.957708,dra-761
unmatched,,นครศรีธรรมราช,ท่าศาลา,ฮีดาญาตุลยันนะฮ์,,,8.706063,99.870505,dra-763
unmatched,,นครศรีธรรมราช,ท่าศาลา,นูรุลฮีดายะห์,,,8.706063,99.870505,dra-764
unmatched,,นครศรีธรรมราช,ท่าศาลา,ฮีดายาติลอิสลามียะห์,,,8.706063,99.870505,dra-765
unmatched,,นครศรีธรรมราช,ท่าศาลา,นูรุ้ลอิสลาม,,,8.706063,99.870505,dra-766
unmatched,,นครศรีธรรมราช,ท่าศาลา,อัลเกาซัร,,,8.706063,99.870505,dra-767
unmatched,,นครศรีธรรมราช,ท่าศาลา,บ้านกลาง,,,8.706063,99.870505,dra-768
unmatched,,นครศรีธรรมราช,ท่าศาลา,บ้านป้าย,,,8.706063,99.870505,dra-769
unmatched,,นครศรีธรรมราช,ท่าศาลา,แสงจันทร์,,,8.706063,99.870505,dra-770
unmatched,,นครศรีธรรมราช,ท่าศาลา,มหาสรัด,,,8.706063,99.870505,dra-771
unmatched,,นครศรีธรรมราช,ท่าศาลา,ป่าดังบน,,,8.706063,99.870505,dra-772
unmatched,,นครศรีธรรมราช,ท่าศาลา,วัดตะโหนด,,,8.706063,99.870505,dra-773
unmatched,,นครศรีธรรมราช,ท่าศาลา,มัจมาอุลอินซาน,,,8.706063,99.870505,dra-774
unmatched,,นครศรีธรรมราช,ท่าศาลา,ซากีนาตนกุปรอ,,,8.706063,99.870505,dra-775
unmatched,,นครศรีธรรมราช,ท่าศาลา,กาแมล,,,8.706063,99.870505,dra-776
unmatched,,นครศรีธรรมราช,ท่าศาลา,สลาหมาด,,,8.706063,99.870505,dra-777
unmatched,,นครศรีธรรมราช,ท่าศาลา,นุเร็นเอียะสาน,,,8.706063,99.870505,dra-778
unmatched,,นครศรีธรรมราช,ท่าศาลา,อิมาตุลอิสลาม,,,8.706063,99.870505,dra-779
unmatched,,นครศรีธรรมราช,ท่าศาลา,ดารุนเอียะสาร,,,8.706063,99.870505,dra-780
unmatched,,นครศรีธรรมราช,ท่าศาลา,มูฮาญีรีน,,,8.706063,99.870505,dra-781
unmatched,,นครศรีธรรมราช,ท่าศาลา,อะฮ์ลิลกุรอ,,,8.706063,99.870505,dra-782
unmatched,,นครศรีธรรมราช,ท่าศาลา,ยางด้วน,,,8.706063,99.870505,dra-783
unmatched,,นครศรีธรรมราช,ท่าศาลา,นูรุดดินยามาอะตุลอิสลาม,,,8.706063,99.870505,dra-784
unmatched,,นครศรีธรรมราช,ท่าศาลา,ดารุนอิสลาม (บ้านมะยิง),,,8.706063,99.870505,dra-785
unmatched,,นครศรีธรรมราช,ท่าศาลา,ริญาดุสศอลิฮิน,,,8.706063,99.870505,dra-786
unmatched,,นครศรีธรรมราช,ท่าศาลา,ดารุลอามาน(บ้านทับแขก),,,8.706063,99.870505,dra-787
unmatched,,นครศรีธรรมราช,ทุ่งสง,บารอกัต,,,8.081233,99.627667,dra-788
unmatched,,นครศรีธรรมราช,ทุ่งใหญ่,อันซอรุสซุนนะฮ์,,,8.29052,99.361452,dra-789
unmatched,,นครศรีธรรมราช,บางขัน,ดารุ้ลอาบีดีน,,,8.009277,99.485929,dra-790
unmatched,,นครศรีธรรมราช,บางขัน,ดารุลฮุดา,,,8.009277,99.485929,dra-791
unmatched,,นครศรีธรรมราช,บางขัน,ยามาอาตุลมุสลิมิน,,,8.009277,99.485929,dra-792
unmatched,,นครศรีธรรมราช,บางขัน,มูฮัมมะดียะฮ์,,,8.009277,99.485929,dra-793
unmatched,,นครศรีธรรมราช,บางขัน,แสงธรรม,,,8.009277,99.485929,dra-794
unmatched,,นครศรีธรรมราช,ปากพนัง,แสงวิมาน,,,8.346876,100.157012,dra-795
unmatched,,นครศรีธรรมราช,ปากพนัง,มัดดารุนมุมีนิน,,,8.346876,100.157012,dra-796
unmatched,,นครศรีธรรมราช,ปากพนัง,ดารุนนาอีม,,,8.346876,100.157012,dra-797
unmatched,,นครศรีธรรมราช,ปากพนัง,ตันหยงมาส (ยกเลิก),,,8.346876,100.157012,dra-798
unmatched,,นครศรีธรรมราช,พรหมคีรี,รอซีดีน บ้านวัดโท,,,8.548792,99.829414,dra-799
unmatched,,นครศรีธรรมราช,พระพรหม,นูรุลอีมาน (ยกเลิก),,,8.3252,99.93228,dra-800
unmatched,,นครศรีธรรมราช,พระพรหม,อัลตักวา,,,8.3252,99.93228,dra-801
unmatched,,นครศรีธรรมราช,เมือง,ดารุลวาสัฎ,,,8.425157,99.946907,dra-802
unmatched,,นครศรีธรรมราช,เมือง,เราว์ฎอตุ้ลมุฮ์มีนีน,,,8.425157,99.946907,dra-803
unmatched,,นครศรีธรรมราช,เมือง,ญาเมียะ,,,8.425157,99.946907,dra-805
unmatched,,นครศรีธรรมราช,เมือง,ดารุลอามาน,,,8.425157,99.946907,dra-806
unmatched,,นครศรีธรรมราช,เมือง,นูรุดดีน (บ้านป่าไหม้),,,8.425157,99.946907,dra-807
unmatched,,นครศรีธรรมราช,เมือง,ดารุลเอียะฮ์ซาน,,,8.425157,99.946907,dra-808
unmatched,,นครศรีธรรมราช,เมือง,อัลมูบาร๊อก,,,8.425157,99.946907,dra-809
unmatched,,นครศรีธรรมราช,เมือง,มุวะห์ฮิดีน,,,8.425157,99.946907,dra-810
unmatched,,นครศรีธรรมราช,เมือง,นูรุลอิสลาม,,,8.425157,99.946907,dra-811
unmatched,,นครศรีธรรมราช,เมือง,ยะมีลุลอิสลาม (ยกเลิก),,,8.425157,99.946907,dra-812
unmatched,,นครศรีธรรมราช,เมือง,นุรุลอิสลาม,,,8.425157,99.946907,dra-813
unmatched,,นครศรีธรรมราช,เมือง,กามาลุลอิสลาม,,,8.425157,99.946907,dra-814
unmatched,,นครศรีธรรมราช,เมือง,ยามาลุดดีน,,,8.425157,99.946907,dra-815
unmatched,,นครศรีธรรมราช,เมือง,เหนี่ยะมตลอิสลาม (ยกเลิก),,,8.425157,99.946907,dra-816
unmatched,,นครศรีธรรมราช,เมือง,นูรุลเอี๊ยะซาน (บ้านปากพญา),,,8.425157,99.946907,dra-817
unmatched,,นครศรีธรรมราช,เมือง,นุรุลอิสลาม,,,8.425157,99.946907,dra-818
unmatched,,นครศรีธรรมราช,เมือง,ดารุลมุตตากีน,,,8.425157,99.946907,dra-819
unmatched,,นครศรีธรรมราช,เมือง,นูรุลอีมาน,,,8.425157,99.946907,dra-820
unmatched,,นครศรีธรรมราช,เมือง,ดุสลาม,,,8.425157,99.946907,dra-821
unmatched,,นครศรีธรรมราช,เมือง,มุวะห์หิดีน  คลองดิน,,,8.425157,99.946907,dra-822
unmatched,,นครศรีธรรมราช,เมือง,บารอกาต,,,8.425157,99.946907,dra-823
unmatched,,นครศรีธรรมราช,เมือง,ซอลาหุดดีน,,,8.425157,99.946907,dra-824
unmatched,,นครศรีธรรมราช,เมือง,นูรุลอิสลาม,,,8.425157,99.946907,dra-825
unmatched,,นครศรีธรรมราช,เมือง,ศรีอรุณอิสลาม,,,8.425157,99.946907,dra-826
unmatched,,นครศรีธรรมราช,เมือง,ฟัตฮุลมุนา,,,8.425157,99.946907,dra-827
unmatched,,นครศรีธรรมราช,เมือง,ดาริสลาม,,,8.425157,99.946907,dra-828
unmatched,,นครศรีธรรมราช,เมือง,นูรุลญันนะฮ์,,,8.425157,99.946907,dra-829
unmatched,,นครศรีธรรมราช,เมือง,อัสมูบาร๊อค,,,8.425157,99.946907,dra-830
unmatched,,นครศรีธรรมราช,เมือง,การาหมาดบ้านหัวทะเล,,,8.425157,99.946907,dra-831
unmatched,,นครศรีธรรมราช,เมือง,นูรุลมูฮายีรีน,,,8.425157,99.946907,dra-832
unmatched,,นครศรีธรรมราช,เมือง,ซีรอยุดดีน  (บ้านป่าขอม),,,8.425157,99.946907,dra-833
unmatched,,นครศรีธรรมราช,เมือง,นูรุลมูบีน (บ้านสวนพร้าว),,,8.425157,99.946907,dra-834
unmatched,,นครศรีธรรมราช,เมือง,อัดดารุสลาม,,,8.425157,99.946907,dra-835
unmatched,,นครศรีธรรมราช,เมือง,นูรุนเอียะสาน,,,8.425157,99.946907,dra-836
unmatched,,นครศรีธรรมราช,เมือง,นูรุดดีน,,,8.425157,99.946907,dra-837
unmatched,,นครศรีธรรมราช,เมือง,ด่ารุนอ่ามัน,,,8.425157,99.946907,dra-838
unmatched,,นครศรีธรรมราช,เมือง,ดารุ้นนาอิ่ม,,,8.425157,99.946907,dra-839
unmatched,,นครศรีธรรมราช,เมือง,ยะมาอาตุลอิสลาม,,,8.425157,99.946907,dra-840
unmatched,,นครศรีธรรมราช,เมือง,ยะลาลุดดีน (เดิมชื่อยะลาอุดดีน),,,8.425157,99.946907,dra-841
unmatched,,นครศรีธรรมราช,เมือง,ดารุสลาม  (ปากน้ำเก่า),,,8.425157,99.946907,dra-842
unmatched,,นครศรีธรรมราช,เมือง,แสงศาสน์,,,8.425157,99.946907,dra-843
unmatched,,นครศรีธรรมราช,เมือง,ดารุลมุสลีมีน,,,8.425157,99.946907,dra-844
unmatched,,นครศรีธรรมราช,เมือง,นูรุ้ลฮิดาย๊ะฮ์,,,8.425157,99.946907,dra-845
unmatched,,นครศรีธรรมราช,เมือง,นูรมาดานี,,,8.425157,99.946907,dra-846
unmatched,,นครศรีธรรมราช,เมือง,กามาลุดดีน (เดิมชื่อกามาหลุดดีน),,,8.425157,99.946907,dra-847
unmatched,,นครศรีธรรมราช,เมือง,อิสลาม,,,8.425157,99.946907,dra-848
unmatched,,นครศรีธรรมราช,เมือง,กุตมุดดีน,,,8.425157,99.946907,dra-849
unmatched,,นครศรีธรรมราช,เมือง,ศีรอตุสสาลาม,,,8.425157,99.946907,dra-850
unmatched,,นครศรีธรรมราช,เมือง,นูรุลฮูดา,,,8.425157,99.946907,dra-851
unmatched,,นครศรีธรรมราช,เมือง,นูรุสอาต๊ะฮ์,,,8.425157,99.946907,dra-852
unmatched,,นครศรีธรรมราช,ร่อนพิบูลย์,เหราะมาตุ้ลอิสลามิยะ บ้านควนรุย,,,8.195716,99.894127,dra-853
unmatched,,นครศรีธรรมราช,ร่อนพิบูลย์,ดารุสซอล์ฮีน,,,8.195716,99.894127,dra-854
unmatched,,นครศรีธรรมราช,ร่อนพิบูลย์,อัลกุบรอ (บ้านไม้หลา),,,8.195716,99.894127,dra-856
unmatched,,นครศรีธรรมราช,ร่อนพิบูลย์,ดารุลเอียะสาน,,,8.195716,99.894127,dra-857
unmatched,,นครศรีธรรมราช,ร่อนพิบูลย์,อิสลาฮุดดีน,,,8.195716,99.894127,dra-858
unmatched,,นครศรีธรรมราช,สิชล,มูฮัมมะดี๊ยะ บ้านปลายทอน,,,8.965107,99.785372,dra-859
unmatched,,นครศรีธรรมราช,สิชล,ดารุนอามาล (บ้านปลายทอนเหนือ),,,8.965107,99.785372,dra-860
unmatched,,นครศรีธรรมราช,สิชล,คอเขา,,,8.965107,99.785372,dra-861
unmatched,,นครศรีธรรมราช,สิชล,กูวาลา,,,8.965107,99.785372,dra-862
unmatched,,นครศรีธรรมราช,สิชล,ดารุนอีบาด๊ะ,,,8.965107,99.785372,dra-863
unmatched,,นครศรีธรรมราช,สิชล,นูรุลอิสลาม,,,8.965107,99.785372,dra-864
unmatched,,นครศรีธรรมราช,หัวไทร,หัวหร่ง,,,8.027589,100.237969,dra-865
unmatched,,นครศรีธรรมราช,หัวไทร,หนองหงษ์,,,8.027589,100.237969,dra-866
unmatched,,นครศรีธรรมราช,หัวไทร,บ้านแสงสุริยา,,,8.027589,100.237969,dra-867
unmatched,,นครศรีธรรมราช,หัวไทร,ญามาอาตุลมุสลิมิน,,,8.027589,100.237969,dra-868
unmatched,,นครศรีธรรมราช,หัวไทร,ดารุลเอียะสาน,,,8.027589,100.237969,dra-869
unmatched,,นครศรีธรรมราช,หัวไทร,มุฮัมเด็นใบรียะห์,,,8.027589,100.237969,dra-870
unmatched,,นครศรีธรรมราช,หัวไทร,หน้าสตน (อัลกุบารอฮ),,,8.027589,100.237969,dra-871
unmatched,,นครศรีธรรมราช,หัวไทร,มุสลิมสามัคคี,,,8.027589,100.237969,dra-872
unmatched,,นครศรีธรรมราช,หัวไทร,นูรุลนาอีม,,,8.027589,100.237969,dra-873
unmatched,,นครศรีธรรมราช,หัวไทร,อัตตักวา,,,8.027589,100.237969,dra-874
unmatched,,นครศรีธรรมราช,หัวไทร,ซ้ำกับมัสยิดเลขที่  64,,,8.027589,100.237969,dra-875
unmatched,,นครสวรรค์,ชุมแสง,ดารุ้ลมุฮายีรีน สันติชน,,,15.840367,100.310742,dra-876
unmatched,,นครสวรรค์,ตาคลี,นูรุ้ลอิสลาม,,,15.260475,100.401266,dra-877
unmatched,,นครสวรรค์,เมือง,ปากีสถาน,,,15.704659,100.114974,dra-879
unmatched,,นครสวรรค์,เมือง,เราะห์มาตุ้ลลอฮ์  สันติชน,,,15.704659,100.114974,dra-880
unmatched,,นนทบุรี,ท่าทราย,ดารุ๊สอิสลาม  (ท่าทราย),,,13.881469,100.517643,dra-881
unmatched,,นนทบุรี,ไทรน้อย,บีย่ามีอิ้ลมุสลีมีน (คลองมะสง),,,13.943286,100.31244,dra-882
unmatched,,นนทบุรี,ไทรน้อย,อัลฮู่ดา  (คลองโต๊ะนุ้ย),,,14.00725,100.309769,dra-883
unmatched,,นนทบุรี,บางบัวทอง,ย่ามาลุดดิน  (สุเหร่าใหม่),,,13.955925,100.38993,dra-884
unmatched,,นนทบุรี,บางบัวทอง,มัสยิดกลาง  (ดารุสสลาม),,,13.955925,100.38993,dra-885
unmatched,,นนทบุรี,บางบัวทอง,อิกอม่าตุ้ลอิสลาม (โรงกระโจม),,,13.955925,100.38993,dra-886
unmatched,,นนทบุรี,บางบัวทอง,นูรุสซาอาดะห์ (คลองเจ๊ก),,,13.955925,100.38993,dra-887
unmatched,,นนทบุรี,บางบัวทอง,นูรุลอิสลาม (สุเหร่าเขียว),,,13.961428,100.399117,dra-888
unmatched,,นนทบุรี,บางบัวทอง,นะฎ์ฎอตุลอิสลาห์ (ปากคลองลำรี),,,13.961428,100.399117,dra-889
unmatched,,นนทบุรี,บางบัวทอง,ดารุลอาบิดีน (สุเหร่าแดง),,,13.961428,100.399117,dra-890
unmatched,,นนทบุรี,บางบัวทอง,มูไฮยิดดีน (คลองลากฆ้อน),,,13.961428,100.399117,dra-891
unmatched,,นนทบุรี,บางบัวทอง,นูรุ้ลฮิดายะห์,,,13.961428,100.399117,dra-892
unmatched,,นนทบุรี,บางบัวทอง,อัรเราะห์ม่าตุ้ลอิสลามมียะห์,,,13.961428,100.399117,dra-893
position,,นนทบุรี,บางบัวทอง,อับดุลลานุสรณ์ (ตลาดบางบัวทอง),,way/208195318,13.919483,100.420712,dra-894
position,,นนทบุรี,ปากเกร็ด,ท่าอิฐ,,way/200581824,13.900439,100.475604,dra-895
unmatched,,นนทบุรี,ปากเกร็ด,ประเสริฐอิสลาม,,,13.892428,100.521595,dra-896
unmatched,,นนทบุรี,เมือง,ดารุ้ลมุตตากีล (ต๊ะลีอนุสรณ์),,,13.881469,100.517643,dra-897
unmatched,,นนทบุรี,เมือง,ฮิดาย่าตุ้ลอุมม๊ะฮ์ (สุเหร่าบางกระสอ),,,13.871397,100.506573,dra-898
unmatched,,นนทบุรี,เมือง,รียาดิ๊สสุนนัน สวนใหญ่ (ตลาดแก้ว),,,13.838454,100.493521,dra-899
unmatched,,นนทบุรี,เมือง,ซ้ำกับลำดับที่ 17,,,13.853815,100.488752,dra-900
unmatched,,นนทบุรี,เมือง,ซ้ำกับลำดับที่ 17,,,13.853815,100.488752,dra-901
unmatched,,นราธิวาส,จะแนะ,วุสตอ,,,6.040033,101.639443,dra-902
unmatched,,นราธิวาส,จะแนะ,วาตอนี,,,6.040033,101.639443,dra-903
unmatched,,นราธิวาส,จะแนะ,ละหารมัส,,,6.040033,101.639443,dra-904
unmatched,,นราธิวาส,จะแนะ,บ้านปะยารอ,,,6.040033,101.639443,dra-905
unmatched,,นราธิวาส,จะแนะ,บือแนกาแย,,,6.040033,101.639443,dra-906
unmatched,,นราธิวาส,จะแนะ,ตือกอ,,,6.040033,101.639443,dra-907
unmatched,,นราธิวาส,จะแนะ,บ้านสะโก,,,6.040033,101.639443,dra-908
unmatched,,นราธิวาส,จะแนะ,บือรือแต,,,6.040033,101.639443,dra-909
unmatched,,นราธิวาส,จะแนะ,ซอลาฮียาตุลอิสลามียะห์ (บ้านปารี),,,6.040033,101.639443,dra-910
unmatched,,นราธิวาส,จะแนะ,นูรุลฮูดา,,,6.040033,101.639443,dra-911
unmatched,,นราธิวาส,จะแนะ,ตัรบียาตุลตะลีมียะห์,,,6.040033,101.639443,dra-912
unmatched,,นราธิวาส,จะแนะ,มานารุลฮูดา,,,6.040033,101.639443,dra-913
unmatched,,นราธิวาส,จะแนะ,กะมุง,,,6.040033,101.639443,dra-914
unmatched,,นราธิวาส,จะแนะ,ฮีดายะห์ (บ้านไอบีแซ),,,6.040033,101.639443,dra-915
unmatched,,นราธิวาส,จะแนะ,อัลอาซียะห์,,,6.040033,101.639443,dra-916
unmatched,,นราธิวาส,จะแนะ,ดารุลอิสลาม,,,6.040033,101.639443,dra-917
unmatched,,นราธิวาส,จะแนะ,อัตตัรบียะห์อิสลามียะห์,,,6.040033,101.639443,dra-918
unmatched,,นราธิวาส,จะแนะ,นูรุลยากีน,,,6.040033,101.639443,dra-919
unmatched,,นราธิวาส,จะแนะ,ซอลาฮุดดีน,,,6.040033,101.639443,dra-920
unmatched,,นราธิวาส,จะแนะ,ฮีดายาตุซซาบาบ๊ะห์,,,6.040033,101.639443,dra-921
unmatched,,นราธิวาส,จะแนะ,นูรุลฮูดา (บ้านไอร์กือมารา),,,6.040033,101.639443,dra-922
unmatched,,นราธิวาส,จะแนะ,นูรูลฮีดายะห์,,,6.040033,101.639443,dra-923
unmatched,,นราธิวาส,จะแนะ,นูรอามานียะห์,,,6.040033,101.639443,dra-924
unmatched,,นราธิวาส,จะแนะ,ดารุลมุมีนีน,,,6.040033,101.639443,dra-925
unmatched,,นราธิวาส,จะแนะ,มานารุตตักวา,,,6.040033,101.639443,dra-926
unmatched,,นราธิวาส,จะแนะ,อัสสาลาม,,,6.040033,101.639443,dra-927
unmatched,,นราธิวาส,จะแนะ,ดารุลฮีกมะห์,,,6.040033,101.639443,dra-928
unmatched,,นราธิวาส,จะแนะ,มัสยีดิลอัลอิสลามียะห์,,,6.040033,101.639443,dra-929
unmatched,,นราธิวาส,จะแนะ,ดุซงญอ,,,6.040033,101.639443,dra-930
unmatched,,นราธิวาส,จะแนะ,อีบาดะห์,,,6.040033,101.639443,dra-931
unmatched,,นราธิวาส,จะแนะ,คอยรียะห์,,,6.040033,101.639443,dra-932
unmatched,,นราธิวาส,จะแนะ,นูรูลอีบาดะห์,,,6.040033,101.639443,dra-933
unmatched,,นราธิวาส,จะแนะ,ยามาอาดุลอิสลามมียะ,,,6.040033,101.639443,dra-934
unmatched,,นราธิวาส,จะแนะ,นูรุฮูดา  (บ้านบาลูกา),,,6.040033,101.639443,dra-935
unmatched,,นราธิวาส,จะแนะ,ดารุลอีมาน,,,6.040033,101.639443,dra-936
unmatched,,นราธิวาส,จะแนะ,อัลอิสละห์ (บ้านยือนือเระ),,,6.040033,101.639443,dra-937
unmatched,,นราธิวาส,จะแนะ,มานาริตตักวา,,,6.040033,101.639443,dra-938
unmatched,,นราธิวาส,จะแนะ,อัสลามวียะห์,,,6.040033,101.639443,dra-939
unmatched,,นราธิวาส,จะแนะ,อัลอะห์มาดี,,,6.040033,101.639443,dra-940
unmatched,,นราธิวาส,จะแนะ,นูรูลอิสลามียะห์,,,6.040033,101.639443,dra-941
unmatched,,นราธิวาส,จะแนะ,มัสยีดิลฟาละห์ (บือจ๊ะ),,,6.040033,101.639443,dra-942
unmatched,,นราธิวาส,จะแนะ,ราวฎอตุลอูลูมิดดีนยะห์,,,6.040033,101.639443,dra-943
unmatched,,นราธิวาส,จะแนะ,มานารุตตักวา,,,6.040033,101.639443,dra-944
unmatched,,นราธิวาส,เจาะไอร้อง,เจาะไอร้อง,,,6.213584,101.839326,dra-945
unmatched,,นราธิวาส,เจาะไอร้อง,ยานี,,,6.213584,101.839326,dra-946
unmatched,,นราธิวาส,เจาะไอร้อง,วาลียาดิน,,,6.213584,101.839326,dra-947
unmatched,,นราธิวาส,เจาะไอร้อง,บาโงดุดุง,,,6.213584,101.839326,dra-948
unmatched,,นราธิวาส,เจาะไอร้อง,ดารุลตักวา,,,6.213584,101.839326,dra-949
unmatched,,นราธิวาส,เจาะไอร้อง,ดารุลอามาน,,,6.213584,101.839326,dra-950
unmatched,,นราธิวาส,เจาะไอร้อง,อัลฟุรกอน,,,6.213584,101.839326,dra-951
unmatched,,นราธิวาส,เจาะไอร้อง,ปากีสถานดารุลอามาน(เจาะไอร้อง),,,6.213584,101.839326,dra-952
unmatched,,นราธิวาส,เจาะไอร้อง,เราฎอตุลญันนะห์,,,6.213584,101.839326,dra-953
unmatched,,นราธิวาส,เจาะไอร้อง,มูฮัมมาดียะห์,,,6.213584,101.839326,dra-954
unmatched,,นราธิวาส,เจาะไอร้อง,วุสฎอ,,,6.213584,101.839326,dra-955
unmatched,,นราธิวาส,เจาะไอร้อง,อัลวุสฎอ,,,6.213584,101.839326,dra-956
unmatched,,นราธิวาส,เจาะไอร้อง,ดารุลอีบาดะห์,,,6.213584,101.839326,dra-957
unmatched,,นราธิวาส,เจาะไอร้อง,บูเกะตาโมง,,,6.213584,101.839326,dra-958
unmatched,,นราธิวาส,เจาะไอร้อง,ยันนาตุลซาลาม,,,6.213584,101.839326,dra-959
unmatched,,นราธิวาส,เจาะไอร้อง,ยามาอียะห์มุสลิม,,,6.213584,101.839326,dra-960
unmatched,,นราธิวาส,เจาะไอร้อง,ดารุลอามาน,,,6.213584,101.839326,dra-961
unmatched,,นราธิวาส,เจาะไอร้อง,อัลคอยรี,,,6.213584,101.839326,dra-962
unmatched,,นราธิวาส,เจาะไอร้อง,นูรุลฮูดา (บ้านปีแนมูดอ),,,6.213584,101.839326,dra-963
unmatched,,นราธิวาส,เจาะไอร้อง,ซอลีฮีน,,,6.213584,101.839326,dra-964
unmatched,,นราธิวาส,เจาะไอร้อง,ดารุลอีมาน,,,6.213584,101.839326,dra-965
unmatched,,นราธิวาส,เจาะไอร้อง,นูรุลฮีดายะห์,,,6.213584,101.839326,dra-966
unmatched,,นราธิวาส,เจาะไอร้อง,ยาแม็กดารูลฮากีม,,,6.213584,101.839326,dra-967
unmatched,,นราธิวาส,เจาะไอร้อง,ดารุลฮิกมะห์,,,6.213584,101.839326,dra-968
unmatched,,นราธิวาส,เจาะไอร้อง,ปีแนมูดอ,,,6.213584,101.839326,dra-969
unmatched,,นราธิวาส,เจาะไอร้อง,มะรือโบออก,,,6.213584,101.839326,dra-970
unmatched,,นราธิวาส,เจาะไอร้อง,บองอจูโวะ,,,6.213584,101.839326,dra-971
unmatched,,นราธิวาส,เจาะไอร้อง,ตาโง๊ะ,,,6.213584,101.839326,dra-972
unmatched,,นราธิวาส,เจาะไอร้อง,มูฮำมาดียะห์,,,6.213584,101.839326,dra-973
unmatched,,นราธิวาส,เจาะไอร้อง,ดารุสสาลาม (จอมอง),,,6.213584,101.839326,dra-974
unmatched,,นราธิวาส,เจาะไอร้อง,กูแบปูยุ,,,6.213584,101.839326,dra-975
unmatched,,นราธิวาส,เจาะไอร้อง,บองอ,,,6.213584,101.839326,dra-976
unmatched,,นราธิวาส,เจาะไอร้อง,ราชพัฒนา,,,6.213584,101.839326,dra-977
unmatched,,นราธิวาส,เจาะไอร้อง,นูรุลยากีน,,,6.213584,101.839326,dra-978
unmatched,,นราธิวาส,เจาะไอร้อง,นูรุลอิควาน,,,6.213584,101.839326,dra-979
unmatched,,นราธิวาส,เฉลิม,วะห์ดาตุลอุมมะห์,,,6.208021,101.75871,dra-980
unmatched,,นราธิวาส,ตากใบ,อามานี,,,6.238953,101.995454,dra-981
unmatched,,นราธิวาส,ตากใบ,ตะลียัน,,,6.238953,101.995454,dra-982
unmatched,,นราธิวาส,ตากใบ,สะดีเยาะห์ (ยกเลิก),,,6.238953,101.995454,dra-983
unmatched,,นราธิวาส,ตากใบ,ตาอาวานู,,,6.238953,101.995454,dra-984
unmatched,,นราธิวาส,ตากใบ,สืบตวัน,,,6.238953,101.995454,dra-985
unmatched,,นราธิวาส,ตากใบ,ดารุลฟัลละห์,,,6.238953,101.995454,dra-986
unmatched,,นราธิวาส,ตากใบ,นุร์อิสลาม,,,6.238953,101.995454,dra-987
unmatched,,นราธิวาส,ตากใบ,สะดียะฮ.,,,6.238953,101.995454,dra-988
unmatched,,นราธิวาส,ตากใบ,อีบาดะห์  (ฮามีดี),,,6.238953,101.995454,dra-989
unmatched,,นราธิวาส,ตากใบ,ดารุสสาลาม (บ้านโคกไทร),,,6.238953,101.995454,dra-990
unmatched,,นราธิวาส,ตากใบ,โคกมาร์บา,,,6.238953,101.995454,dra-991
unmatched,,นราธิวาส,ตากใบ,ดารุสาลาม,,,6.238953,101.995454,dra-992
unmatched,,นราธิวาส,ตากใบ,ตักวา,,,6.238953,101.995454,dra-993
unmatched,,นราธิวาส,ตากใบ,ฮีดายะห์,,,6.238953,101.995454,dra-994
unmatched,,นราธิวาส,ตากใบ,ยาแมะ,,,6.238953,101.995454,dra-995
unmatched,,นราธิวาส,ตากใบ,อิฮซาน,,,6.238953,101.995454,dra-996
unmatched,,นราธิวาส,ตากใบ,อัลยาตุลอิฮสานิยะห์,,,6.238953,101.995454,dra-997
unmatched,,นราธิวาส,ตากใบ,อัมโมรอิสลามียะห์,,,6.238953,101.995454,dra-998
unmatched,,นราธิวาส,ตากใบ,นูร์อีมาน,,,6.238953,101.995454,dra-999
unmatched,,นราธิวาส,ตากใบ,อุลเวียะห์,,,6.238953,101.995454,dra-1000
unmatched,,นราธิวาส,ตากใบ,ปาดาดี,,,6.238953,101.995454,dra-1001
unmatched,,นราธิวาส,ตากใบ,ดารุลกะรอมะห์,,,6.238953,101.995454,dra-1002
unmatched,,นราธิวาส,ตากใบ,ตากั๋วอิสลามียะห์,,,6.238953,101.995454,dra-1003
unmatched,,นราธิวาส,ตากใบ,อามานะห์,,,6.238953,101.995454,dra-1004
unmatched,,นราธิวาส,ตากใบ,อัซซาอาดะห์,,,6.238953,101.995454,dra-1005
unmatched,,นราธิวาส,ตากใบ,อีบาดะห์,,,6.238953,101.995454,dra-1006
unmatched,,นราธิวาส,ตากใบ,นูรุลฮีดายะห์,,,6.238953,101.995454,dra-1007
unmatched,,นราธิวาส,ตากใบ,อิสละห์,,,6.238953,101.995454,dra-1008
unmatched,,นราธิวาส,ตากใบ,บาเดาะมาตี,,,6.238953,101.995454,dra-1009
unmatched,,นราธิวาส,ตากใบ,อิสซัน,,,6.238953,101.995454,dra-1010
unmatched,,นราธิวาส,ตากใบ,ดารุสลาม,,,6.238953,101.995454,dra-1011
unmatched,,นราธิวาส,ตากใบ,อิสลามียะห์,,,6.238953,101.995454,dra-1012
unmatched,,นราธิวาส,ตากใบ,ดารุลฟิรเดาส,,,6.238953,101.995454,dra-1013
unmatched,,นราธิวาส,ตากใบ,อันนูร์,,,6.238953,101.995454,dra-1014
unmatched,,นราธิวาส,ตากใบ,อาบาดียะห์,,,6.238953,101.995454,dra-1015
unmatched,,นราธิวาส,ตากใบ,รอห์มานียะห์,,,6.238953,101.995454,dra-1016
unmatched,,นราธิวาส,ตากใบ,ซาอีดี,,,6.238953,101.995454,dra-1017
unmatched,,นราธิวาส,ตากใบ,ดารุลอีหม่าน(บ้านศาลาเชือก),,,6.238953,101.995454,dra-1018
unmatched,,นราธิวาส,นราธิวาส,บ้านโคกสุมุ,,,6.208021,101.75871,dra-1019
unmatched,,นราธิวาส,นราธิวาส,กูแบบองอ,,,6.208021,101.75871,dra-1020
unmatched,,นราธิวาส,นราธิวาส,ญันนาตุลฟิรเดาซ,,,6.208021,101.75871,dra-1021
unmatched,,นราธิวาส,บาเจาะ,ยือลูตง,,,6.553446,101.650407,dra-1022
unmatched,,นราธิวาส,บาเจาะ,กาเยาะมาตี,,,6.553446,101.650407,dra-1023
unmatched,,นราธิวาส,บาเจาะ,ดารุลริฎวาน,,,6.553446,101.650407,dra-1024
unmatched,,นราธิวาส,บาเจาะ,อัตตอฮีรียะห์ (ลูกู),,,6.553446,101.650407,dra-1025
unmatched,,นราธิวาส,บาเจาะ,บือเจาะ,,,6.553446,101.650407,dra-1026
unmatched,,นราธิวาส,บาเจาะ,ดาโรสซาลัม,,,6.553446,101.650407,dra-1027
unmatched,,นราธิวาส,บาเจาะ,สะแต,,,6.553446,101.650407,dra-1028
unmatched,,นราธิวาส,บาเจาะ,นูรุลอีมาน (อัลยาดิ),,,6.553446,101.650407,dra-1029
unmatched,,นราธิวาส,บาเจาะ,นูรุลฮูดา,,,6.553446,101.650407,dra-1030
unmatched,,นราธิวาส,บาเจาะ,นูรูลอิสลาม,,,6.553446,101.650407,dra-1031
unmatched,,นราธิวาส,บาเจาะ,ดารุลเกาษัร,,,6.553446,101.650407,dra-1032
unmatched,,นราธิวาส,บาเจาะ,ดารุลมะมุร์,,,6.553446,101.650407,dra-1033
unmatched,,นราธิวาส,บาเจาะ,ดารุลนาอีม,,,6.553446,101.650407,dra-1034
unmatched,,นราธิวาส,บาเจาะ,ดารุลอามาน,,,6.553446,101.650407,dra-1035
unmatched,,นราธิวาส,บาเจาะ,กามาลูลยากีน,,,6.553446,101.650407,dra-1036
unmatched,,นราธิวาส,บาเจาะ,รียาฎอตุลญันนะห์,,,6.553446,101.650407,dra-1037
unmatched,,นราธิวาส,บาเจาะ,ชูโว,,,6.553446,101.650407,dra-1038
unmatched,,นราธิวาส,บาเจาะ,บือเราะ,,,6.553446,101.650407,dra-1039
unmatched,,นราธิวาส,บาเจาะ,กือแลแมเราะ,,,6.553446,101.650407,dra-1040
unmatched,,นราธิวาส,บาเจาะ,ดารุลนาอีน (ยกเลิก),,,6.553446,101.650407,dra-1041
unmatched,,นราธิวาส,บาเจาะ,ดารุลนาอิน (ยามูฆือแล),,,6.553446,101.650407,dra-1042
unmatched,,นราธิวาส,บาเจาะ,ฮีดายาดุลซอลีฮีน,,,6.553446,101.650407,dra-1043
unmatched,,นราธิวาส,บาเจาะ,บูเกะสะดอ,,,6.553446,101.650407,dra-1044
unmatched,,นราธิวาส,บาเจาะ,ยามูแรแน,,,6.553446,101.650407,dra-1045
unmatched,,นราธิวาส,บาเจาะ,อีโยะ,,,6.553446,101.650407,dra-1046
unmatched,,นราธิวาส,บาเจาะ,ญาโตะ,,,6.553446,101.650407,dra-1047
unmatched,,นราธิวาส,บาเจาะ,ฮีดายาตุลมุตตากีน,,,6.553446,101.650407,dra-1048
unmatched,,นราธิวาส,บาเจาะ,ยือลอ,,,6.553446,101.650407,dra-1049
unmatched,,นราธิวาส,บาเจาะ,เราฎอตุลยันนะห์,,,6.553446,101.650407,dra-1050
unmatched,,นราธิวาส,บาเจาะ,แคและ,,,6.553446,101.650407,dra-1052
unmatched,,นราธิวาส,บาเจาะ,ชะมูแล,,,6.553446,101.650407,dra-1053
unmatched,,นราธิวาส,บาเจาะ,บาโง,,,6.553446,101.650407,dra-1054
unmatched,,นราธิวาส,บาเจาะ,ปะลุกาสาเมาะ,,,6.553446,101.650407,dra-1055
unmatched,,นราธิวาส,บาเจาะ,ปะลุกาสาเมาะ,,,6.553446,101.650407,dra-1056
unmatched,,นราธิวาส,บาเจาะ,บ้านบาตู,,,6.553446,101.650407,dra-1057
unmatched,,นราธิวาส,บาเจาะ,ดารุลพาล๊ะ,,,6.553446,101.650407,dra-1058
unmatched,,นราธิวาส,บาเจาะ,นูรุลอิสลาม (บ้านปะลุกาสาเมาะ),,,6.553446,101.650407,dra-1059
unmatched,,นราธิวาส,บาเจาะ,อัตตัรบียะห์,,,6.553446,101.650407,dra-1060
unmatched,,นราธิวาส,บาเจาะ,อิสลาฮุดดีน,,,6.553446,101.650407,dra-1061
unmatched,,นราธิวาส,บาเจาะ,ดารุลนาอีม,,,6.553446,101.650407,dra-1062
unmatched,,นราธิวาส,บาเจาะ,ซีอารุดดีน,,,6.553446,101.650407,dra-1063
unmatched,,นราธิวาส,บาเจาะ,ซีรอตุลญันนะฮ์,,,6.553446,101.650407,dra-1064
unmatched,,นราธิวาส,บาเจาะ,อัลฮิดายาตุลอิสลามียะห์,,,6.553446,101.650407,dra-1065
unmatched,,นราธิวาส,บาเจาะ,ดารุลมุคลีซีน,,,6.553446,101.650407,dra-1066
unmatched,,นราธิวาส,บาเจาะ,บากง,,,6.553446,101.650407,dra-1067
unmatched,,นราธิวาส,บาเจาะ,ดารุลอามาน,,,6.553446,101.650407,dra-1068
unmatched,,นราธิวาส,บาเจาะ,อัตตักวา,,,6.553446,101.650407,dra-1069
unmatched,,นราธิวาส,บาเจาะ,ดารุลอามาน,,,6.553446,101.650407,dra-1070
unmatched,,นราธิวาส,บาเจาะ,ดารุลมะมูร์,,,6.553446,101.650407,dra-1071
unmatched,,นราธิวาส,บาเจาะ,นุรุลฮูดา,,,6.553446,101.650407,dra-1073
unmatched,,นราธิวาส,เมือง,ยาบี,,,6.430104,101.814097,dra-1074
unmatched,,นราธิวาส,เมือง,รูแตบาตู,,,6.430104,101.814097,dra-1075
unmatched,,นราธิวาส,เมือง,กูแบสาวอ,,,6.430104,101.814097,dra-1076
unmatched,,นราธิวาส,เมือง,มุสตากาเร็ม,,,6.430104,101.814097,dra-1077
unmatched,,นราธิวาส,เมือง,กือแนะ,,,6.430104,101.814097,dra-1078
unmatched,,นราธิวาส,เมือง,ดาริลคอยรียะห์,,,6.430104,101.814097,dra-1079
unmatched,,นราธิวาส,เมือง,โคกศิลา,,,6.430104,101.814097,dra-1080
unmatched,,นราธิวาส,เมือง,นูรุลเตาเฟก,,,6.430104,101.814097,dra-1081
unmatched,,นราธิวาส,เมือง,อัลเราะห์มาน,,,6.430104,101.814097,dra-1082
unmatched,,นราธิวาส,เมือง,นูรานี,,,6.430104,101.814097,dra-1083
unmatched,,นราธิวาส,เมือง,บูเก็ตตาหยง,,,6.430104,101.814097,dra-1084
unmatched,,นราธิวาส,เมือง,ปือเร,,,6.430104,101.814097,dra-1085
unmatched,,นราธิวาส,เมือง,ปูลากาปัส,,,6.430104,101.814097,dra-1086
unmatched,,นราธิวาส,เมือง,บ้านใหม่,,,6.430104,101.814097,dra-1087
unmatched,,นราธิวาส,เมือง,คอยรียะห์,,,6.430104,101.814097,dra-1088
unmatched,,นราธิวาส,เมือง,นูรูลบะห์รี,,,6.430104,101.814097,dra-1089
unmatched,,นราธิวาส,เมือง,อัลฟัลละห์,,,6.430104,101.814097,dra-1090
unmatched,,นราธิวาส,เมือง,นูรุลฮูดา โคกสลายอ),,,6.430104,101.814097,dra-1091
unmatched,,นราธิวาส,เมือง,อันวารียะห์,,,6.430104,101.814097,dra-1092
unmatched,,นราธิวาส,เมือง,มิสบาฮุดดีน,,,6.430104,101.814097,dra-1093
review,78.8,นราธิวาส,เมือง,นูรุลอิฮซาน,มัสยิด​อัล–อิฮซาน,node/2412873390,6.442117,101.824851,dra-1094
unmatched,,นราธิวาส,เมือง,ฮูดัยมียะห์,,,6.430104,101.814097,dra-1095
unmatched,,นราธิวาส,เมือง,มูฮัมมาดี (บ้านทอน),,,6.430104,101.814097,dra-1096
unmatched,,นราธิวาส,เมือง,บาโง,,,6.430104,101.814097,dra-1097
unmatched,,นราธิวาส,เมือง,บ้านบือราเป๊ะ,,,6.430104,101.814097,dra-1098
unmatched,,นราธิวาส,เมือง,ยามาอียะห์,,,6.430104,101.814097,dra-1099
unmatched,,นราธิวาส,เมือง,อัดบารียะห์,,,6.430104,101.814097,dra-1100
unmatched,,นราธิวาส,เมือง,นูรูลยาบาลี,,,6.430104,101.814097,dra-1101
unmatched,,นราธิวาส,เมือง,ตือลาฆอบือตัน,,,6.430104,101.814097,dra-1102
unmatched,,นราธิวาส,เมือง,นูรุสอิสลามมียะห์,,,6.430104,101.814097,dra-1103
unmatched,,นราธิวาส,เมือง,ดารุลสลาม,,,6.430104,101.814097,dra-1104
unmatched,,นราธิวาส,เมือง,อาบีบักร,,,6.430104,101.814097,dra-1105
unmatched,,นราธิวาส,เมือง,ดารุลซุนนะห์,,,6.430104,101.814097,dra-1106
unmatched,,นราธิวาส,เมือง,นูรุลฮูดา,,,6.430104,101.814097,dra-1107
unmatched,,นราธิวาส,เมือง,ยูมอิยะห์,,,6.430104,101.814097,dra-1108
unmatched,,นราธิวาส,เมือง,ยามาอิลาอัลยากานี,,,6.430104,101.814097,dra-1109
unmatched,,นราธิวาส,เมือง,ดารุลคอย,,,6.430104,101.814097,dra-1110
unmatched,,นราธิวาส,เมือง,นูรูลฮูดา,,,6.430104,101.814097,dra-1111
unmatched,,นราธิวาส,เมือง,กำปงตาโก๊ะ,,,6.430104,101.814097,dra-1112
unmatched,,นราธิวาส,เมือง,อัยนูร์,,,6.430104,101.814097,dra-1113
unmatched,,นราธิวาส,เมือง,บูรณะ ชุมชนกำปงตาโก๊ะ,,,6.430104,101.814097,dra-1115
unmatched,,นราธิวาส,เมือง,ดาริลฟาลาฮ,,,6.430104,101.814097,dra-1117
unmatched,,นราธิวาส,เมือง,กาโป๊งฮูมอ,,,6.430104,101.814097,dra-1118
unmatched,,นราธิวาส,เมือง,แคนา (นูรุลกอมัร),,,6.430104,101.814097,dra-1119
unmatched,,นราธิวาส,เมือง,โต๊ะคำ,,,6.430104,101.814097,dra-1120
unmatched,,นราธิวาส,เมือง,ดารุสซาลัม,,,6.430104,101.814097,dra-1121
unmatched,,นราธิวาส,เมือง,สะฟีนะตุลอาฆีเราะห์,,,6.430104,101.814097,dra-1122
unmatched,,นราธิวาส,เมือง,นูรุตเตาพิก,,,6.430104,101.814097,dra-1123
unmatched,,นราธิวาส,เมือง,ดารุลบายาน,,,6.430104,101.814097,dra-1124
unmatched,,นราธิวาส,เมือง,ดารุสสลาม,,,6.430104,101.814097,dra-1125
unmatched,,นราธิวาส,เมือง,อัลวุสฎอ,,,6.430104,101.814097,dra-1126
unmatched,,นราธิวาส,เมือง,สุไหงบาลา,,,6.430104,101.814097,dra-1127
unmatched,,นราธิวาส,เมือง,นูรุดดีนียะห์,,,6.430104,101.814097,dra-1128
unmatched,,นราธิวาส,เมือง,อัตตักวาร์,,,6.430104,101.814097,dra-1129
unmatched,,นราธิวาส,เมือง,นูรูลฮูดา,,,6.430104,101.814097,dra-1130
unmatched,,นราธิวาส,เมือง,อุลินนุฮา,,,6.430104,101.814097,dra-1131
unmatched,,นราธิวาส,เมือง,อุรวาติลวุชกอ,,,6.430104,101.814097,dra-1132
unmatched,,นราธิวาส,เมือง,ดารุลอิหม่าม,,,6.430104,101.814097,dra-1133
unmatched,,นราธิวาส,เมือง,ดารุลมุนตาฮา,,,6.430104,101.814097,dra-1134
unmatched,,นราธิวาส,เมือง,ตะอะวานียะห์,,,6.430104,101.814097,dra-1135
unmatched,,นราธิวาส,เมือง,บูเก๊ะกุนุง,,,6.430104,101.814097,dra-1136
unmatched,,นราธิวาส,เมือง,บ้านทุ่งขนุน,,,6.430104,101.814097,dra-1137
unmatched,,นราธิวาส,เมือง,ตันหยงลูโล๊ะ,,,6.430104,101.814097,dra-1138
unmatched,,นราธิวาส,เมือง,อัลรอบีตอตุลอิสลามมียะห์,,,6.430104,101.814097,dra-1139
unmatched,,นราธิวาส,เมือง,อิสลามียะห์,,,6.430104,101.814097,dra-1140
unmatched,,นราธิวาส,เมือง,อัญมาญีดี,,,6.430104,101.814097,dra-1141
unmatched,,นราธิวาส,เมือง,ดารุลอิสละห์,,,6.430104,101.814097,dra-1142
unmatched,,นราธิวาส,เมือง,ดารุสสลาม,,,6.430104,101.814097,dra-1143
unmatched,,นราธิวาส,ยี่งอ,อัลอิศลาหฺ,,,6.423672,101.704462,dra-1144
unmatched,,นราธิวาส,ยี่งอ,ยามิตุ้ลอิมาดตุ้ลอิสลาม,,,6.423672,101.704462,dra-1145
unmatched,,นราธิวาส,ยี่งอ,อิคราฮ (ยกเลิก),,,6.423672,101.704462,dra-1146
unmatched,,นราธิวาส,ยี่งอ,ไซยคุลอิสลาม,,,6.423672,101.704462,dra-1147
unmatched,,นราธิวาส,ยี่งอ,อัลหูดา,,,6.423672,101.704462,dra-1148
unmatched,,นราธิวาส,ยี่งอ,จือเบาะ,,,6.423672,101.704462,dra-1149
unmatched,,นราธิวาส,ยี่งอ,อัลอูลูมิดดีนียะห์,,,6.423672,101.704462,dra-1150
unmatched,,นราธิวาส,ยี่งอ,ซอฮาบีย์อุมัรบินค็อบต๊อบ,,,6.423672,101.704462,dra-1151
unmatched,,นราธิวาส,ยี่งอ,เราฎอตุลญันนะห์,,,6.423672,101.704462,dra-1152
unmatched,,นราธิวาส,ยี่งอ,ลูโบ๊ะปาเระ,,,6.423672,101.704462,dra-1153
unmatched,,นราธิวาส,ยี่งอ,ดารูลอามัน,,,6.423672,101.704462,dra-1154
unmatched,,นราธิวาส,ยี่งอ,ปะลุกาสานอ,,,6.423672,101.704462,dra-1155
unmatched,,นราธิวาส,ยี่งอ,กูยิ,,,6.423672,101.704462,dra-1156
unmatched,,นราธิวาส,ยี่งอ,บาลุกา,,,6.423672,101.704462,dra-1157
unmatched,,นราธิวาส,ยี่งอ,นูรุลอิสซาน,,,6.423672,101.704462,dra-1158
unmatched,,นราธิวาส,ยี่งอ,ปาดังมัสกูยิฮิเล,,,6.423672,101.704462,dra-1159
unmatched,,นราธิวาส,ยี่งอ,ดารุลฮูดา (บ้านตือโล๊ะมียุง),,,6.423672,101.704462,dra-1160
unmatched,,นราธิวาส,ยี่งอ,ดาริลฟาละห์,,,6.423672,101.704462,dra-1161
unmatched,,นราธิวาส,ยี่งอ,ดารุลอีมาน,,,6.423672,101.704462,dra-1162
unmatched,,นราธิวาส,ยี่งอ,ญามิอฺ (เดิมชื่อยาเมร์),,,6.423672,101.704462,dra-1163
unmatched,,นราธิวาส,ยี่งอ,อิเด๊าะ,,,6.423672,101.704462,dra-1164
unmatched,,นราธิวาส,ยี่งอ,กามาลิดดิน,,,6.423672,101.704462,dra-1165
unmatched,,นราธิวาส,ยี่งอ,ดารุลฟาละห์,,,6.423672,101.704462,dra-1166
unmatched,,นราธิวาส,ยี่งอ,ดารุลฮูดา (บ้านกูเล็ง),,,6.423672,101.704462,dra-1167
unmatched,,นราธิวาส,ยี่งอ,ดารุลอีมาน,,,6.423672,101.704462,dra-1168
unmatched,,นราธิวาส,ยี่งอ,เดียอุลฮักโต๊ะคอลี,,,6.423672,101.704462,dra-1169
unmatched,,นราธิวาส,ยี่งอ,อัลอัจญริดดาอิม,,,6.423672,101.704462,dra-1170
unmatched,,นราธิวาส,ยี่งอ,ดารุลมุคลีซีน (บ้านบาโง),,,6.423672,101.704462,dra-1171
unmatched,,นราธิวาส,ยี่งอ,อัลดีณียะห์,,,6.423672,101.704462,dra-1172
unmatched,,นราธิวาส,ยี่งอ,บ้านปูตะ,,,6.423672,101.704462,dra-1173
unmatched,,นราธิวาส,ยี่งอ,ละหาร,,,6.423672,101.704462,dra-1174
unmatched,,นราธิวาส,ยี่งอ,โต๊ะแม,,,6.423672,101.704462,dra-1175
unmatched,,นราธิวาส,ยี่งอ,บ้านบาโงละหาร,,,6.423672,101.704462,dra-1176
unmatched,,นราธิวาส,ยี่งอ,อัลเราะห์มานียะห์,,,6.423672,101.704462,dra-1177
unmatched,,นราธิวาส,ยี่งอ,ดารุลอีมาน,,,6.423672,101.704462,dra-1178
unmatched,,นราธิวาส,ยี่งอ,อัลบายาน,,,6.423672,101.704462,dra-1179
unmatched,,นราธิวาส,ยี่งอ,ดารุลเราะห์มาน,,,6.423672,101.704462,dra-1180
unmatched,,นราธิวาส,ยี่งอ,นูรดีน,,,6.423672,101.704462,dra-1181
unmatched,,นราธิวาส,ยี่งอ,มากอบูดิน,,,6.423672,101.704462,dra-1182
unmatched,,นราธิวาส,ยี่งอ,คอยรียะห์ (กือปาลอบาตัส),,,6.423672,101.704462,dra-1183
unmatched,,นราธิวาส,ยี่งอ,ดาริลคอยรียะห์,,,6.423672,101.704462,dra-1184
unmatched,,นราธิวาส,ยี่งอ,ตัรบียะห์อัดดีนียะห์,,,6.423672,101.704462,dra-1185
unmatched,,นราธิวาส,ยี่งอ,ดารุลตะเล็ม,,,6.423672,101.704462,dra-1186
unmatched,,นราธิวาส,ยี่งอ,ยุมอียะห์,,,6.423672,101.704462,dra-1187
unmatched,,นราธิวาส,ยี่งอ,อัลฟาลาห,,,6.423672,101.704462,dra-1188
unmatched,,นราธิวาส,ยี่งอ,ดารุลเตาฮีดียะห์,,,6.423672,101.704462,dra-1189
unmatched,,นราธิวาส,ยี่งอ,อิสลามเมย๊ะ,,,6.423672,101.704462,dra-1190
unmatched,,นราธิวาส,ยี่งอ,ดารุสอิสลามียะห์,,,6.423672,101.704462,dra-1191
unmatched,,นราธิวาส,ยี่งอ,ดารุลวุซกอ,,,6.423672,101.704462,dra-1192
unmatched,,นราธิวาส,ยี่งอ,ลุโบะบือซา,,,6.423672,101.704462,dra-1193
unmatched,,นราธิวาส,ยี่งอ,อัลยามียะห์ (บ้านโคกบาแล),,,6.423672,101.704462,dra-1194
unmatched,,นราธิวาส,ระแงะ,บ้านกะลีซา,,,6.243343,101.707787,dra-1195
unmatched,,นราธิวาส,ระแงะ,กะนั๊ว,,,6.243343,101.707787,dra-1196
unmatched,,นราธิวาส,ระแงะ,บ้านตันหยงกาลิซา,,,6.243343,101.707787,dra-1197
unmatched,,นราธิวาส,ระแงะ,ดารุลอัรกอม บ้านบาโงกะนัวะ,,,6.243343,101.707787,dra-1198
unmatched,,นราธิวาส,ระแงะ,นูรุลฮูดา,,,6.243343,101.707787,dra-1199
unmatched,,นราธิวาส,ระแงะ,ปูโง๊ะ,,,6.243343,101.707787,dra-1200
unmatched,,นราธิวาส,ระแงะ,ดารุลฮีดายะห์,,,6.243343,101.707787,dra-1201
unmatched,,นราธิวาส,ระแงะ,ดารุลอิห์ซาน,,,6.243343,101.707787,dra-1202
unmatched,,นราธิวาส,ระแงะ,ดารุลนาอิม,,,6.243343,101.707787,dra-1203
unmatched,,นราธิวาส,ระแงะ,นูรุดดีน,,,6.243343,101.707787,dra-1204
unmatched,,นราธิวาส,ระแงะ,นูรุลฮูดา (บ้านกาแลแง),,,6.243343,101.707787,dra-1205
unmatched,,นราธิวาส,ระแงะ,ดะวาตุลฮัก,,,6.243343,101.707787,dra-1206
unmatched,,นราธิวาส,ระแงะ,บ้านโกล,,,6.243343,101.707787,dra-1207
unmatched,,นราธิวาส,ระแงะ,อัลหูรียะห์,,,6.243343,101.707787,dra-1208
unmatched,,นราธิวาส,ระแงะ,ลูโบ๊ะกาเยาะ,,,6.243343,101.707787,dra-1209
unmatched,,นราธิวาส,ระแงะ,อะมาดียะห์,,,6.243343,101.707787,dra-1210
unmatched,,นราธิวาส,ระแงะ,บ้านทำนบ,,,6.243343,101.707787,dra-1211
unmatched,,นราธิวาส,ระแงะ,บ้านสิโป,,,6.243343,101.707787,dra-1212
unmatched,,นราธิวาส,ระแงะ,กูจิงลือปะ,,,6.243343,101.707787,dra-1213
unmatched,,นราธิวาส,ระแงะ,ลูโบ๊ะฆูเร็ง,,,6.243343,101.707787,dra-1214
unmatched,,นราธิวาส,ระแงะ,บาโงลูโบ๊ะอาแน,,,6.243343,101.707787,dra-1215
unmatched,,นราธิวาส,ระแงะ,อัลนุดดีน,,,6.243343,101.707787,dra-1216
unmatched,,นราธิวาส,ระแงะ,ดารุลอามาน,,,6.243343,101.707787,dra-1217
unmatched,,นราธิวาส,ระแงะ,รียาตุลริดวาน (บือนือเร๊ะ),,,6.243343,101.707787,dra-1218
unmatched,,นราธิวาส,ระแงะ,อูมมูลกูรอ,,,6.243343,101.707787,dra-1219
unmatched,,นราธิวาส,ระแงะ,ตันหยงมัส,,,6.243343,101.707787,dra-1220
unmatched,,นราธิวาส,ระแงะ,บูเก๊ะสามี,,,6.243343,101.707787,dra-1221
unmatched,,นราธิวาส,ระแงะ,แกแม,,,6.243343,101.707787,dra-1222
unmatched,,นราธิวาส,ระแงะ,ฮูลูปาเร๊ะ,,,6.243343,101.707787,dra-1223
unmatched,,นราธิวาส,ระแงะ,บูเก๊ะบูแย,,,6.243343,101.707787,dra-1224
unmatched,,นราธิวาส,ระแงะ,บาโงอาแซ,,,6.243343,101.707787,dra-1225
unmatched,,นราธิวาส,ระแงะ,บือแนกือเปาะ,,,6.243343,101.707787,dra-1226
unmatched,,นราธิวาส,ระแงะ,นูรุลอิฮซาน,,,6.243343,101.707787,dra-1227
unmatched,,นราธิวาส,ระแงะ,เราะห์มานียะห์,,,6.243343,101.707787,dra-1228
unmatched,,นราธิวาส,ระแงะ,นูรุลฮูดา,,,6.243343,101.707787,dra-1229
unmatched,,นราธิวาส,ระแงะ,ดารุลอิฮซาน,,,6.243343,101.707787,dra-1230
unmatched,,นราธิวาส,ระแงะ,ดารุลมะมูร,,,6.243343,101.707787,dra-1231
unmatched,,นราธิวาส,ระแงะ,นูรูลมุตตากีน,,,6.243343,101.707787,dra-1232
unmatched,,นราธิวาส,ระแงะ,วะฮดาตุลอิสลามียะห์,,,6.243343,101.707787,dra-1233
unmatched,,นราธิวาส,ระแงะ,ตาโละ,,,6.243343,101.707787,dra-1234
unmatched,,นราธิวาส,ระแงะ,ตันหยงลิมอ,,,6.243343,101.707787,dra-1235
unmatched,,นราธิวาส,ระแงะ,ดารุลมูกอรอบีน,,,6.243343,101.707787,dra-1236
unmatched,,นราธิวาส,ระแงะ,ดามาบัวะ,,,6.243343,101.707787,dra-1237
unmatched,,นราธิวาส,ระแงะ,ดารุลดินอิสลาม,,,6.243343,101.707787,dra-1238
unmatched,,นราธิวาส,ระแงะ,สโลไอปาเส,,,6.243343,101.707787,dra-1239
unmatched,,นราธิวาส,ระแงะ,บาโงบือราแง,,,6.243343,101.707787,dra-1240
unmatched,,นราธิวาส,ระแงะ,ดารุสสลาม,,,6.243343,101.707787,dra-1241
unmatched,,นราธิวาส,ระแงะ,ดารุลนิมะห์,,,6.243343,101.707787,dra-1242
unmatched,,นราธิวาส,ระแงะ,นูรูลอับดี,,,6.243343,101.707787,dra-1243
unmatched,,นราธิวาส,ระแงะ,บองอ,,,6.243343,101.707787,dra-1244
unmatched,,นราธิวาส,ระแงะ,ลูโบ๊ะบราแง,,,6.243343,101.707787,dra-1245
unmatched,,นราธิวาส,ระแงะ,อ๊ะยาตุชสรีฟ,,,6.243343,101.707787,dra-1246
unmatched,,นราธิวาส,ระแงะ,กูตง,,,6.243343,101.707787,dra-1247
unmatched,,นราธิวาส,ระแงะ,ลาแป,,,6.243343,101.707787,dra-1248
unmatched,,นราธิวาส,ระแงะ,ยามาอาตุลอิสลาม,,,6.243343,101.707787,dra-1249
unmatched,,นราธิวาส,ระแงะ,อาแน,,,6.243343,101.707787,dra-1250
unmatched,,นราธิวาส,ระแงะ,ยอฮอ,,,6.243343,101.707787,dra-1251
unmatched,,นราธิวาส,ระแงะ,น๊ะดอตุลอิสลามีย๊ะ,,,6.243343,101.707787,dra-1252
unmatched,,นราธิวาส,ระแงะ,สาเลาะ,,,6.243343,101.707787,dra-1253
unmatched,,นราธิวาส,ระแงะ,อัตตัรบียาตุลอิสลามียะห์,,,6.243343,101.707787,dra-1254
unmatched,,นราธิวาส,ระแงะ,โต๊ะอีแต,,,6.243343,101.707787,dra-1255
unmatched,,นราธิวาส,ระแงะ,ยันนาตุลดีนียะห์,,,6.243343,101.707787,dra-1256
unmatched,,นราธิวาส,ระแงะ,เราฎออตุลยันนะห์,,,6.243343,101.707787,dra-1257
unmatched,,นราธิวาส,ระแงะ,ดารุลอัรกอมอัลอิสลามียะห์,,,6.243343,101.707787,dra-1258
unmatched,,นราธิวาส,ระแงะ,นูรุลวาตอน,,,6.243343,101.707787,dra-1259
unmatched,,นราธิวาส,ระแงะ,ดารุลอิฮ์ซาน,,,6.243343,101.707787,dra-1260
unmatched,,นราธิวาส,ระแงะ,ดารุลอีมาน,,,6.243343,101.707787,dra-1261
unmatched,,นราธิวาส,ระแงะ,ดารุลฟุรกอน,,,6.243343,101.707787,dra-1262
unmatched,,นราธิวาส,ระแงะ,อัลมูบาร๊อก,,,6.243343,101.707787,dra-1263
unmatched,,นราธิวาส,ระแงะ,ตราแดะ,,,6.243343,101.707787,dra-1264
unmatched,,นราธิวาส,ระแงะ,ยาดีด,,,6.243343,101.707787,dra-1265
unmatched,,นราธิวาส,ระแงะ,นูรีลฮีดายะห์,,,6.243343,101.707787,dra-1266
unmatched,,นราธิวาส,ระแงะ,บือละตัน,,,6.243343,101.707787,dra-1267
unmatched,,นราธิวาส,ระแงะ,ฆอยเรียะห์,,,6.243343,101.707787,dra-1268
unmatched,,นราธิวาส,ระแงะ,ดารุลอิสลาห์,,,6.243343,101.707787,dra-1269
unmatched,,นราธิวาส,ระแงะ,ดารุลฮูดาบาโงตา,,,6.243343,101.707787,dra-1270
unmatched,,นราธิวาส,ระแงะ,อาดีนียะห์อิสลามียะห์,,,6.243343,101.707787,dra-1271
unmatched,,นราธิวาส,ระแงะ,นูร์อิสลามียะห์,,,6.243343,101.707787,dra-1272
unmatched,,นราธิวาส,ระแงะ,มะรือโบตก,,,6.243343,101.707787,dra-1273
unmatched,,นราธิวาส,ระแงะ,บูเก๊ะกะมูนิง,,,6.243343,101.707787,dra-1274
unmatched,,นราธิวาส,ระแงะ,อามานียะห์ (ยกเลิก),,,6.243343,101.707787,dra-1275
unmatched,,นราธิวาส,ระแงะ,บ้านกาปงปาเระ,,,6.243343,101.707787,dra-1276
unmatched,,นราธิวาส,ระแงะ,อิสลามียะห์,,,6.243343,101.707787,dra-1277
unmatched,,นราธิวาส,ระแงะ,ปละเอ็ง,,,6.243343,101.707787,dra-1278
unmatched,,นราธิวาส,ระแงะ,ดารุสาลาม,,,6.243343,101.707787,dra-1279
unmatched,,นราธิวาส,ระแงะ,อัลเราะมานียะห์,,,6.243343,101.707787,dra-1280
unmatched,,นราธิวาส,ระแงะ,อัซซากอฟะห์อัดดีนียะห์,,,6.243343,101.707787,dra-1281
unmatched,,นราธิวาส,ระแงะ,ดารุลนาอีน,,,6.243343,101.707787,dra-1282
unmatched,,นราธิวาส,ระแงะ,อันนูรรุลอิสลามียะห์,,,6.243343,101.707787,dra-1283
unmatched,,นราธิวาส,ระแงะ,นูรุลฮูคา (บ้านบูเกะปือเราะ),,,6.243343,101.707787,dra-1284
unmatched,,นราธิวาส,ระแงะ,อาบีบาการ์อัลซิดิก,,,6.243343,101.707787,dra-1285
unmatched,,นราธิวาส,รือเสาะ,ดารุลยาบาล บ้านไอจือโฆ๊ะ,,,6.371788,101.517538,dra-1286
unmatched,,นราธิวาส,รือเสาะ,ดารุลตักวา,,,6.371788,101.517538,dra-1287
unmatched,,นราธิวาส,รือเสาะ,นูรุลฮีดายะห์,,,6.371788,101.517538,dra-1288
unmatched,,นราธิวาส,รือเสาะ,ดาริซซอลีฮีน (กือบงซีเร๊ะห์),,,6.371788,101.517538,dra-1289
unmatched,,นราธิวาส,รือเสาะ,อัสฮาบุลกะห์ฟี,,,6.371788,101.517538,dra-1290
unmatched,,นราธิวาส,รือเสาะ,ดารุลอามาน,,,6.371788,101.517538,dra-1291
unmatched,,นราธิวาส,รือเสาะ,ดารุลอิซซาน,,,6.371788,101.517538,dra-1292
unmatched,,นราธิวาส,รือเสาะ,ดารุลมะมูร,,,6.371788,101.517538,dra-1293
unmatched,,นราธิวาส,รือเสาะ,ดารุลอิห์ซาน,,,6.371788,101.517538,dra-1294
unmatched,,นราธิวาส,รือเสาะ,ดารุลยาดีดี,,,6.371788,101.517538,dra-1295
unmatched,,นราธิวาส,รือเสาะ,อัลฮีลาลียะห์,,,6.371788,101.517538,dra-1296
unmatched,,นราธิวาส,รือเสาะ,บือตง,,,6.371788,101.517538,dra-1297
unmatched,,นราธิวาส,รือเสาะ,ตือบิงตีงี,,,6.371788,101.517538,dra-1298
unmatched,,นราธิวาส,รือเสาะ,ดารุสซาลาม,,,6.371788,101.517538,dra-1299
unmatched,,นราธิวาส,รือเสาะ,ดารุลอามาน,,,6.371788,101.517538,dra-1300
unmatched,,นราธิวาส,รือเสาะ,ดารุลนาอีม,,,6.371788,101.517538,dra-1301
unmatched,,นราธิวาส,รือเสาะ,อีกอมุดดีน,,,6.371788,101.517538,dra-1302
unmatched,,นราธิวาส,รือเสาะ,ตะลีมิดดีนิงยะห์,,,6.371788,101.517538,dra-1303
unmatched,,นราธิวาส,รือเสาะ,ดารุลอามาล,,,6.371788,101.517538,dra-1304
unmatched,,นราธิวาส,รือเสาะ,มูฮำมะดียะห์,,,6.371788,101.517538,dra-1305
unmatched,,นราธิวาส,รือเสาะ,รอฮีม๊ะห์,,,6.371788,101.517538,dra-1306
unmatched,,นราธิวาส,รือเสาะ,บือดังยือลามัน,,,6.371788,101.517538,dra-1307
unmatched,,นราธิวาส,รือเสาะ,นูรุลฮีดายะห์ (บาโงปริเม็ง),,,6.371788,101.517538,dra-1308
unmatched,,นราธิวาส,รือเสาะ,นูรุลอินซาน,,,6.371788,101.517538,dra-1309
review,75.0,นราธิวาส,รือเสาะ,เราะออตุลยันนะห์ (บ้านบาเละ),มัสยิดบ้านบลูกาฮูลู,node/2990793066,6.333401,101.4707,dra-1310
unmatched,,นราธิวาส,รือเสาะ,ซอลาตียะห์,,,6.371788,101.517538,dra-1311
unmatched,,นราธิวาส,รือเสาะ,ดารุลฟิรเฎาส์,,,6.371788,101.517538,dra-1312
unmatched,,นราธิวาส,รือเสาะ,รียาดุสซอลีหีน,,,6.371788,101.517538,dra-1313
unmatched,,นราธิวาส,รือเสาะ,นูรุลญีฮาด  (บ้านปราลี),,,6.371788,101.517538,dra-1314
unmatched,,นราธิวาส,รือเสาะ,อัสสาบาบูลอีสลามียะห์,,,6.371788,101.517538,dra-1315
unmatched,,นราธิวาส,รือเสาะ,นูรุลฮูดา,,,6.371788,101.517538,dra-1316
unmatched,,นราธิวาส,รือเสาะ,ลาเมาะฮีเลร์,,,6.371788,101.517538,dra-1318
unmatched,,นราธิวาส,รือเสาะ,กาโต๊ะ,,,6.371788,101.517538,dra-1319
unmatched,,นราธิวาส,รือเสาะ,ลาเมาะฮูลู,,,6.371788,101.517538,dra-1320
unmatched,,นราธิวาส,รือเสาะ,อัลอิสตีกอมะห์,,,6.371788,101.517538,dra-1321
unmatched,,นราธิวาส,รือเสาะ,อัลฮีดายะห์,,,6.371788,101.517538,dra-1322
unmatched,,นราธิวาส,รือเสาะ,นูรุลยากีน,,,6.371788,101.517538,dra-1324
unmatched,,นราธิวาส,รือเสาะ,อัลมานาร์,,,6.371788,101.517538,dra-1325
review,75.0,นราธิวาส,รือเสาะ,รอมาล  (บาโงปูโล๊ะรอมาน),มัสยิดบาโงปะแต,node/2990793065,6.300205,101.465543,dra-1326
unmatched,,นราธิวาส,รือเสาะ,ดารุสซาลัม,,,6.371788,101.517538,dra-1327
unmatched,,นราธิวาส,รือเสาะ,สอแนะ,,,6.371788,101.517538,dra-1328
unmatched,,นราธิวาส,รือเสาะ,ดารุสสาลาม,,,6.371788,101.517538,dra-1329
unmatched,,นราธิวาส,รือเสาะ,อิสติกอมะห์,,,6.371788,101.517538,dra-1330
unmatched,,นราธิวาส,รือเสาะ,นูรูลอิสละ,,,6.371788,101.517538,dra-1331
unmatched,,นราธิวาส,รือเสาะ,ราวฎอตุนนาอีน,,,6.371788,101.517538,dra-1332
unmatched,,นราธิวาส,รือเสาะ,นูรุลยากีน,,,6.371788,101.517538,dra-1333
unmatched,,นราธิวาส,รือเสาะ,วาตานียะห์อิสลามียะห์,,,6.371788,101.517538,dra-1334
unmatched,,นราธิวาส,รือเสาะ,ดารุลอามาน,,,6.371788,101.517538,dra-1335
unmatched,,นราธิวาส,รือเสาะ,นูรุลฟาละห์,,,6.371788,101.517538,dra-1336
unmatched,,นราธิวาส,รือเสาะ,ซอบารียะห์,,,6.371788,101.517538,dra-1337
unmatched,,นราธิวาส,รือเสาะ,ไอบูโล๊ะ,,,6.371788,101.517538,dra-1338
unmatched,,นราธิวาส,รือเสาะ,ลาโละตูวอ,,,6.371788,101.517538,dra-1340
unmatched,,นราธิวาส,รือเสาะ,อีนอ,,,6.371788,101.517538,dra-1341
unmatched,,นราธิวาส,รือเสาะ,นูรุอิฮซาน,,,6.371788,101.517538,dra-1342
unmatched,,นราธิวาส,รือเสาะ,นูรูลยากีน,,,6.371788,101.517538,dra-1343
unmatched,,นราธิวาส,รือเสาะ,นัสรียะห์,,,6.371788,101.517538,dra-1344
unmatched,,นราธิวาส,รือเสาะ,ดารุลมุนตาฮา,,,6.371788,101.517538,dra-1345
unmatched,,นราธิวาส,รือเสาะ,นูรูลอิสลาม  (บ้านยือติ),,,6.371788,101.517538,dra-1346
unmatched,,นราธิวาส,รือเสาะ,ฮีดายาตุลมุตตากีน,,,6.371788,101.517538,dra-1347
unmatched,,นราธิวาส,รือเสาะ,กาจอปอรี,,,6.371788,101.517538,dra-1348
unmatched,,นราธิวาส,รือเสาะ,ฮายาตุลดีนียะห์,,,6.371788,101.517538,dra-1349
unmatched,,นราธิวาส,รือเสาะ,ซาฟีนาตุลยันนะห์ (ยามาอัด),,,6.371788,101.517538,dra-1350
unmatched,,นราธิวาส,รือเสาะ,อารุลอิสาน,,,6.371788,101.517538,dra-1351
unmatched,,นราธิวาส,รือเสาะ,อัลอามาน ลาหา (ยกเลิก),,,6.371788,101.517538,dra-1352
unmatched,,นราธิวาส,รือเสาะ,มัสยีดิลอามาน,,,6.371788,101.517538,dra-1353
unmatched,,นราธิวาส,รือเสาะ,โต๊ะแนปา,,,6.371788,101.517538,dra-1354
unmatched,,นราธิวาส,รือเสาะ,ดารุลเอมรอน,,,6.371788,101.517538,dra-1355
unmatched,,นราธิวาส,รือเสาะ,ดารุลนาดวะห์,,,6.371788,101.517538,dra-1356
unmatched,,นราธิวาส,รือเสาะ,ดารุลนาอิม,,,6.371788,101.517538,dra-1357
unmatched,,นราธิวาส,รือเสาะ,ดารุลมะรุฟ,,,6.371788,101.517538,dra-1358
unmatched,,นราธิวาส,รือเสาะ,อัลอิควาตุลอิสลามียะห์,,,6.371788,101.517538,dra-1359
unmatched,,นราธิวาส,รือเสาะ,อูบูดียะห์,,,6.371788,101.517538,dra-1360
unmatched,,นราธิวาส,รือเสาะ,โคกเคียน (ดารุสสาลัม),,,6.371788,101.517538,dra-1361
unmatched,,นราธิวาส,รือเสาะ,มือและห์,,,6.371788,101.517538,dra-1362
unmatched,,นราธิวาส,รือเสาะ,ตูเรียน,,,6.371788,101.517538,dra-1363
unmatched,,นราธิวาส,รือเสาะ,บือเจาะ,,,6.371788,101.517538,dra-1364
unmatched,,นราธิวาส,รือเสาะ,นุรุลฮูดา,,,6.371788,101.517538,dra-1365
unmatched,,นราธิวาส,รือเสาะ,ฮีดายาตุลมุสลีมีน,,,6.371788,101.517538,dra-1366
unmatched,,นราธิวาส,รือเสาะ,นูรุลตักวา,,,6.371788,101.517538,dra-1367
unmatched,,นราธิวาส,รือเสาะ,อัรเราะห์มานียะห์,,,6.371788,101.517538,dra-1368
unmatched,,นราธิวาส,รือเสาะ,ตายัร,,,6.371788,101.517538,dra-1369
unmatched,,นราธิวาส,รือเสาะ,บือรือเล็ง,,,6.371788,101.517538,dra-1370
unmatched,,นราธิวาส,รือเสาะ,นูรุลยาบาล,,,6.371788,101.517538,dra-1371
unmatched,,นราธิวาส,รือเสาะ,ดารุลนาอีม,,,6.371788,101.517538,dra-1372
unmatched,,นราธิวาส,รือเสาะ,ดารุลอามาน,,,6.371788,101.517538,dra-1373
unmatched,,นราธิวาส,รือเสาะ,ดารุลอิห์ซาน,,,6.371788,101.517538,dra-1374
unmatched,,นราธิวาส,แว้ง,อัดดีนียะห์,,,5.891318,101.872337,dra-1375
unmatched,,นราธิวาส,แว้ง,อุตังมาจำ,,,5.891318,101.872337,dra-1376
unmatched,,นราธิวาส,แว้ง,บาโงตือบู,,,5.891318,101.872337,dra-1377
unmatched,,นราธิวาส,แว้ง,วูสตอ,,,5.891318,101.872337,dra-1378
unmatched,,นราธิวาส,แว้ง,บ้านโต๊ะออ (ยกเลิก),,,5.891318,101.872337,dra-1379
unmatched,,นราธิวาส,แว้ง,อิตตีฮาดุลเกามียะห์ (ยกเลิก),,,5.891318,101.872337,dra-1380
unmatched,,นราธิวาส,แว้ง,บ้านบาโหละ,,,5.891318,101.872337,dra-1381
unmatched,,นราธิวาส,แว้ง,วัตอนียะห์,,,5.891318,101.872337,dra-1382
unmatched,,นราธิวาส,แว้ง,นูรุดดีน,,,5.891318,101.872337,dra-1383
unmatched,,นราธิวาส,แว้ง,นัดวาตุลญีฮาด,,,5.891318,101.872337,dra-1384
unmatched,,นราธิวาส,แว้ง,อูมูนียะห์,,,5.891318,101.872337,dra-1385
unmatched,,นราธิวาส,แว้ง,นูรอูบูนียะห์,,,5.891318,101.872337,dra-1386
unmatched,,นราธิวาส,แว้ง,ดีนียะห์,,,5.891318,101.872337,dra-1387
unmatched,,นราธิวาส,แว้ง,อัตตัรกียะห์,,,5.891318,101.872337,dra-1388
unmatched,,นราธิวาส,แว้ง,ซอลาตุลเราะห์มะห์,,,5.891318,101.872337,dra-1389
unmatched,,นราธิวาส,แว้ง,อันนูร์  (บ้านกัส),,,5.891318,101.872337,dra-1390
unmatched,,นราธิวาส,แว้ง,นูรุลฮูดา,,,5.891318,101.872337,dra-1391
unmatched,,นราธิวาส,แว้ง,จะมาแอะ,,,5.891318,101.872337,dra-1392
unmatched,,นราธิวาส,แว้ง,แม่ดง,,,5.891318,101.872337,dra-1393
unmatched,,นราธิวาส,แว้ง,ยอหอ  (นูรุลอิห์ซาน),,,5.891318,101.872337,dra-1394
unmatched,,นราธิวาส,แว้ง,ยาตีด,,,5.891318,101.872337,dra-1395
unmatched,,นราธิวาส,แว้ง,อัลรอซีดี,,,5.891318,101.872337,dra-1396
unmatched,,นราธิวาส,แว้ง,บารโหม,,,5.891318,101.872337,dra-1397
unmatched,,นราธิวาส,แว้ง,อิสตีกอมะห์,,,5.891318,101.872337,dra-1398
unmatched,,นราธิวาส,แว้ง,อัลอะห์มาดี,,,5.891318,101.872337,dra-1399
unmatched,,นราธิวาส,แว้ง,ดารูสซาอาดะห์,,,5.891318,101.872337,dra-1400
unmatched,,นราธิวาส,แว้ง,บ้านบูเกะตา (ยกเลิก),,,5.891318,101.872337,dra-1401
unmatched,,นราธิวาส,แว้ง,บ้านนูโระ,,,5.891318,101.872337,dra-1402
unmatched,,นราธิวาส,แว้ง,นิคมมียะห์,,,5.891318,101.872337,dra-1403
unmatched,,นราธิวาส,แว้ง,ดารุอูลลูมิดีนียะห์,,,5.891318,101.872337,dra-1404
unmatched,,นราธิวาส,แว้ง,บ้านสาวอ,,,5.891318,101.872337,dra-1405
unmatched,,นราธิวาส,แว้ง,มูฮัมมาดียะห์ (บ้านเจ๊ะเด็ง),,,5.891318,101.872337,dra-1406
unmatched,,นราธิวาส,แว้ง,ดารุลอิสลาฮิดดีนิยะห์,,,5.891318,101.872337,dra-1407
unmatched,,นราธิวาส,แว้ง,ราวฎอตุลญันนะห์,,,5.891318,101.872337,dra-1408
unmatched,,นราธิวาส,แว้ง,อัลอับรอรี (บ้านสามสิบ),,,5.891318,101.872337,dra-1409
unmatched,,นราธิวาส,แว้ง,นะห์ฎออฎูลดีนียะห์,,,5.891318,101.872337,dra-1410
unmatched,,นราธิวาส,แว้ง,รือซอ,,,5.891318,101.872337,dra-1411
unmatched,,นราธิวาส,แว้ง,ตาราม,,,5.891318,101.872337,dra-1412
unmatched,,นราธิวาส,แว้ง,คอลีดียะห์,,,5.891318,101.872337,dra-1413
unmatched,,นราธิวาส,แว้ง,จะเหม,,,5.891318,101.872337,dra-1414
unmatched,,นราธิวาส,แว้ง,ภูวา,,,5.891318,101.872337,dra-1415
unmatched,,นราธิวาส,แว้ง,ดารุลฮาดี,,,5.891318,101.872337,dra-1416
unmatched,,นราธิวาส,แว้ง,เราะห์มานียะห์,,,5.891318,101.872337,dra-1417
unmatched,,นราธิวาส,แว้ง,มากอมุดดีน,,,5.891318,101.872337,dra-1418
unmatched,,นราธิวาส,แว้ง,วาตอนียะห์,,,5.891318,101.872337,dra-1419
unmatched,,นราธิวาส,แว้ง,เราฎอฎุลญันนะห์,,,5.891318,101.872337,dra-1420
unmatched,,นราธิวาส,แว้ง,อิตตีฮาดุลเกามียะห์ (ตูวอแล),,,5.891318,101.872337,dra-1421
unmatched,,นราธิวาส,แว้ง,มาดาริจอัตตาอาลุม,,,5.891318,101.872337,dra-1422
unmatched,,นราธิวาส,แว้ง,นูรุดดีน,,,5.891318,101.872337,dra-1423
unmatched,,นราธิวาส,แว้ง,อีวาน,,,5.891318,101.872337,dra-1424
unmatched,,นราธิวาส,แว้ง,ดารุลฟาละห์,,,5.891318,101.872337,dra-1425
unmatched,,นราธิวาส,แว้ง,มะห์มูดียะห์,,,5.891318,101.872337,dra-1426
unmatched,,นราธิวาส,แว้ง,บ้านบาตูตีงี,,,5.891318,101.872337,dra-1427
unmatched,,นราธิวาส,แว้ง,นูรฮูดา,,,5.891318,101.872337,dra-1428
unmatched,,นราธิวาส,ศรีสาคร,บาลาดุลอามาน,,,6.190439,101.502206,dra-1429
unmatched,,นราธิวาส,ศรีสาคร,ดารุสลาม (กำปงบารูฮูแตบูโล๊ะ),,,6.190439,101.502206,dra-1430
unmatched,,นราธิวาส,ศรีสาคร,นูรุลฮูดา,,,6.190439,101.502206,dra-1431
unmatched,,นราธิวาส,ศรีสาคร,นำรอซิย๊ะ,,,6.190439,101.502206,dra-1432
unmatched,,นราธิวาส,ศรีสาคร,ชีรอยัลฮูดา,,,6.190439,101.502206,dra-1433
unmatched,,นราธิวาส,ศรีสาคร,ดาหง,,,6.190439,101.502206,dra-1434
unmatched,,นราธิวาส,ศรีสาคร,ดารุสอามานี,,,6.190439,101.502206,dra-1435
unmatched,,นราธิวาส,ศรีสาคร,ฮีดายาตุสซิลีฮีน,,,6.190439,101.502206,dra-1436
unmatched,,นราธิวาส,ศรีสาคร,ลาฮุสลามียะห์,,,6.190439,101.502206,dra-1437
unmatched,,นราธิวาส,ศรีสาคร,มูฮำมะดียะห์,,,6.190439,101.502206,dra-1438
unmatched,,นราธิวาส,ศรีสาคร,ดารุสลาม  (บ้านสากอ),,,6.190439,101.502206,dra-1439
unmatched,,นราธิวาส,ศรีสาคร,ดารุลสลาม บ้านกาเยาะมาตี,,,6.190439,101.502206,dra-1440
unmatched,,นราธิวาส,ศรีสาคร,คอยบัร,,,6.190439,101.502206,dra-1441
unmatched,,นราธิวาส,ศรีสาคร,อีบาดุรรอฮ์มาน (ดุซงมาแล),,,6.190439,101.502206,dra-1442
unmatched,,นราธิวาส,ศรีสาคร,ซอลาฮุดดีน,,,6.190439,101.502206,dra-1443
unmatched,,นราธิวาส,ศรีสาคร,ซีลาลูลรอฮมาน,,,6.190439,101.502206,dra-1444
unmatched,,นราธิวาส,ศรีสาคร,อัลมุฮซีนีน,,,6.190439,101.502206,dra-1445
unmatched,,นราธิวาส,ศรีสาคร,ซีเมนต์,,,6.190439,101.502206,dra-1446
unmatched,,นราธิวาส,ศรีสาคร,อูบูดียะห์,,,6.190439,101.502206,dra-1447
unmatched,,นราธิวาส,ศรีสาคร,มูฮำมาดียะห์,,,6.190439,101.502206,dra-1448
unmatched,,นราธิวาส,ศรีสาคร,ดารุลนายัต,,,6.190439,101.502206,dra-1449
unmatched,,นราธิวาส,ศรีสาคร,"มู""ฮบาร์ตูอิสลามียะห์",,,6.190439,101.502206,dra-1450
unmatched,,นราธิวาส,ศรีสาคร,อินดาร๊อบบีเฮ็ม,,,6.190439,101.502206,dra-1451
unmatched,,นราธิวาส,ศรีสาคร,นูรูลอิฮุซาน,,,6.190439,101.502206,dra-1452
unmatched,,นราธิวาส,ศรีสาคร,ดารุลฟาลาฮ,,,6.190439,101.502206,dra-1453
unmatched,,นราธิวาส,ศรีสาคร,ดารุลอามาน (บ้านละโอ,,,6.190439,101.502206,dra-1454
unmatched,,นราธิวาส,ศรีสาคร,ดารุลอามาน,,,6.190439,101.502206,dra-1455
unmatched,,นราธิวาส,ศรีสาคร,นูรุลมูฮำมาดียะห์,,,6.190439,101.502206,dra-1456
unmatched,,นราธิวาส,ศรีสาคร,ตอรีกอตุลมูฮำมาดียะห์,,,6.190439,101.502206,dra-1457
unmatched,,นราธิวาส,ศรีสาคร,ดารุลอาบีดีน,,,6.190439,101.502206,dra-1458
unmatched,,นราธิวาส,ศรีสาคร,ดารุลนาอีม (บ้านตืองอ),,,6.190439,101.502206,dra-1459
unmatched,,นราธิวาส,ศรีสาคร,ดารุลอูลูม,,,6.190439,101.502206,dra-1460
unmatched,,นราธิวาส,ศรีสาคร,ดารุลฮูดา,,,6.190439,101.502206,dra-1461
unmatched,,นราธิวาส,ศรีสาคร,อาแง,,,6.190439,101.502206,dra-1462
unmatched,,นราธิวาส,ศรีสาคร,ไอร์ตืองอ,,,6.190439,101.502206,dra-1463
unmatched,,นราธิวาส,ศรีสาคร,ดารุลมุตตากีน,,,6.190439,101.502206,dra-1464
unmatched,,นราธิวาส,ศรีสาคร,อัลอิติสอม,,,6.190439,101.502206,dra-1465
unmatched,,นราธิวาส,ศรีสาคร,อีบาดียะห์,,,6.190439,101.502206,dra-1466
unmatched,,นราธิวาส,ศรีสาคร,นูรุลอิสลาม (บ้านปาแน),,,6.190439,101.502206,dra-1467
unmatched,,นราธิวาส,ศรีสาคร,ดารุลอามาน,,,6.190439,101.502206,dra-1468
unmatched,,นราธิวาส,ศรีสาคร,นูรูลฮูดาร์,,,6.190439,101.502206,dra-1469
unmatched,,นราธิวาส,ศรีสาคร,ยากูสสอลีฮีน,,,6.190439,101.502206,dra-1470
unmatched,,นราธิวาส,ศรีสาคร,เตาฟิก,,,6.190439,101.502206,dra-1471
unmatched,,นราธิวาส,ศรีสาคร,นูรุดดีน,,,6.190439,101.502206,dra-1472
unmatched,,นราธิวาส,ศรีสาคร,อัลอุครอวียะห์,,,6.190439,101.502206,dra-1473
unmatched,,นราธิวาส,ศรีสาคร,นีดาอุลฮัก,,,6.190439,101.502206,dra-1474
unmatched,,นราธิวาส,ศรีสาคร,ดารุลนาอีม,,,6.190439,101.502206,dra-1475
unmatched,,นราธิวาส,ศรีสาคร,ดารุลอิฮซาน,,,6.190439,101.502206,dra-1476
unmatched,,นราธิวาส,ศรีสาคร,ดารุลฟาละฮ.,,,6.190439,101.502206,dra-1477
unmatched,,นราธิวาส,สุคิริน,นูรุลอิสลามรอวียะห์,,,5.911115,101.722542,dra-1478
unmatched,,นราธิวาส,สุคิริน,ไอร์ยามู,,,5.911115,101.722542,dra-1479
unmatched,,นราธิวาส,สุคิริน,คอยรียะห์,,,5.911115,101.722542,dra-1480
unmatched,,นราธิวาส,สุคิริน,ดารุลฮูดา,,,5.911115,101.722542,dra-1481
unmatched,,นราธิวาส,สุคิริน,อัลฮีดายาตุลอิสลามียะห์,,,5.911115,101.722542,dra-1482
unmatched,,นราธิวาส,สุคิริน,อัลมูเนาวเราะห์,,,5.911115,101.722542,dra-1483
unmatched,,นราธิวาส,สุคิริน,อัสลอฮาบะห์,,,5.911115,101.722542,dra-1484
unmatched,,นราธิวาส,สุคิริน,กะลูบี,,,5.911115,101.722542,dra-1485
unmatched,,นราธิวาส,สุคิริน,สอวอ,,,5.911115,101.722542,dra-1486
unmatched,,นราธิวาส,สุคิริน,อัตตักวา,,,5.911115,101.722542,dra-1487
unmatched,,นราธิวาส,สุคิริน,ยามิลอุลอิสลามียะห์,,,5.911115,101.722542,dra-1488
unmatched,,นราธิวาส,สุคิริน,ดารุลฟาละห์,,,5.911115,101.722542,dra-1489
unmatched,,นราธิวาส,สุคิริน,นูรุลฮีดายะห์,,,5.911115,101.722542,dra-1490
unmatched,,นราธิวาส,สุคิริน,ดารุลมุนตาฮา,,,5.911115,101.722542,dra-1491
unmatched,,นราธิวาส,สุคิริน,ดารุสลาม,,,5.911115,101.722542,dra-1492
unmatched,,นราธิวาส,สุคิริน,นูรุลฮูดา,,,5.911115,101.722542,dra-1493
unmatched,,นราธิวาส,สุคิริน,จือบอ,,,5.911115,101.722542,dra-1494
unmatched,,นราธิวาส,สุคิริน,นูรุลฮีดายะห์,,,5.911115,101.722542,dra-1495
unmatched,,นราธิวาส,สุคิริน,นูรุลอิสลาม,,,5.911115,101.722542,dra-1496
unmatched,,นราธิวาส,สุคิริน,ตัลตีกียะห์,,,5.911115,101.722542,dra-1497
unmatched,,นราธิวาส,สุคิริน,ดารุลฟาละห์,,,5.911115,101.722542,dra-1498
unmatched,,นราธิวาส,สุคิริน,ดารุลอามาน,,,5.911115,101.722542,dra-1499
unmatched,,นราธิวาส,สุคิริน,ดารุลอิสลามียะห์,,,5.911115,101.722542,dra-1500
unmatched,,นราธิวาส,สุคิริน,อัลอิคลาส,,,5.911115,101.722542,dra-1501
unmatched,,นราธิวาส,สุคิริน,นูรุลฮีดายะห์,,,5.911115,101.722542,dra-1502
unmatched,,นราธิวาส,สุคิริน,ดารุลอามาน,,,5.911115,101.722542,dra-1503
unmatched,,นราธิวาส,สุคิริน,ซาฟีนาตูลอาคีเราะห์,,,5.911115,101.722542,dra-1504
unmatched,,นราธิวาส,สุคิริน,อุมมาหาตุลมุมีนีน,,,5.911115,101.722542,dra-1505
unmatched,,นราธิวาส,สุไหงโกลก,นูรุลฮูดา  (กำปงปาแล),,,6.068954,101.989033,dra-1506
unmatched,,นราธิวาส,สุไหงโกลก,อานยามิงอิงยะ,,,6.068954,101.989033,dra-1507
unmatched,,นราธิวาส,สุไหงโกลก,อัรเราะห์มาน (บือแนแปะเจ๊ะ),,,6.068954,101.989033,dra-1508
unmatched,,นราธิวาส,สุไหงโกลก,อิสละ  (กอตอ),,,6.068954,101.989033,dra-1509
unmatched,,นราธิวาส,สุไหงโกลก,กือดาบารู,,,6.068954,101.989033,dra-1510
unmatched,,นราธิวาส,สุไหงโกลก,นะฎอตุลอิสลาฮียะห์,,,6.068954,101.989033,dra-1511
unmatched,,นราธิวาส,สุไหงโกลก,ฮีดายาตุลฎีนียะห์,,,6.068954,101.989033,dra-1512
unmatched,,นราธิวาส,สุไหงโกลก,อัตตักวา,,,6.068954,101.989033,dra-1513
unmatched,,นราธิวาส,สุไหงโกลก,อัลอิกรอม,,,6.068954,101.989033,dra-1514
unmatched,,นราธิวาส,สุไหงโกลก,อัลอิฮซาน,,,6.068954,101.989033,dra-1515
unmatched,,นราธิวาส,สุไหงโกลก,การิลมาติกอุลยา,,,6.068954,101.989033,dra-1516
unmatched,,นราธิวาส,สุไหงโกลก,นูรูลอีมาน,,,6.068954,101.989033,dra-1517
unmatched,,นราธิวาส,สุไหงโกลก,อัตตัรบียาตุดดีนียะห์,,,6.068954,101.989033,dra-1518
unmatched,,นราธิวาส,สุไหงโกลก,วาตอนียะห์  (โต๊ะเวาะ),,,6.068954,101.989033,dra-1519
unmatched,,นราธิวาส,สุไหงโกลก,อารอห์มาน,,,6.068954,101.989033,dra-1520
unmatched,,นราธิวาส,สุไหงโกลก,นูรุลอีบาดะห์,,,6.068954,101.989033,dra-1521
unmatched,,นราธิวาส,สุไหงโกลก,นูรุลอิสลาม,,,6.068954,101.989033,dra-1522
unmatched,,นราธิวาส,สุไหงโกลก,นุรุดดีน,,,6.068954,101.989033,dra-1523
unmatched,,นราธิวาส,สุไหงโกลก,ดารุสสลาม,,,6.068954,101.989033,dra-1524
unmatched,,นราธิวาส,สุไหงโกลก,ดารุสลาม  (บ้านกูโน),,,6.068954,101.989033,dra-1525
unmatched,,นราธิวาส,สุไหงโกลก,ดารุสสาลาม (บ้านโต๊ะเวาะตก),,,6.068954,101.989033,dra-1526
unmatched,,นราธิวาส,สุไหงโกลก,นูรุลฮูดา (บ้านลาแล ),,,6.068954,101.989033,dra-1527
unmatched,,นราธิวาส,สุไหงโกลก,อิสลามียะห์,,,6.068954,101.989033,dra-1528
unmatched,,นราธิวาส,สุไหงโกลก,มุสตากีม,,,6.068954,101.989033,dra-1529
unmatched,,นราธิวาส,สุไหงโกลก,นูรุลยาบาล,,,6.068954,101.989033,dra-1530
unmatched,,นราธิวาส,สุไหงโกลก,ดารุสสาลาม (บ้านมูโน๊ะ),,,6.068954,101.989033,dra-1531
unmatched,,นราธิวาส,สุไหงโกลก,อะเราะเฮม,,,6.068954,101.989033,dra-1532
unmatched,,นราธิวาส,สุไหงโกลก,สุไหงโกลก,,,6.068954,101.989033,dra-1533
unmatched,,นราธิวาส,สุไหงโกลก,ปากีสถาน,,,6.068954,101.989033,dra-1534
unmatched,,นราธิวาส,สุไหงโกลก,อัลอามีน,,,6.068954,101.989033,dra-1535
unmatched,,นราธิวาส,สุไหงโกลก,อัลยุมอียะห์อัลฮาซานียะห์,,,6.068954,101.989033,dra-1536
unmatched,,นราธิวาส,สุไหงโกลก,อัรรอฮ์มัน,,,6.068954,101.989033,dra-1537
unmatched,,นราธิวาส,สุไหงโกลก,อัลวุสตอ,,,6.068954,101.989033,dra-1538
unmatched,,นราธิวาส,สุไหงโกลก,นูรุลฮีดายะห์,,,6.068954,101.989033,dra-1539
unmatched,,นราธิวาส,สุไหงปาดี,วาเราะห์มานีญะห์,,,6.127525,101.9086,dra-1540
unmatched,,นราธิวาส,สุไหงปาดี,กาวะ,,,6.127525,101.9086,dra-1541
unmatched,,นราธิวาส,สุไหงปาดี,ดารูลฮูดา,,,6.127525,101.9086,dra-1542
unmatched,,นราธิวาส,สุไหงปาดี,จาแบกาวะ,,,6.127525,101.9086,dra-1543
unmatched,,นราธิวาส,สุไหงปาดี,อัลอาลี,,,6.127525,101.9086,dra-1544
unmatched,,นราธิวาส,สุไหงปาดี,อัลฟาละห์,,,6.127525,101.9086,dra-1545
unmatched,,นราธิวาส,สุไหงปาดี,อิสลามียะห์,,,6.127525,101.9086,dra-1546
unmatched,,นราธิวาส,สุไหงปาดี,โต๊ะเด็ง (อาซามียะห์),,,6.127525,101.9086,dra-1547
unmatched,,นราธิวาส,สุไหงปาดี,ปะลง,,,6.127525,101.9086,dra-1548
unmatched,,นราธิวาส,สุไหงปาดี,พีกรียาตุลอิสลามียะห์,,,6.127525,101.9086,dra-1549
unmatched,,นราธิวาส,สุไหงปาดี,อัลการอม๊ะห์,,,6.127525,101.9086,dra-1550
unmatched,,นราธิวาส,สุไหงปาดี,นูรุดดีน,,,6.127525,101.9086,dra-1551
unmatched,,นราธิวาส,สุไหงปาดี,สโลโคกสรายอ,,,6.127525,101.9086,dra-1552
unmatched,,นราธิวาส,สุไหงปาดี,อัลอะหลี,,,6.127525,101.9086,dra-1553
unmatched,,นราธิวาส,สุไหงปาดี,บ้านลุโบ๊ะบาตู,,,6.127525,101.9086,dra-1554
unmatched,,นราธิวาส,สุไหงปาดี,ซิลาตุลอัรฮัม,,,6.127525,101.9086,dra-1555
unmatched,,นราธิวาส,สุไหงปาดี,บ้านละหาร,,,6.127525,101.9086,dra-1556
unmatched,,นราธิวาส,สุไหงปาดี,บ้านปะลุรู,,,6.127525,101.9086,dra-1557
unmatched,,นราธิวาส,สุไหงปาดี,บ้านรายอบาลี,,,6.127525,101.9086,dra-1558
unmatched,,นราธิวาส,สุไหงปาดี,ซาลามียะห์,,,6.127525,101.9086,dra-1559
unmatched,,นราธิวาส,สุไหงปาดี,ปากีสถาน,,,6.127525,101.9086,dra-1560
unmatched,,นราธิวาส,สุไหงปาดี,นูรูลยาดิด,,,6.127525,101.9086,dra-1561
unmatched,,นราธิวาส,สุไหงปาดี,นูรุลฮูดา,,,6.127525,101.9086,dra-1562
unmatched,,นราธิวาส,สุไหงปาดี,ญันนาตุลนาอีม,,,6.127525,101.9086,dra-1563
unmatched,,นราธิวาส,สุไหงปาดี,อัลอิจตีมาอียะห์(ตะโล๊ะบูเก็ต),,,6.127525,101.9086,dra-1564
unmatched,,นราธิวาส,สุไหงปาดี,บาลูกา,,,6.127525,101.9086,dra-1565
unmatched,,นราธิวาส,สุไหงปาดี,เราะห์มานียะห์ บ้านจือรัง,,,6.127525,101.9086,dra-1566
unmatched,,นราธิวาส,สุไหงปาดี,ดารุลอิสละห์ (บ้านกูวา),,,6.127525,101.9086,dra-1567
unmatched,,นราธิวาส,สุไหงปาดี,ราวฎออตุลยันนะห์,,,6.127525,101.9086,dra-1568
unmatched,,นราธิวาส,สุไหงปาดี,อัลอิสติกอมะห์,,,6.127525,101.9086,dra-1569
unmatched,,นราธิวาส,สุไหงปาดี,ดารุลฟุรกรณ์,,,6.127525,101.9086,dra-1570
unmatched,,นราธิวาส,สุไหงปาดี,บาโงย,,,6.127525,101.9086,dra-1571
unmatched,,นราธิวาส,สุไหงปาดี,ตือระ,,,6.127525,101.9086,dra-1572
unmatched,,นราธิวาส,สุไหงปาดี,บอเกาะ,,,6.127525,101.9086,dra-1573
unmatched,,นราธิวาส,สุไหงปาดี,สากอ  (ดารุลรอฮ์มะห์),,,6.127525,101.9086,dra-1574
unmatched,,นราธิวาส,สุไหงปาดี,ดารูนนาอีม,,,6.127525,101.9086,dra-1575
unmatched,,นราธิวาส,สุไหงปาดี,ดารุลฟาละห์ (บ้านละโล๊ะ),,,6.127525,101.9086,dra-1576
unmatched,,นราธิวาส,สุไหงปาดี,อาสซีอาร์  (บ้านยะลูตง),,,6.127525,101.9086,dra-1577
unmatched,,นราธิวาส,สุไหงปาดี,ดารุลซาลาม (บ้านตันหยง),,,6.127525,101.9086,dra-1578
unmatched,,นราธิวาส,สุไหงปาดี,ดารุลอามาน,,,6.127525,101.9086,dra-1579
unmatched,,นราธิวาส,สุไหงปาดี,ดารุลอิสละห์,,,6.127525,101.9086,dra-1580
unmatched,,นราธิวาส,สุไหงปาดี,นูรุลอีลาฮี,,,6.127525,101.9086,dra-1581
unmatched,,นราธิวาส,สุไหงปาดี,ดารุลอิสละห์,,,6.127525,101.9086,dra-1582
unmatched,,นราธิวาส,สุไหงปาดี,อาเยร์กูบู,,,6.127525,101.9086,dra-1583
unmatched,,นราธิวาส,สุไหงปาดี,ตือบิงตีงี (บ้านตะลิ่งสูง),,,6.127525,101.9086,dra-1584
unmatched,,นราธิวาส,สุไหงปาดี,อัลฮูรียะห์,,,6.127525,101.9086,dra-1585
unmatched,,นราธิวาส,สุไหงปาดี,นูรุดดีน บ้านโคกสะตอ,,,6.127525,101.9086,dra-1586
unmatched,,บึงกาฬ,ปากคาด,อัศศอบีรีน,,,18.295624,103.341414,dra-1587
unmatched,,บุรีรัมย์,กระสัง,ดารุสสลาม,,,14.970664,103.024629,dra-1588
position,,บุรีรัมย์,เมืองบุรีรัมย์,อันวารุสลาม,,node/4596153758,14.994362,103.119133,dra-1589
unmatched,,ปทุมธานี,คลองหลวง,เจริญอิสลาม,,,14.081433,100.642127,dra-1590
unmatched,,ปทุมธานี,คลองหลวง,ลำสนุ่น,,,14.081433,100.642127,dra-1591
unmatched,,ปทุมธานี,คลองหลวง,แก้วนิมิตร,,,14.072261,100.607123,dra-1592
unmatched,,ปทุมธานี,คลองหลวง,อัลอะลา,,,14.072261,100.607123,dra-1593
unmatched,,ปทุมธานี,ธัญบุรี,เราะห์หมัดรัสมี,,,14.071875,100.880442,dra-1594
unmatched,,ปทุมธานี,เมือง,ร่วมจิตต์มุสลิม,,,14.013489,100.528316,dra-1595
unmatched,,ปทุมธานี,เมือง,ย่ามีอุลอิสลาม,,,14.018828,100.512365,dra-1596
unmatched,,ปทุมธานี,เมือง,ยุมรอตุ้ลอิสลาม,,,14.014231,100.577894,dra-1597
unmatched,,ปทุมธานี,ลาดหลุมแก้ว,นูรุนยากีน,,,14.068077,100.435577,dra-1598
unmatched,,ปทุมธานี,ลาดหลุมแก้ว,เราะห์มาดุลเลาะ,,,14.051455,100.469639,dra-1599
unmatched,,ปทุมธานี,ลาดหลุมแก้ว,ฟัดลุลลอฮีตาลาอา,,,14.051455,100.469639,dra-1600
unmatched,,ปทุมธานี,ลาดหลุมแก้ว,ญ่าเมี๊ยะออัตตักวา,,,14.051455,100.469639,dra-1601
unmatched,,ปทุมธานี,ลาดหลุมแก้ว,อัลฮุสนา,,,14.051455,100.469639,dra-1602
unmatched,,ปทุมธานี,ลาดหลุมแก้ว,เนี๊ยะมาดิลและ,,,14.044431,100.361335,dra-1603
unmatched,,ปทุมธานี,ลาดหลุมแก้ว,ซาอาดาตุ้ลอิสลาม,,,14.044431,100.361335,dra-1604
unmatched,,ปทุมธานี,ลาดหลุมแก้ว,มูยาฮิดอุลยานัยนี,,,14.044431,100.361335,dra-1605
unmatched,,ปทุมธานี,ลำลูกกา,อิบาดุรเราะห์มาน,,,13.954932,100.634317,dra-1606
unmatched,,ปทุมธานี,ลำลูกกา,ขาว (ยกเลิก),,,14.037028,100.879584,dra-1607
unmatched,,ปทุมธานี,ลำลูกกา,สุขเจริญสวัสดิ์ (ยกเลิก),,,14.037028,100.879584,dra-1608
unmatched,,ปทุมธานี,ลำลูกกา,แดง,,,14.037028,100.879584,dra-1609
unmatched,,ปทุมธานี,ลำลูกกา,บัยติรเราะห์มาน,,,13.965268,100.730449,dra-1613
unmatched,,ปทุมธานี,ลำลูกกา,อีรอด้าตุ้ลกาแมล,,,13.973664,100.772878,dra-1615
unmatched,,ปทุมธานี,ลำลูกกา,ดารุลอิบาดะห์,,,13.973664,100.772878,dra-1616
unmatched,,ปทุมธานี,ลำลูกกา,กอซีมิสสยามี,,,13.973664,100.772878,dra-1617
unmatched,,ปทุมธานี,ลำลูกกา,ดารุ้ลฮิดายะห์,,,13.973664,100.772878,dra-1618
unmatched,,ปทุมธานี,สามโคก,ยามีอุสลาม,,,14.081733,100.474437,dra-1619
unmatched,,ปทุมธานี,สามโคก,สุเหร่าใหม่เจริญ,,,14.045849,100.513311,dra-1620
unmatched,,ปทุมธานี,หนองเสือ,อิกอม่าตุ้ลอิสลาม,,,14.129172,100.880215,dra-1621
unmatched,,ปทุมธานี,หนองเสือ,อัซซอลีฮีน,,,14.129172,100.880215,dra-1622
unmatched,,ปทุมธานี,หนองเสือ,ญันน่าตุ้ลมู่ฮายีรีน,,,14.129172,100.880215,dra-1623
unmatched,,ประจวบคีรีขันธ์,ทับสะแก,ไทยปากีสถาน,,,11.544866,99.567699,dra-1624
unmatched,,ประจวบคีรีขันธ์,บางสะพาน,นู้รุ้ลอีมาน,,,11.301373,99.433131,dra-1625
unmatched,,ประจวบคีรีขันธ์,บางสะพานน้อย,ดารุลมุตตากีน,,,11.087483,99.35588,dra-1626
unmatched,,ประจวบคีรีขันธ์,ปราณบุรี,อันนูร,,,12.405796,99.701904,dra-1627
unmatched,,ประจวบคีรีขันธ์,เมือง,นุรุสซอลิฮีน,,,11.858873,99.745163,dra-1628
unmatched,,ประจวบคีรีขันธ์,เมือง,อันซอรี,,,11.75072,99.726124,dra-1629
unmatched,,ประจวบคีรีขันธ์,เมือง,อักมาลุ้ลอิสลาม,,,11.858873,99.745163,dra-1630
unmatched,,ประจวบคีรีขันธ์,เมือง,ดารุ้ลอาบีดีน,,,11.858873,99.745163,dra-1631
unmatched,,ประจวบคีรีขันธ์,เมือง,ดารุลมูฮายีรีน,,,11.858873,99.745163,dra-1632
unmatched,,ประจวบคีรีขันธ์,เมือง,นูรุสลาม,,,11.858873,99.745163,dra-1633
unmatched,,ประจวบคีรีขันธ์,เมือง,ฮารูณ,,,11.858873,99.745163,dra-1634
unmatched,,ประจวบคีรีขันธ์,สามร้อยยอด,ดารูลมูฮายีรีน,,,12.241042,99.733232,dra-1635
unmatched,,ประจวบคีรีขันธ์,สามร้อยยอด,ดารุ้ลอีบาดะห์,,,12.241042,99.733232,dra-1636
unmatched,,ปราจีนบุรี,กบินทร์บุรี,ฮาบีบุ้ลอิสลาม,,,13.853598,101.772067,dra-1637
unmatched,,ปราจีนบุรี,ศรีมหาโพธิ์,นูรุ้ลอิสลาม,,,13.876247,101.540346,dra-1638
unmatched,,ปัตตานี,กะพ้อ,บะลุกา,,,6.612891,101.541195,dra-1639
unmatched,,ปัตตานี,กะพ้อ,มาโงยือแบ็ง,,,6.612891,101.541195,dra-1640
unmatched,,ปัตตานี,กะพ้อ,ดารุลอามาน  (เจาะคือพอ),,,6.612891,101.541195,dra-1641
unmatched,,ปัตตานี,กะพ้อ,นูรุลอิสลาม  (บ้านบาโง),,,6.612891,101.541195,dra-1642
unmatched,,ปัตตานี,กะพ้อ,คอลอกาปาร์,,,6.612891,101.541195,dra-1643
unmatched,,ปัตตานี,กะพ้อ,ดารุสลาม,,,6.612891,101.541195,dra-1644
unmatched,,ปัตตานี,กะพ้อ,อัลมูนีร์ (บือแนบูดี),,,6.612891,101.541195,dra-1645
unmatched,,ปัตตานี,กะพ้อ,ตะโละดารามัน,,,6.612891,101.541195,dra-1646
unmatched,,ปัตตานี,กะพ้อ,มะนังมะดง,,,6.612891,101.541195,dra-1647
unmatched,,ปัตตานี,กะพ้อ,สุเหร่าบาแต,,,6.612891,101.541195,dra-1648
unmatched,,ปัตตานี,กะพ้อ,ฮูแตดารามัง ((นูรุลฮูดา)(กรายีกะรุบี)),,,6.612891,101.541195,dra-1649
unmatched,,ปัตตานี,กะพ้อ,บีติง,,,6.612891,101.541195,dra-1650
unmatched,,ปัตตานี,กะพ้อ,ฮูแตบือราเฮง,,,6.612891,101.541195,dra-1651
unmatched,,ปัตตานี,กะพ้อ,นูรอีมาน,,,6.612891,101.541195,dra-1652
unmatched,,ปัตตานี,กะพ้อ,กัวลอกาลี,,,6.612891,101.541195,dra-1653
unmatched,,ปัตตานี,กะพ้อ,ซีรอตุลยีนนะห์ (ปุ),,,6.612891,101.541195,dra-1654
unmatched,,ปัตตานี,กะพ้อ,มะแนดาแล,,,6.612891,101.541195,dra-1655
unmatched,,ปัตตานี,กะพ้อ,มะลอ,,,6.612891,101.541195,dra-1656
unmatched,,ปัตตานี,กะพ้อ,ปล่องหอย,,,6.612891,101.541195,dra-1657
unmatched,,ปัตตานี,กะพ้อ,บาโงสาเมาะ,,,6.612891,101.541195,dra-1658
unmatched,,ปัตตานี,กะพ้อ,มะกอ,,,6.612891,101.541195,dra-1659
unmatched,,ปัตตานี,กะพ้อ,อีบาดุลเราะห์มาน โลทู,,,6.612891,101.541195,dra-1660
unmatched,,ปัตตานี,กะพ้อ,ดารุลตักวา  (มือลอ),,,6.612891,101.541195,dra-1661
unmatched,,ปัตตานี,กะพ้อ,ตะโละบาโระ,,,6.612891,101.541195,dra-1662
unmatched,,ปัตตานี,กะพ้อ,จือมือรา,,,6.612891,101.541195,dra-1663
unmatched,,ปัตตานี,กะพ้อ,อัลเอียะตีซอม,,,6.612891,101.541195,dra-1664
unmatched,,ปัตตานี,กะพ้อ,ดารุลมุนตาฮา บือลูกาลาแล,,,6.612891,101.541195,dra-1665
unmatched,,ปัตตานี,โคกโพธิ์,นูรุลอิสลาม บาโระกรือจุ (ควนโนรี),,,6.698599,101.120709,dra-1666
unmatched,,ปัตตานี,โคกโพธิ์,กำปงอาสัม (บ้านส้ม),,,6.698599,101.120709,dra-1667
unmatched,,ปัตตานี,โคกโพธิ์,นูรูดิน  (สี่แยกควนโนรี),,,6.698599,101.120709,dra-1668
unmatched,,ปัตตานี,โคกโพธิ์,ดารุสสลาม (ป่าไร่),,,6.698599,101.120709,dra-1669
unmatched,,ปัตตานี,โคกโพธิ์,นูรุดดิน,,,6.698599,101.120709,dra-1670
unmatched,,ปัตตานี,โคกโพธิ์,นูรูลอีมาน (นัดปูตะ),,,6.698599,101.120709,dra-1671
unmatched,,ปัตตานี,โคกโพธิ์,สามยอด,,,6.698599,101.120709,dra-1672
unmatched,,ปัตตานี,โคกโพธิ์,โคกโพธิ์,,,6.698599,101.120709,dra-1673
unmatched,,ปัตตานี,โคกโพธิ์,ดารุลฮูดา  (ทุ่งยาว),,,6.698599,101.120709,dra-1674
unmatched,,ปัตตานี,โคกโพธิ์,นูรุลอิสลาม (สะบือรังละหาร์),,,6.698599,101.120709,dra-1675
unmatched,,ปัตตานี,โคกโพธิ์,ดารุลอูลูม บ้านดอน,,,6.698599,101.120709,dra-1676
unmatched,,ปัตตานี,โคกโพธิ์,ซอลาฮุดดินนิคม,,,6.698599,101.120709,dra-1677
unmatched,,ปัตตานี,โคกโพธิ์,ยามีอักตักวา,,,6.698599,101.120709,dra-1678
unmatched,,ปัตตานี,โคกโพธิ์,ดารุลสลาม,,,6.698599,101.120709,dra-1679
unmatched,,ปัตตานี,โคกโพธิ์,ดารุลนาอิม (กำปงนือริง),,,6.698599,101.120709,dra-1680
unmatched,,ปัตตานี,โคกโพธิ์,อัลฮีดายะห์(บาโงปาเซร์),,,6.698599,101.120709,dra-1681
unmatched,,ปัตตานี,โคกโพธิ์,ดารุลมุห์ซีนีน (บาโงปือตา),,,6.698599,101.120709,dra-1682
unmatched,,ปัตตานี,โคกโพธิ์,นูรุลซอลีฮีน (กำปงบูเกะ),,,6.698599,101.120709,dra-1683
unmatched,,ปัตตานี,โคกโพธิ์,มิฟตาฮุลอีบาดะห์,,,6.698599,101.120709,dra-1684
unmatched,,ปัตตานี,โคกโพธิ์,ดารุลคูบรอ  (บ้านใหญ่),,,6.698599,101.120709,dra-1686
unmatched,,ปัตตานี,โคกโพธิ์,ดารุสสะอาดะห์,,,6.698599,101.120709,dra-1687
unmatched,,ปัตตานี,โคกโพธิ์,จะบังติกอบางโกระ,,,6.698599,101.120709,dra-1688
unmatched,,ปัตตานี,โคกโพธิ์,นูรูลดิน (ท่าคอ),,,6.698599,101.120709,dra-1689
unmatched,,ปัตตานี,โคกโพธิ์,นูรอิสลาม (โคกโอน),,,6.698599,101.120709,dra-1690
unmatched,,ปัตตานี,โคกโพธิ์,นูรอิสลาม(นิคม ),,,6.698599,101.120709,dra-1691
unmatched,,ปัตตานี,โคกโพธิ์,กำปงบูเกะ (บ้านควน),,,6.698599,101.120709,dra-1692
unmatched,,ปัตตานี,โคกโพธิ์,ควนกะลาทอง,,,6.698599,101.120709,dra-1693
unmatched,,ปัตตานี,โคกโพธิ์,บ้านปากัน(ห้วยเง๊าะ)(ดารุลอามาน),,,6.698599,101.120709,dra-1694
unmatched,,ปัตตานี,โคกโพธิ์,เกาะตา,,,6.698599,101.120709,dra-1695
unmatched,,ปัตตานี,โคกโพธิ์,เราฎอตุลยันนะห์ บาโงซาร์ดัง (กาลงกาเย๊าะ),,,6.698599,101.120709,dra-1696
unmatched,,ปัตตานี,โคกโพธิ์,ดารุลอาบีดีน,,,6.698599,101.120709,dra-1697
unmatched,,ปัตตานี,โคกโพธิ์,นูรุลอิสลาม(บาโงฆาดิง),,,6.698599,101.120709,dra-1698
unmatched,,ปัตตานี,โคกโพธิ์,นีบงฮางูส (กือปาลอบูเกะ)(กือบงสอบูเกะ),,,6.698599,101.120709,dra-1699
unmatched,,ปัตตานี,โคกโพธิ์,ฮีดายะห์ (ชะเมา),,,6.698599,101.120709,dra-1700
unmatched,,ปัตตานี,โคกโพธิ์,อาซิซสกถาน,,,6.698599,101.120709,dra-1701
unmatched,,ปัตตานี,โคกโพธิ์,กำปงปีแซ,,,6.698599,101.120709,dra-1702
unmatched,,ปัตตานี,โคกโพธิ์,กำปงบูเกต,,,6.698599,101.120709,dra-1703
unmatched,,ปัตตานี,โคกโพธิ์,ดารุลมุตตากีน (ตลาดใหม่นาประดู่),,,6.698599,101.120709,dra-1704
unmatched,,ปัตตานี,โคกโพธิ์,นะห์ฎอตุลอิสลามียะห์  (บาลูกา),,,6.698599,101.120709,dra-1705
unmatched,,ปัตตานี,โคกโพธิ์,ศาลาลาก,,,6.698599,101.120709,dra-1706
unmatched,,ปัตตานี,โคกโพธิ์,นูรูสอิสลาม (ฮูแตทูวอ) (ป่าแก่),,,6.698599,101.120709,dra-1707
unmatched,,ปัตตานี,โคกโพธิ์,ยางแดง,,,6.698599,101.120709,dra-1708
unmatched,,ปัตตานี,โคกโพธิ์,มิฟตาฮูอิสลาม,,,6.698599,101.120709,dra-1709
unmatched,,ปัตตานี,โคกโพธิ์,ลอเตะ ท่าเรือ,,,6.698599,101.120709,dra-1710
unmatched,,ปัตตานี,โคกโพธิ์,อัลฟัลลาห์ (กูบู),,,6.698599,101.120709,dra-1711
unmatched,,ปัตตานี,โคกโพธิ์,กำปงกะเมียง,,,6.698599,101.120709,dra-1712
unmatched,,ปัตตานี,โคกโพธิ์,ยาแมะ (โผงโผง),,,6.698599,101.120709,dra-1713
unmatched,,ปัตตานี,โคกโพธิ์,อัลฮายาติดดีนียะห์ (บาเฆ็ง),,,6.698599,101.120709,dra-1714
unmatched,,ปัตตานี,โคกโพธิ์,นูรุลฮูดา  กำปงรายอ,,,6.698599,101.120709,dra-1715
unmatched,,ปัตตานี,โคกโพธิ์,บาโงจืองา,,,6.698599,101.120709,dra-1716
unmatched,,ปัตตานี,โคกโพธิ์,อัลมุกตาซัมบิละห์  (ป่าพ้อ),,,6.698599,101.120709,dra-1717
unmatched,,ปัตตานี,โคกโพธิ์,อัสสลาม (ปาแดตือบู),,,6.698599,101.120709,dra-1718
unmatched,,ปัตตานี,โคกโพธิ์,ป่าบอน,,,6.698599,101.120709,dra-1719
unmatched,,ปัตตานี,โคกโพธิ์,นาค้อ,,,6.698599,101.120709,dra-1720
unmatched,,ปัตตานี,โคกโพธิ์,ดอนเค็ด,,,6.698599,101.120709,dra-1721
unmatched,,ปัตตานี,โคกโพธิ์,บ้านบลูกา,,,6.698599,101.120709,dra-1722
unmatched,,ปัตตานี,โคกโพธิ์,กำปงบือซา,,,6.698599,101.120709,dra-1723
unmatched,,ปัตตานี,โคกโพธิ์,ดารุสสลาม  นาค้อ (ใต้),,,6.698599,101.120709,dra-1724
unmatched,,ปัตตานี,โคกโพธิ์,อิสรอรุดดีน(บูเกะลาแม),,,6.698599,101.120709,dra-1725
unmatched,,ปัตตานี,โคกโพธิ์,อาเนาะบูเกต,,,6.698599,101.120709,dra-1726
unmatched,,ปัตตานี,โคกโพธิ์,นูรูลฮีดายะห์  (บ้านโพธิ์),,,6.698599,101.120709,dra-1727
unmatched,,ปัตตานี,ทุ่งยางแดง,ตะโล๊ะบูโล๊ะ,,,6.64031,101.444227,dra-1728
unmatched,,ปัตตานี,ทุ่งยางแดง,อุสสิสาอาลัตตักวา,,,6.64031,101.444227,dra-1729
unmatched,,ปัตตานี,ทุ่งยางแดง,นูรุลอิฮซาน บูเกะตันฆอ,,,6.64031,101.444227,dra-1730
unmatched,,ปัตตานี,ทุ่งยางแดง,สาลาฟี,,,6.64031,101.444227,dra-1731
unmatched,,ปัตตานี,ทุ่งยางแดง,บือแนจือโลม,,,6.64031,101.444227,dra-1732
unmatched,,ปัตตานี,ทุ่งยางแดง,ดารุลอันศอร นัดคอมิส,,,6.64031,101.444227,dra-1733
unmatched,,ปัตตานี,ทุ่งยางแดง,มิฟตาฮุลญันนะห์ จือมือไรย์,,,6.64031,101.444227,dra-1734
unmatched,,ปัตตานี,ทุ่งยางแดง,บูเกะตาเน๊าะ,,,6.64031,101.444227,dra-1735
unmatched,,ปัตตานี,ทุ่งยางแดง,ดารุลนาอีม,,,6.64031,101.444227,dra-1736
unmatched,,ปัตตานี,ทุ่งยางแดง,มัสยิดอัตตักวา โต๊ะชูด,,,6.64031,101.444227,dra-1737
unmatched,,ปัตตานี,ทุ่งยางแดง,ดารุลมูฮายีรีน,,,6.64031,101.444227,dra-1738
unmatched,,ปัตตานี,ทุ่งยางแดง,นูรุลอิหซาน (ปอฮงตรือเบาะ),,,6.64031,101.444227,dra-1739
unmatched,,ปัตตานี,ทุ่งยางแดง,ตักวา (บ้านควน),,,6.64031,101.444227,dra-1740
unmatched,,ปัตตานี,ทุ่งยางแดง,บูเกะมัส,,,6.64031,101.444227,dra-1741
unmatched,,ปัตตานี,ทุ่งยางแดง,นูรุลอิฮซานห์ (อาตะบาโง),,,6.64031,101.444227,dra-1742
unmatched,,ปัตตานี,ทุ่งยางแดง (เดิมอยู่มายอ),นูรุลยากีน (น้ำดำ),,,6.718847,101.384497,dra-1743
unmatched,,ปัตตานี,ปะนาเระ,ปาละฮ์,,,6.807879,101.523199,dra-1744
unmatched,,ปัตตานี,ปะนาเระ,ดารุลซาลัม (อีเละ),,,6.807879,101.523199,dra-1745
unmatched,,ปัตตานี,ปะนาเระ,ดารุลซาลัม (ฮูแตฆือแล),,,6.807879,101.523199,dra-1746
unmatched,,ปัตตานี,ปะนาเระ,อิสลามียะห์,,,6.807879,101.523199,dra-1747
unmatched,,ปัตตานี,ปะนาเระ,คลองบือเร๊ะ,,,6.807879,101.523199,dra-1748
unmatched,,ปัตตานี,ปะนาเระ,กือลอเยะมะแต,,,6.807879,101.523199,dra-1749
unmatched,,ปัตตานี,ปะนาเระ,ดารุลเราะห์มะห์ (กือลองตาติง),,,6.807879,101.523199,dra-1750
unmatched,,ปัตตานี,ปะนาเระ,ดารุลมุหซีนีน ลูโกะ,,,6.807879,101.523199,dra-1751
unmatched,,ปัตตานี,ปะนาเระ,สุเหร่ากากีบูเกะ,,,6.807879,101.523199,dra-1752
unmatched,,ปัตตานี,ปะนาเระ,นูรุลยากีน (กำปงกู),,,6.807879,101.523199,dra-1753
unmatched,,ปัตตานี,ปะนาเระ,นูรูลนายาวียะห์ (บ้านน้ำบ่อ),,,6.807879,101.523199,dra-1754
unmatched,,ปัตตานี,ปะนาเระ,ท่าสู (ยกเลิก),,,6.807879,101.523199,dra-1755
unmatched,,ปัตตานี,ปะนาเระ,กาแลยามู (ยกเลิก),,,6.807879,101.523199,dra-1756
unmatched,,ปัตตานี,ปะนาเระ,ดารุลนาอีน (บ้านกลาง),,,6.807879,101.523199,dra-1757
unmatched,,ปัตตานี,ปะนาเระ,นูรูลอามานียะห์ (บ้านหัวเขาแก้ว),,,6.807879,101.523199,dra-1758
unmatched,,ปัตตานี,ปะนาเระ,ตะลากอบาตอ,,,6.807879,101.523199,dra-1759
unmatched,,ปัตตานี,ปะนาเระ,นูรุลอิห์ซาน (บ้านบางมะรวด),,,6.807879,101.523199,dra-1760
unmatched,,ปัตตานี,ปะนาเระ,ดารุลฮิจเราะห์,,,6.807879,101.523199,dra-1761
unmatched,,ปัตตานี,ปะนาเระ,ดารุสสาลาม,,,6.807879,101.523199,dra-1762
unmatched,,ปัตตานี,ปะนาเระ,นูรุตตักวา (ตักดี),,,6.807879,101.523199,dra-1763
unmatched,,ปัตตานี,ปะนาเระ,หัมดาตุลวะห์ (ปุลามาวอ),,,6.807879,101.523199,dra-1764
unmatched,,ปัตตานี,ปะนาเระ,บ้านปูตะ,,,6.807879,101.523199,dra-1765
unmatched,,ปัตตานี,ปะนาเระ,นือริง,,,6.807879,101.523199,dra-1766
unmatched,,ปัตตานี,ปะนาเระ,นองเงง (หัวคลอง),,,6.807879,101.523199,dra-1767
unmatched,,ปัตตานี,ปะนาเระ,เกาะบูดี,,,6.807879,101.523199,dra-1768
unmatched,,ปัตตานี,ปะนาเระ,ดารุลอิห์ซาน (ทุ่งใหญ่),,,6.807879,101.523199,dra-1769
unmatched,,ปัตตานี,ปะนาเระ,นูรุลยากีน (ปังกาลัมบูดี),,,6.807879,101.523199,dra-1770
unmatched,,ปัตตานี,ปะนาเระ,ดารุลมุสตากีน (เจาะหะ),,,6.807879,101.523199,dra-1771
unmatched,,ปัตตานี,ปะนาเระ,นูรุดอีมาน (นาพร้าว),,,6.807879,101.523199,dra-1772
unmatched,,ปัตตานี,ปะนาเระ,นูรุดดีน (ท่าม่วง),,,6.807879,101.523199,dra-1773
unmatched,,ปัตตานี,ปะนาเระ,นูรุลอิสลาม (ตาซา),,,6.807879,101.523199,dra-1774
unmatched,,ปัตตานี,ปะนาเระ,อัลฮีดายาตุลอิสลามียะ (พ่อมิ่ง),,,6.807879,101.523199,dra-1775
unmatched,,ปัตตานี,ปะนาเระ,สุเหร่าบูเกะแกแคดาแล,,,6.807879,101.523199,dra-1776
unmatched,,ปัตตานี,ปะนาเระ,บ้านนาจาก,,,6.807879,101.523199,dra-1777
unmatched,,ปัตตานี,ปะนาเระ,นูรุลฮูดา (กัวลอแกแฆ),,,6.807879,101.523199,dra-1778
unmatched,,ปัตตานี,ปะนาเระ,อัลตักวา (พ่อมิ่ง),,,6.807879,101.523199,dra-1779
unmatched,,ปัตตานี,ปานาเระ,ท่าน้ำ,,,6.718847,101.384497,dra-1780
unmatched,,ปัตตานี,ปานาเระ,ดารุสอามาน ปานาเระ,,,6.718847,101.384497,dra-1781
unmatched,,ปัตตานี,มายอ,กราเสาะกำปงบารู,,,6.689303,101.409103,dra-1782
unmatched,,ปัตตานี,มายอ,กอลำ (กระเสาะ),,,6.689303,101.409103,dra-1783
unmatched,,ปัตตานี,มายอ,ยูคม,,,6.689303,101.409103,dra-1784
unmatched,,ปัตตานี,มายอ,ลางสาด,,,6.689303,101.409103,dra-1785
unmatched,,ปัตตานี,มายอ,บือเร๊ะ (ตัรมียาตุลอิซละห์),,,6.689303,101.409103,dra-1786
unmatched,,ปัตตานี,มายอ,กาลูวั๊ท,,,6.689303,101.409103,dra-1787
unmatched,,ปัตตานี,มายอ,พอเบาะฮ์,,,6.689303,101.409103,dra-1788
unmatched,,ปัตตานี,มายอ,ราวอ,,,6.689303,101.409103,dra-1789
unmatched,,ปัตตานี,มายอ,โต๊ะนาคอดอ,,,6.689303,101.409103,dra-1790
unmatched,,ปัตตานี,มายอ,เมาะโง,,,6.689303,101.409103,dra-1791
unmatched,,ปัตตานี,มายอ,นูรุลฮีดายะห์(เมาะโมล),,,6.689303,101.409103,dra-1792
unmatched,,ปัตตานี,มายอ,เตี๊ยะรายอ,,,6.689303,101.409103,dra-1793
unmatched,,ปัตตานี,มายอ,แม่กลอง,,,6.689303,101.409103,dra-1794
unmatched,,ปัตตานี,มายอ,นูรุลญันนะห์ ราเกาะ,,,6.689303,101.409103,dra-1795
unmatched,,ปัตตานี,มายอ,อัลฟัลลาฮีน(แขนท้าว),,,6.689303,101.409103,dra-1796
unmatched,,ปัตตานี,มายอ,นูรูลฮูดดา (แยระ),,,6.689303,101.409103,dra-1797
unmatched,,ปัตตานี,มายอ,นูรุลอีบาดะห์(ยาบี),,,6.689303,101.409103,dra-1798
unmatched,,ปัตตานี,มายอ,มิฟตาฮุลยันนะห์(บ้านโตะโระ),,,6.689303,101.409103,dra-1799
unmatched,,ปัตตานี,มายอ,บุสตานุลยันนะห์ (กำปงบองอ),,,6.689303,101.409103,dra-1800
unmatched,,ปัตตานี,มายอ,นูรุดดีน กาโต,,,6.689303,101.409103,dra-1801
unmatched,,ปัตตานี,มายอ,บูเกะแว (บ้านเขาวัง),,,6.689303,101.409103,dra-1802
unmatched,,ปัตตานี,มายอ,นูร์กำปงบารู,,,6.689303,101.409103,dra-1803
unmatched,,ปัตตานี,มายอ,เปาร์แปรอก  (นูรุลฮูดา),,,6.689303,101.409103,dra-1804
unmatched,,ปัตตานี,มายอ,ดารุสลามบ่อสามลูก,,,6.689303,101.409103,dra-1805
unmatched,,ปัตตานี,มายอ,สุเหร่าแลแว๊ะห์,,,6.689303,101.409103,dra-1806
unmatched,,ปัตตานี,มายอ,นูรูลอิสลาม (ตะโล๊ะบูโละ),,,6.689303,101.409103,dra-1807
unmatched,,ปัตตานี,มายอ,ดูวา (อุสีสาอัตลัตตักวา),,,6.689303,101.409103,dra-1808
unmatched,,ปัตตานี,มายอ,ถนน,,,6.689303,101.409103,dra-1809
unmatched,,ปัตตานี,มายอ,กูแบสาแม,,,6.689303,101.409103,dra-1810
unmatched,,ปัตตานี,มายอ,ฉะลง,,,6.689303,101.409103,dra-1811
unmatched,,ปัตตานี,มายอ,มาโง๊ะ,,,6.689303,101.409103,dra-1812
unmatched,,ปัตตานี,มายอ,ดารุลนาอีม บูดง,,,6.689303,101.409103,dra-1813
unmatched,,ปัตตานี,มายอ,ปะโด,,,6.689303,101.409103,dra-1814
unmatched,,ปัตตานี,มายอ,ดารุสสาลาม,,,6.689303,101.409103,dra-1815
unmatched,,ปัตตานี,มายอ,ดารุลอารคอม,,,6.689303,101.409103,dra-1816
unmatched,,ปัตตานี,มายอ,ปากู,,,6.689303,101.409103,dra-1817
unmatched,,ปัตตานี,มายอ,โต๊ะหนอ,,,6.689303,101.409103,dra-1818
unmatched,,ปัตตานี,มายอ,จาเราะลือแม,,,6.689303,101.409103,dra-1819
unmatched,,ปัตตานี,มายอ,ปาแดปาลัส,,,6.689303,101.409103,dra-1820
unmatched,,ปัตตานี,มายอ,ปานแด (นีซอมุดดิน),,,6.689303,101.409103,dra-1821
unmatched,,ปัตตานี,มายอ,ดารุลมุตากีน (กานาเปะ),,,6.689303,101.409103,dra-1823
unmatched,,ปัตตานี,มายอ,ปาเซปูเต๊ะ,,,6.689303,101.409103,dra-1824
unmatched,,ปัตตานี,มายอ,นูรุลอิสลามียะห์ (บือเจ๊าะ),,,6.689303,101.409103,dra-1825
unmatched,,ปัตตานี,มายอ,มาเต๊ะ,,,6.689303,101.409103,dra-1826
unmatched,,ปัตตานี,มายอ,บาแฆะตลาด,,,6.689303,101.409103,dra-1827
unmatched,,ปัตตานี,มายอ,ดารุลอามาน (พิเทน),,,6.689303,101.409103,dra-1828
unmatched,,ปัตตานี,มายอ,ปาแดยอร์ (ป่ามะพร้าว),,,6.689303,101.409103,dra-1829
unmatched,,ปัตตานี,มายอ,มายอ,,,6.689303,101.409103,dra-1830
unmatched,,ปัตตานี,มายอ,กำปงปาแย,,,6.689303,101.409103,dra-1831
unmatched,,ปัตตานี,มายอ,ฆารอก,,,6.689303,101.409103,dra-1832
unmatched,,ปัตตานี,มายอ,ดารุลอามาน(บูเกะจะ),,,6.689303,101.409103,dra-1833
unmatched,,ปัตตานี,มายอ,นูรุลอีมาน (บลูกา),,,6.689303,101.409103,dra-1834
unmatched,,ปัตตานี,มายอ,กอแล,,,6.689303,101.409103,dra-1835
unmatched,,ปัตตานี,มายอ,ปาละตาแบ๊ะ,,,6.689303,101.409103,dra-1836
unmatched,,ปัตตานี,มายอ,ลางาร์ตาแบ๊ะ,,,6.689303,101.409103,dra-1837
unmatched,,ปัตตานี,มายอ,เปาะซี  (ดารุลอัตฟาล),,,6.689303,101.409103,dra-1838
unmatched,,ปัตตานี,มายอ,ลังงารีย์,,,6.689303,101.409103,dra-1839
unmatched,,ปัตตานี,มายอ,บละแต (นูรุลมูบีน),,,6.689303,101.409103,dra-1840
unmatched,,ปัตตานี,มายอ,ดารุสลาม,,,6.689303,101.409103,dra-1841
unmatched,,ปัตตานี,มายอ,จาเราะบาแน (นูรุลอิฮ์ซัน),,,6.689303,101.409103,dra-1842
unmatched,,ปัตตานี,มายอ,นูรุลญันนะฮ์ (บาลูกาตือเงาะ),,,6.689303,101.409103,dra-1843
unmatched,,ปัตตานี,มายอ,ตอรีกุลยันนะห์ (ตะบิงตีงี),,,6.689303,101.409103,dra-1844
unmatched,,ปัตตานี,มายอ,สุเหร่านาซา,,,6.689303,101.409103,dra-1845
unmatched,,ปัตตานี,มายอ,ดารูลอีบาดะห์ (ลุโบะยิไร),,,6.689303,101.409103,dra-1846
unmatched,,ปัตตานี,มายอ,รอแตตาวา,,,6.689303,101.409103,dra-1848
unmatched,,ปัตตานี,มายอ,ราวฎอตุลญัณนะห์ (ตะโละนิโกะ),,,6.689303,101.409103,dra-1849
unmatched,,ปัตตานี,มายอ,นูรุลอีมาน (จือรง),,,6.689303,101.409103,dra-1850
unmatched,,ปัตตานี,มายอ,อัลคอยรียะห์อัลวาตอนียะห์ บังโกลบารางัน,,,6.689303,101.409103,dra-1851
unmatched,,ปัตตานี,มายอ,สะกำ,,,6.689303,101.409103,dra-1852
unmatched,,ปัตตานี,มายอ,ศาลาบูดี (ซาดุลมามาต),,,6.689303,101.409103,dra-1853
unmatched,,ปัตตานี,มายอ,นูรุลอิสลาม (กำปงตันหยง),,,6.689303,101.409103,dra-1854
unmatched,,ปัตตานี,มายอ,ฌัมอียาดุลอิสลามียะห์(คลองโต๊ะเน๊าะ),,,6.689303,101.409103,dra-1855
unmatched,,ปัตตานี,มายอ,ฮีดายาตุลอิสาม,,,6.689303,101.409103,dra-1856
unmatched,,ปัตตานี,มายอ,สาคอใต้ (ดารุลนาอีม),,,6.689303,101.409103,dra-1857
unmatched,,ปัตตานี,มายอ,นูรุลฮูดา (สมาหอ),,,6.689303,101.409103,dra-1858
unmatched,,ปัตตานี,มายอ,ฆูลี,,,6.689303,101.409103,dra-1859
unmatched,,ปัตตานี,มายอ,บูดี,,,6.689303,101.409103,dra-1860
unmatched,,ปัตตานี,มายอ,ตุนหยง (ดารุสสลาม),,,6.689303,101.409103,dra-1861
unmatched,,ปัตตานี,มายอ,มะม่วงหวาน (นูรุลอิสลาม),,,6.689303,101.409103,dra-1862
unmatched,,ปัตตานี,มายอ,บาตัสสือกูบู,,,6.689303,101.409103,dra-1863
unmatched,,ปัตตานี,มายอ,อัลอันศอร(กูวิง),,,6.689303,101.409103,dra-1864
unmatched,,ปัตตานี,มายอ,ดารุลอัรกอม บ้านบาตัสกูบู,,,6.689303,101.409103,dra-1865
unmatched,,ปัตตานี,เมือง,นูรุลอีมาน แบรอบาบอเซะ,,,6.853746,101.25854,dra-1866
unmatched,,ปัตตานี,เมือง,ดารุสสลาม (เชคดาวุด อัลฟาฎอนีย์,,,6.853746,101.25854,dra-1867
unmatched,,ปัตตานี,เมือง,ดารุสสาลาม สะนิง,,,6.853746,101.25854,dra-1868
unmatched,,ปัตตานี,เมือง,ดารุสลาม  (ดูวอกือนือรี),,,6.853746,101.25854,dra-1869
unmatched,,ปัตตานี,เมืองปัตตานี,นูรูลอีมาน ตาระ,,,6.853746,101.25854,dra-1870
unmatched,,ปัตตานี,เมืองปัตตานี,นูรุลยากีน กะมิยอ,,,6.853746,101.25854,dra-1871
unmatched,,ปัตตานี,เมืองปัตตานี,กาแลบือซา,,,6.853746,101.25854,dra-1872
unmatched,,ปัตตานี,เมืองปัตตานี,อานีซอฟาตียะห์ (บาโง),,,6.853746,101.25854,dra-1873
unmatched,,ปัตตานี,เมืองปัตตานี,มะวัลมุตตากีน (บือแนฆูเจ),,,6.853746,101.25854,dra-1874
unmatched,,ปัตตานี,เมืองปัตตานี,ดารุลมุตตากีน เมาะโม๊ะ,,,6.853746,101.25854,dra-1875
unmatched,,ปัตตานี,เมืองปัตตานี,สะมาลา,,,6.853746,101.25854,dra-1876
unmatched,,ปัตตานี,เมืองปัตตานี,คลองมานิง,,,6.853746,101.25854,dra-1877
unmatched,,ปัตตานี,เมืองปัตตานี,รายอฟาฏอนี (เดิมชื่อมัสยิดจะบังติกอ),,,6.853746,101.25854,dra-1878
unmatched,,ปัตตานี,เมืองปัตตานี,ปารูโป๊ะ,,,6.853746,101.25854,dra-1879
unmatched,,ปัตตานี,เมืองปัตตานี,ปาแดบูงอ,,,6.853746,101.25854,dra-1880
unmatched,,ปัตตานี,เมืองปัตตานี,แบรออาตะจรัง,,,6.853746,101.25854,dra-1881
unmatched,,ปัตตานี,เมืองปัตตานี,นูรุลยากีน (แบรอตะลุโบะ),,,6.853746,101.25854,dra-1882
unmatched,,ปัตตานี,เมืองปัตตานี,อัลฮูดา  (ดือราแฮ),,,6.853746,101.25854,dra-1883
unmatched,,ปัตตานี,เมืองปัตตานี,ดารุลนาอีม (แบรอแว),,,6.853746,101.25854,dra-1884
unmatched,,ปัตตานี,เมืองปัตตานี,นูรุลอิซาน (ตะลุโบะ),,,6.853746,101.25854,dra-1885
unmatched,,ปัตตานี,เมืองปัตตานี,กรีเซ๊ะ,,,6.853746,101.25854,dra-1886
unmatched,,ปัตตานี,เมืองปัตตานี,ตันหยงลุโละ,,,6.853746,101.25854,dra-1887
unmatched,,ปัตตานี,เมืองปัตตานี,นูรุลอิสลามบานา (เดิมชื่อบานา),,,6.853746,101.25854,dra-1888
unmatched,,ปัตตานี,เมืองปัตตานี,นูรุลอิสลาม (กูแบอีเต๊ะ),,,6.853746,101.25854,dra-1889
unmatched,,ปัตตานี,เมืองปัตตานี,นูรุดดีน (ปากาบันยัง),,,6.853746,101.25854,dra-1890
unmatched,,ปัตตานี,เมืองปัตตานี,กูวิง,,,6.853746,101.25854,dra-1891
unmatched,,ปัตตานี,เมืองปัตตานี,นูรุลอีมาน (จือโระ),,,6.853746,101.25854,dra-1892
unmatched,,ปัตตานี,เมืองปัตตานี,นูรุลฮูดา (ยูโย),,,6.853746,101.25854,dra-1893
unmatched,,ปัตตานี,เมืองปัตตานี,อัสอิสลาห์  (กำปงตารง),,,6.853746,101.25854,dra-1894
unmatched,,ปัตตานี,เมืองปัตตานี,นูรุลสะอาดะห์ (อาเนาะเยาะ),,,6.853746,101.25854,dra-1895
unmatched,,ปัตตานี,เมืองปัตตานี,ดารุนอีบาด๊ะห์,,,6.853746,101.25854,dra-1896
unmatched,,ปัตตานี,เมืองปัตตานี,อัลฮุนา  (สุไหงปาแน),,,6.853746,101.25854,dra-1898
unmatched,,ปัตตานี,เมืองปัตตานี,ดารุลนาอีม ปันตัยรูซอ,,,6.853746,101.25854,dra-1899
unmatched,,ปัตตานี,เมืองปัตตานี,บาราโหม,,,6.853746,101.25854,dra-1900
unmatched,,ปัตตานี,เมืองปัตตานี,กือดี,,,6.853746,101.25854,dra-1901
unmatched,,ปัตตานี,เมืองปัตตานี,บิลดอ (นูรุลยันนะห์ ),,,6.853746,101.25854,dra-1902
unmatched,,ปัตตานี,เมืองปัตตานี,แบรอ,,,6.853746,101.25854,dra-1903
unmatched,,ปัตตานี,เมืองปัตตานี,บาราเฮาะกำปงสุเหร่า,,,6.853746,101.25854,dra-1904
unmatched,,ปัตตานี,เมืองปัตตานี,ลาดอ,,,6.853746,101.25854,dra-1905
unmatched,,ปัตตานี,เมืองปัตตานี,ตาเนาะ,,,6.853746,101.25854,dra-1906
unmatched,,ปัตตานี,เมืองปัตตานี,ตูตง,,,6.853746,101.25854,dra-1907
unmatched,,ปัตตานี,เมืองปัตตานี,นูรุลฮีดายะห์ (ปีตูโตะเก็ง),,,6.853746,101.25854,dra-1908
unmatched,,ปัตตานี,เมืองปัตตานี,ฮีดายาตุลอิสลาม (เจะดี),,,6.853746,101.25854,dra-1909
unmatched,,ปัตตานี,เมืองปัตตานี,ยือโมะ,,,6.853746,101.25854,dra-1910
unmatched,,ปัตตานี,เมืองปัตตานี,ฮีดายาตุลอิสลามีนยะห์ (จางา),,,6.853746,101.25854,dra-1911
unmatched,,ปัตตานี,เมืองปัตตานี,ปะกาฮะรัง,,,6.853746,101.25854,dra-1912
unmatched,,ปัตตานี,เมืองปัตตานี,เกาวน์ปะกาฮะรัง (ซีอารุลอิสลาม ),,,6.853746,101.25854,dra-1913
unmatched,,ปัตตานี,เมืองปัตตานี,ซีอารุลอีมาน (จะรังนีบง),,,6.853746,101.25854,dra-1914
unmatched,,ปัตตานี,เมืองปัตตานี,อะห์มาดียะห์,,,6.853746,101.25854,dra-1915
unmatched,,ปัตตานี,เมืองปัตตานี,อะห์มาดียะห์ (บ้านกือยา),,,6.853746,101.25854,dra-1916
unmatched,,ปัตตานี,เมืองปัตตานี,นูรุลฮูดา  (สุไหงโต๊ะฆาลี),,,6.853746,101.25854,dra-1917
unmatched,,ปัตตานี,เมืองปัตตานี,ริดวานียะห์,,,6.853746,101.25854,dra-1918
unmatched,,ปัตตานี,เมืองปัตตานี,ปูยุด,,,6.853746,101.25854,dra-1919
unmatched,,ปัตตานี,เมืองปัตตานี,ดารุลฮูดา (ราโมง),,,6.853746,101.25854,dra-1920
unmatched,,ปัตตานี,เมืองปัตตานี,อิสลาห์ (ข่าลิง),,,6.853746,101.25854,dra-1921
unmatched,,ปัตตานี,เมืองปัตตานี,บางหมอ,,,6.853746,101.25854,dra-1922
unmatched,,ปัตตานี,เมืองปัตตานี,รูสะมิแล,,,6.853746,101.25854,dra-1923
unmatched,,ปัตตานี,เมืองปัตตานี,นูรุลลุตฟี (จะรังบาตู),,,6.853746,101.25854,dra-1924
unmatched,,ปัตตานี,เมืองปัตตานี,นูรุลอิสลาม  (งาแม),,,6.853746,101.25854,dra-1925
unmatched,,ปัตตานี,เมืองปัตตานี,นูรูลฮุดา (สือบือรังญายอดอนรัก,,,6.853746,101.25854,dra-1926
unmatched,,ปัตตานี,เมืองปัตตานี,ดารุลอิสลาม (กัวลอบารัต),,,6.853746,101.25854,dra-1927
unmatched,,ปัตตานี,เมืองปัตตานี,กาดาอาเนาะยอ,,,6.853746,101.25854,dra-1928
unmatched,,ปัตตานี,เมืองปัตตานี,ญามีอุสซอลาฮ์ (บ้านบ่อโอน),,,6.853746,101.25854,dra-1929
unmatched,,ปัตตานี,เมืองปัตตานี,อัลอิควาเนียะห์  (บือติงตันหยง),,,6.853746,101.25854,dra-1930
unmatched,,ปัตตานี,เมืองปัตตานี,นูรุลฮาดี (บือติงหะยีแม),,,6.853746,101.25854,dra-1931
unmatched,,ปัตตานี,เมืองปัตตานี,นูร์ปการอ,,,6.853746,101.25854,dra-1932
unmatched,,ปัตตานี,เมืองปัตตานี,ยูโยปะซี (ปากน้ำ),,,6.853746,101.25854,dra-1933
unmatched,,ปัตตานี,เมืองปัตตานี,ยูมูอียาตุสซอลีฮีน,,,6.853746,101.25854,dra-1934
unmatched,,ปัตตานี,เมืองปัตตานี,นูรุตเตาฟิก บือติงกำปงกู,,,6.853746,101.25854,dra-1935
unmatched,,ปัตตานี,เมืองปัตตานี,นูรุลยากีน (คลองช้าง),,,6.853746,101.25854,dra-1937
unmatched,,ปัตตานี,เมืองปัตตานี,ซีอารุลอิสลาม (อาเนาะรู),,,6.853746,101.25854,dra-1938
unmatched,,ปัตตานี,แม่ลาน,ควนแปลง,,,6.664771,101.237534,dra-1940
unmatched,,ปัตตานี,แม่ลาน,ดารุสลาม (ลูโบะลูวัส) วังกว้าง,,,6.664771,101.237534,dra-1941
unmatched,,ปัตตานี,แม่ลาน,ท่าแรด,,,6.664771,101.237534,dra-1942
unmatched,,ปัตตานี,แม่ลาน,ดารุลมุตตากีน,,,6.664771,101.237534,dra-1943
unmatched,,ปัตตานี,แม่ลาน,อาอิสลาม (บาตะกูบู),,,6.664771,101.237534,dra-1944
unmatched,,ปัตตานี,แม่ลาน,อะห์มาดี กูบังโปร,,,6.664771,101.237534,dra-1945
unmatched,,ปัตตานี,แม่ลาน,คูระ,,,6.664771,101.237534,dra-1946
unmatched,,ปัตตานี,แม่ลาน,ดาแลมือรียง,,,6.664771,101.237534,dra-1947
unmatched,,ปัตตานี,แม่ลาน,กือลองตือแรยอ,,,6.664771,101.237534,dra-1948
unmatched,,ปัตตานี,แม่ลาน,ดารุสสลาม กูแบปูยู,,,6.664771,101.237534,dra-1949
unmatched,,ปัตตานี,แม่ลาน,ตันหยง (กำปงยอร์),,,6.664771,101.237534,dra-1950
unmatched,,ปัตตานี,แม่ลาน,ปึนตียา (ม่วงเตี้ย),,,6.664771,101.237534,dra-1951
unmatched,,ปัตตานี,แม่ลาน,ฮูยงตันหยง,,,6.664771,101.237534,dra-1952
unmatched,,ปัตตานี,แม่ลาน,นูรูลฮิดายะห์,,,6.664771,101.237534,dra-1953
unmatched,,ปัตตานี,แม่ลาน,อัลอะห์มาดี (ดาเราะมาเซ็ง),,,6.664771,101.237534,dra-1954
unmatched,,ปัตตานี,แม่ลาน,นูรูยันนะห์ (นือริงตีกอ),,,6.664771,101.237534,dra-1955
unmatched,,ปัตตานี,แม่ลาน,ดารุลเราะมะห์ บาโงปาโอ๊ะ,,,6.664771,101.237534,dra-1956
unmatched,,ปัตตานี,แม่ลาน,นูรุลฮูดา (คลองทราย),,,6.664771,101.237534,dra-1957
unmatched,,ปัตตานี,แม่ลาน,ดารุลมุตตาคีน จาโดะ,,,6.664771,101.237534,dra-1958
unmatched,,ปัตตานี,ไม้แก่น,ปูลากรืองอ,,,6.620943,101.678415,dra-1959
unmatched,,ปัตตานี,ไม้แก่น,ฮุแตฮางุส,,,6.620943,101.678415,dra-1960
unmatched,,ปัตตานี,ไม้แก่น,ตะโละลาเวง,,,6.620943,101.678415,dra-1961
unmatched,,ปัตตานี,ไม้แก่น,ปาตา,,,6.620943,101.678415,dra-1962
unmatched,,ปัตตานี,ไม้แก่น,ดารุลอาบีดีน (โดซา),,,6.620943,101.678415,dra-1963
unmatched,,ปัตตานี,ไม้แก่น,กัวลอซา,,,6.620943,101.678415,dra-1964
unmatched,,ปัตตานี,ไม้แก่น,บิลยา,,,6.620943,101.678415,dra-1965
unmatched,,ปัตตานี,ไม้แก่น,นาบาวี (บาโงลืองา),,,6.620943,101.678415,dra-1966
unmatched,,ปัตตานี,ไม้แก่น,ท่าช้าง,,,6.620943,101.678415,dra-1967
unmatched,,ปัตตานี,ไม้แก่น,โคกนิบง ดารุลคอยรียะห์,,,6.620943,101.678415,dra-1968
unmatched,,ปัตตานี,ไม้แก่น,สะบือรังบารู,,,6.620943,101.678415,dra-1969
unmatched,,ปัตตานี,ไม้แก่น,ดารุลอาซีกีนพงกานะห์ (โคกนิบง),,,6.620943,101.678415,dra-1970
unmatched,,ปัตตานี,ไม้แก่น,นูรุลอีบาดะห์ (กูบังปีงะ),,,6.620943,101.678415,dra-1971
unmatched,,ปัตตานี,ไม้แก่น,นูรูลฮุดดา,,,6.620943,101.678415,dra-1972
unmatched,,ปัตตานี,ไม้แก่น,ตะโละแกตอง,,,6.620943,101.678415,dra-1973
unmatched,,ปัตตานี,ไม้แก่น,กะรือจุ,,,6.620943,101.678415,dra-1974
unmatched,,ปัตตานี,ไม้แก่น,สามโรง,,,6.620943,101.678415,dra-1975
unmatched,,ปัตตานี,ยะรัง,ปรีกี (ตัรบียะห์อัดดีนียะห์),,,6.69878,101.310414,dra-1976
ambiguous,100.0,ปัตตานี,ยะรัง,กระโด(นูรุลอิหซาน),มัสยิดนูรุลอิฮ์ซาน,way/1510674913,6.752727,101.320749,dra-1977
unmatched,,ปัตตานี,ยะรัง,นูรูลอิสลาม (บาซากะจิ),,,6.69878,101.310414,dra-1978
unmatched,,ปัตตานี,ยะรัง,สาเราะ,,,6.69878,101.310414,dra-1979
unmatched,,ปัตตานี,ยะรัง,กอตอโต๊ะเละ (เราฎอตุลยานะห์),,,6.69878,101.310414,dra-1980
unmatched,,ปัตตานี,ยะรัง,นูรูลฮูดา (กูแบบาเดาะ),,,6.69878,101.310414,dra-1981
unmatched,,ปัตตานี,ยะรัง,มีฟตาฮูลญันนะฮ์ (กูบังสีรา),,,6.69878,101.310414,dra-1982
unmatched,,ปัตตานี,ยะรัง,กอลำ,,,6.69878,101.310414,dra-1983
unmatched,,ปัตตานี,ยะรัง,รามา (นูรูดดีน)(บือแนจือไร),,,6.69878,101.310414,dra-1984
unmatched,,ปัตตานี,ยะรัง,สะตาร์,,,6.69878,101.310414,dra-1985
unmatched,,ปัตตานี,ยะรัง,ปุลาฆาซิง,,,6.69878,101.310414,dra-1986
unmatched,,ปัตตานี,ยะรัง,ลาโตห์,,,6.69878,101.310414,dra-1987
unmatched,,ปัตตานี,ยะรัง,นูรซูกรียะห์ (เปาะมูเร็ง),,,6.69878,101.310414,dra-1988
unmatched,,ปัตตานี,ยะรัง,ลาฮาสะตา,,,6.69878,101.310414,dra-1989
unmatched,,ปัตตานี,ยะรัง,บูเกะดาโต,,,6.69878,101.310414,dra-1990
unmatched,,ปัตตานี,ยะรัง,ซือรง (โสร่ง),,,6.69878,101.310414,dra-1991
unmatched,,ปัตตานี,ยะรัง,ซารง,,,6.69878,101.310414,dra-1992
unmatched,,ปัตตานี,ยะรัง,บักตี (อับเราะห์),,,6.69878,101.310414,dra-1993
unmatched,,ปัตตานี,ยะรัง,จาเราะบองอ,,,6.69878,101.310414,dra-1994
unmatched,,ปัตตานี,ยะรัง,ดารุลนาอีม  (บาโงยะฮา),,,6.69878,101.310414,dra-1995
unmatched,,ปัตตานี,ยะรัง,ดารุลอามาน  (ซือรงทำนบ),,,6.69878,101.310414,dra-1996
unmatched,,ปัตตานี,ยะรัง,อะดีนุลอิสลามียะห์(จาเราะสะโต),,,6.69878,101.310414,dra-1997
unmatched,,ปัตตานี,ยะรัง,ยามีอาตุลอิสลามียะห์,,,6.69878,101.310414,dra-1998
unmatched,,ปัตตานี,ยะรัง,นูรูลฮีดายะห์  (ลูโบะบาลา),,,6.69878,101.310414,dra-1999
unmatched,,ปัตตานี,ยะรัง,กูนิงจาเราะบูงอ,,,6.69878,101.310414,dra-2000
unmatched,,ปัตตานี,ยะรัง,นูรูลอิสลาม  (กำปงนีบง),,,6.69878,101.310414,dra-2001
unmatched,,ปัตตานี,ยะรัง,ดารุลอามาน  (จาเราะ),,,6.69878,101.310414,dra-2002
unmatched,,ปัตตานี,ยะรัง,ดารุลมุดตากีน  (ตีพะ),,,6.69878,101.310414,dra-2003
unmatched,,ปัตตานี,ยะรัง,นูรฮีดายะห์  (บูเกะตือโก๊ะ),,,6.69878,101.310414,dra-2004
unmatched,,ปัตตานี,ยะรัง,ไซนุลอาบีดีน(กูแบรูซอ),,,6.69878,101.310414,dra-2005
unmatched,,ปัตตานี,ยะรัง,ดารุลนาอีม (อาตัสบาโง),,,6.69878,101.310414,dra-2006
unmatched,,ปัตตานี,ยะรัง,เราฎอตุลซอลีฮีน (กรือจุ),,,6.69878,101.310414,dra-2007
unmatched,,ปัตตานี,ยะรัง,นูรูลอิสลาม (ปาฮนตือมูสู),,,6.69878,101.310414,dra-2008
unmatched,,ปัตตานี,ยะรัง,นูรุลมุห์ตาดีน  (บูเกะตง),,,6.69878,101.310414,dra-2009
ambiguous,100.0,ปัตตานี,ยะรัง,นูรุลอิห์ซาน  (บาโงลาแล),มัสยิดนูรุลอิฮ์ซาน,node/13809345955,6.752815,101.320745,dra-2010
unmatched,,ปัตตานี,ยะรัง,ดารุลอีมาน (ปอเนาะอาเยาะห์แปเราะ,,,6.69878,101.310414,dra-2011
unmatched,,ปัตตานี,ยะรัง,นูรูลอิสลาม (บูเกะแยระ),,,6.69878,101.310414,dra-2012
unmatched,,ปัตตานี,ยะรัง,นองจิ๊ (โตะกาลี),,,6.69878,101.310414,dra-2013
unmatched,,ปัตตานี,ยะรัง,ลูโบะจาแว,,,6.69878,101.310414,dra-2014
unmatched,,ปัตตานี,ยะรัง,กอตอระนอ(รียาดุลซอลีฮีน),,,6.69878,101.310414,dra-2015
unmatched,,ปัตตานี,ยะรัง,การแลสะนอ,,,6.69878,101.310414,dra-2016
unmatched,,ปัตตานี,ยะรัง,นูรูลอิหสาน (เกาะแน),,,6.69878,101.310414,dra-2017
unmatched,,ปัตตานี,ยะรัง,อิรซอรีสนะห์(กูบังบูวายอ),,,6.69878,101.310414,dra-2018
unmatched,,ปัตตานี,ยะรัง,อาสาสูตตักวา (นอจิ กือปาลอบาตัส),,,6.69878,101.310414,dra-2019
unmatched,,ปัตตานี,ยะรัง,กูบังปูตะ,,,6.69878,101.310414,dra-2020
unmatched,,ปัตตานี,ยะรัง,ประจัน,,,6.69878,101.310414,dra-2021
unmatched,,ปัตตานี,ยะรัง,บือแนปีแน,,,6.69878,101.310414,dra-2022
unmatched,,ปัตตานี,ยะรัง,มะแนกือบง,,,6.69878,101.310414,dra-2023
unmatched,,ปัตตานี,ยะรัง,บาราโอ,,,6.69878,101.310414,dra-2024
unmatched,,ปัตตานี,ยะรัง,กำปงดาแฆ(นูรูลฮูดา),,,6.69878,101.310414,dra-2025
unmatched,,ปัตตานี,ยะรัง,ฆูนิง(กูนิง),,,6.69878,101.310414,dra-2026
unmatched,,ปัตตานี,ยะรัง,บือแนดือมอง,,,6.69878,101.310414,dra-2027
unmatched,,ปัตตานี,ยะรัง,ดารุลมาห์รูฟ (จาแบปะบือแนปิแน),,,6.69878,101.310414,dra-2028
unmatched,,ปัตตานี,ยะรัง,นูรุลฮีดายะห์ (บูโกะ),,,6.69878,101.310414,dra-2029
unmatched,,ปัตตานี,ยะรัง,ดารุลนาอีม บราโอดาแล,,,6.69878,101.310414,dra-2030
unmatched,,ปัตตานี,ยะรัง,บาซาเวาะเซ็ง (ดารุสสลาม),,,6.69878,101.310414,dra-2031
unmatched,,ปัตตานี,ยะรัง,ราบอ,,,6.69878,101.310414,dra-2032
unmatched,,ปัตตานี,ยะรัง,บ้านโต๊ะทูวอ (บาซาเอ),,,6.69878,101.310414,dra-2033
unmatched,,ปัตตานี,ยะรัง,ชะมู,,,6.69878,101.310414,dra-2034
unmatched,,ปัตตานี,ยะรัง,อีบาดาตุลกูบรอ(บ้านบาโงตา),,,6.69878,101.310414,dra-2035
unmatched,,ปัตตานี,ยะรัง,ยามีตุลมัสลาฮะ,,,6.69878,101.310414,dra-2036
unmatched,,ปัตตานี,ยะรัง,ปอฮงสาคอ (ดารุลอีบาดะห์),,,6.69878,101.310414,dra-2037
unmatched,,ปัตตานี,ยะรัง,เมาะมาวี,,,6.69878,101.310414,dra-2038
unmatched,,ปัตตานี,ยะรัง,เกาะบาตอ,,,6.69878,101.310414,dra-2039
unmatched,,ปัตตานี,ยะรัง,ตะละฆอสัมบีลัน (นูรุลอิสลาม),,,6.69878,101.310414,dra-2040
unmatched,,ปัตตานี,ยะรัง,ฆอวาอีดุล  อิสลามียะห์ (คอกช้าง),,,6.69878,101.310414,dra-2041
unmatched,,ปัตตานี,ยะรัง,บาโงกาบู,,,6.69878,101.310414,dra-2042
unmatched,,ปัตตานี,ยะรัง,เราฏอตุลอีบาดะห์ (พงกูวิง),,,6.69878,101.310414,dra-2043
unmatched,,ปัตตานี,ยะรัง,สิหาบุดดิน  (ตะลาฆอปาแป),,,6.69878,101.310414,dra-2044
unmatched,,ปัตตานี,ยะรัง,ดารุสสลาม (บ้านต้นแซะ),,,6.69878,101.310414,dra-2045
unmatched,,ปัตตานี,ยะรัง,เราฎอตุลอีบาดะห์ (ดูซงปันยัง),,,6.69878,101.310414,dra-2046
unmatched,,ปัตตานี,ยะรัง,อีบาดุลเราะห์มาน จืองารายอ,,,6.69878,101.310414,dra-2047
unmatched,,ปัตตานี,ยะรัง,ยะรัง (ฮิดายาตุลซอลีฮีน),,,6.69878,101.310414,dra-2048
unmatched,,ปัตตานี,ยะรัง,ตารอซัน (ดารุสลามตรอซัน),,,6.69878,101.310414,dra-2049
unmatched,,ปัตตานี,ยะรัง,ดารุลฟุรกอน บันนังยะลาปัน (ต้นทุเรียน),,,6.69878,101.310414,dra-2050
unmatched,,ปัตตานี,ยะรัง,ฮีดายาตุลอิสลาม (บ้านบินยาลีมอ),,,6.69878,101.310414,dra-2051
unmatched,,ปัตตานี,ยะรัง,นูรุลอิสลาม (ปากีสถาน),,,6.69878,101.310414,dra-2052
unmatched,,ปัตตานี,ยะรัง,อัลมาสยีดีนาอิม,,,6.69878,101.310414,dra-2053
unmatched,,ปัตตานี,ยะรัง,อุสมานอิบนูอัฟฟาน(บ้านพงสะตา),,,6.69878,101.310414,dra-2054
unmatched,,ปัตตานี,ยะรัง,รอฎอตุ้ลนาอีล  (มัสยิดบ้านปาราแว),,,6.69878,101.310414,dra-2055
unmatched,,ปัตตานี,ยะรัง,อัลอิสลาห์ อัดดีนีย์ ดาลัมปาฆัร,,,6.69878,101.310414,dra-2056
unmatched,,ปัตตานี,ยะรัง,อิบาดิลลาฮ บาโงโต๊ะกือแล,,,6.69878,101.310414,dra-2057
unmatched,,ปัตตานี,ยะรัง,ปอฮงตัมสู (จาแบปะ),,,6.69878,101.310414,dra-2058
unmatched,,ปัตตานี,ยะรัง,ระแว้ง,,,6.69878,101.310414,dra-2059
unmatched,,ปัตตานี,ยะรัง,ปูเลา,,,6.69878,101.310414,dra-2060
unmatched,,ปัตตานี,ยะรัง,มาปะ,,,6.69878,101.310414,dra-2061
unmatched,,ปัตตานี,ยะรัง,ปะฮงกูวา,,,6.69878,101.310414,dra-2062
unmatched,,ปัตตานี,ยะรัง,ดารุลตักวา (ปูลาตะเยาะฆอ),,,6.69878,101.310414,dra-2063
unmatched,,ปัตตานี,ยะรัง,คูปรอ(ปูเลา),,,6.69878,101.310414,dra-2064
unmatched,,ปัตตานี,ยะรัง,นูรูลฮูดา(จือโร๊ะ),,,6.69878,101.310414,dra-2065
unmatched,,ปัตตานี,ยะรัง,ดารุสสลาม (บ้านอาเด๊ะ),,,6.69878,101.310414,dra-2066
unmatched,,ปัตตานี,ยะรัง,ปายอสะตีงา  (ซอลาฮุดดีน ),,,6.69878,101.310414,dra-2067
unmatched,,ปัตตานี,ยะรัง,กูบังปาเสร์,,,6.69878,101.310414,dra-2068
unmatched,,ปัตตานี,ยะรัง,ดารุลอามาน(วัดลูโบะ),,,6.69878,101.310414,dra-2069
unmatched,,ปัตตานี,ยะรัง,จืองาบูลู,,,6.69878,101.310414,dra-2070
unmatched,,ปัตตานี,ยะรัง,บาโงตา,,,6.69878,101.310414,dra-2071
unmatched,,ปัตตานี,ยะรัง,นูรูลยันนะห์  (กาหยี),,,6.69878,101.310414,dra-2072
unmatched,,ปัตตานี,ยะรัง,ยือไรกูนิง,,,6.69878,101.310414,dra-2073
unmatched,,ปัตตานี,ยะรัง,อีมาดุดดีน (ปายอกะลูแว),,,6.69878,101.310414,dra-2074
unmatched,,ปัตตานี,ยะรัง,นูรุลอิสลาม (ดูซงโตะนอ),,,6.69878,101.310414,dra-2075
unmatched,,ปัตตานี,ยะรัง,สีเด๊ะ,,,6.69878,101.310414,dra-2076
unmatched,,ปัตตานี,ยะรัง,อาโห,,,6.69878,101.310414,dra-2077
unmatched,,ปัตตานี,ยะรัง,สะดาวา (ศาลาสอง),,,6.69878,101.310414,dra-2078
unmatched,,ปัตตานี,ยะรัง,บากง,,,6.69878,101.310414,dra-2079
unmatched,,ปัตตานี,ยะรัง,กูแบบาเดาะ,,,6.69878,101.310414,dra-2080
unmatched,,ปัตตานี,ยะรัง,ดารุสสลาม (อีบุ๊),,,6.69878,101.310414,dra-2081
unmatched,,ปัตตานี,ยะรัง,ปีตูนายี,,,6.69878,101.310414,dra-2082
unmatched,,ปัตตานี,ยะรัง,ดารุลมุตากีน (ยามูเฉลิม),,,6.69878,101.310414,dra-2083
unmatched,,ปัตตานี,ยะรัง,รียาดุลมุสลีมีน(บ้านสิเดะ),,,6.69878,101.310414,dra-2084
unmatched,,ปัตตานี,ยะรัง,ญันนาตุลฟิรดาวส์ (ลือเมาะ),,,6.69878,101.310414,dra-2085
unmatched,,ปัตตานี,ยะรัง,มะแนดาแล (บือแนดาแล),,,6.69878,101.310414,dra-2086
unmatched,,ปัตตานี,ยะรัง,สะนอ,,,6.69878,101.310414,dra-2087
unmatched,,ปัตตานี,ยะรัง,คางา,,,6.69878,101.310414,dra-2088
unmatched,,ปัตตานี,ยะรัง,นูรุลญานนะฮ์ กำปงเปาห์ฆาร๊อค,,,6.69878,101.310414,dra-2089
unmatched,,ปัตตานี,ยะรัง,บือนังจือปอ,,,6.69878,101.310414,dra-2090
unmatched,,ปัตตานี,ยะรัง,ดารุสสาลาม(บือแนดาแล),,,6.69878,101.310414,dra-2091
unmatched,,ปัตตานี,ยะรัง,ดารุลตักวา(บือแนกะลูแป),,,6.69878,101.310414,dra-2092
unmatched,,ปัตตานี,ยะรัง,ดารุลมุตตากีน(บือญามานิส),,,6.69878,101.310414,dra-2093
unmatched,,ปัตตานี,ยะหริ่ง,เปียแม่สูง (ดารุลมุมีนีน),,,6.854833,101.357244,dra-2094
unmatched,,ปัตตานี,ยะหริ่ง,จะรัง,,,6.854833,101.357244,dra-2095
unmatched,,ปัตตานี,ยะหริ่ง,กือดี,,,6.854833,101.357244,dra-2096
unmatched,,ปัตตานี,ยะหริ่ง,จือนือรง,,,6.854833,101.357244,dra-2097
unmatched,,ปัตตานี,ยะหริ่ง,ดารุลมูฮายีรีน นาหอม,,,6.854833,101.357244,dra-2098
unmatched,,ปัตตานี,ยะหริ่ง,สะแปนอง,,,6.854833,101.357244,dra-2099
unmatched,,ปัตตานี,ยะหริ่ง,เมาะปริง,,,6.854833,101.357244,dra-2100
unmatched,,ปัตตานี,ยะหริ่ง,ตูเวาะดาระ,,,6.854833,101.357244,dra-2101
unmatched,,ปัตตานี,ยะหริ่ง,บือกาแลยง,,,6.854833,101.357244,dra-2102
unmatched,,ปัตตานี,ยะหริ่ง,ดารุสลาม(เมาะปริง),,,6.854833,101.357244,dra-2103
unmatched,,ปัตตานี,ยะหริ่ง,ดูโสมปันยัง,,,6.854833,101.357244,dra-2104
unmatched,,ปัตตานี,ยะหริ่ง,บาโลย,,,6.854833,101.357244,dra-2105
unmatched,,ปัตตานี,ยะหริ่ง,นุรุลเตาฟิต(โบ),,,6.854833,101.357244,dra-2106
unmatched,,ปัตตานี,ยะหริ่ง,ตะโละแอโยง,,,6.854833,101.357244,dra-2107
unmatched,,ปัตตานี,ยะหริ่ง,ดารุลฮูดา เปาะกูแม,,,6.854833,101.357244,dra-2108
unmatched,,ปัตตานี,ยะหริ่ง,นูรุลฮูดา,,,6.854833,101.357244,dra-2109
unmatched,,ปัตตานี,ยะหริ่ง,อัลบะฮ์รุลวาซิอะฮ์ (บ้านปาตาบูดี),,,6.854833,101.357244,dra-2110
unmatched,,ปัตตานี,ยะหริ่ง,ตะโละแอเราะ,,,6.854833,101.357244,dra-2111
unmatched,,ปัตตานี,ยะหริ่ง,กือแด,,,6.854833,101.357244,dra-2112
unmatched,,ปัตตานี,ยะหริ่ง,ตูเวาะลาโอะ,,,6.854833,101.357244,dra-2113
unmatched,,ปัตตานี,ยะหริ่ง,ดารูลอิหสาน,,,6.854833,101.357244,dra-2114
unmatched,,ปัตตานี,ยะหริ่ง,ตะโละอาโฮ,,,6.854833,101.357244,dra-2115
unmatched,,ปัตตานี,ยะหริ่ง,ตะโละอาโฮ (ดาลาม),,,6.854833,101.357244,dra-2116
unmatched,,ปัตตานี,ยะหริ่ง,ตันหยงจึงงา(ศอลาฮูดดีน โต๊ะตีเตร์),,,6.854833,101.357244,dra-2117
unmatched,,ปัตตานี,ยะหริ่ง,เวาะหะยี,,,6.854833,101.357244,dra-2118
unmatched,,ปัตตานี,ยะหริ่ง,ตันหยงดาลอ,,,6.854833,101.357244,dra-2119
unmatched,,ปัตตานี,ยะหริ่ง,ตอหลัง (เราฎอตุซอลีฮีน),,,6.854833,101.357244,dra-2120
unmatched,,ปัตตานี,ยะหริ่ง,สุไหงยาลอ,,,6.854833,101.357244,dra-2121
unmatched,,ปัตตานี,ยะหริ่ง,สุเหร่าสตาเง๊าะ,,,6.854833,101.357244,dra-2122
unmatched,,ปัตตานี,ยะหริ่ง,มอาฮัดตัรบาวี,,,6.854833,101.357244,dra-2123
unmatched,,ปัตตานี,ยะหริ่ง,ดือรั้ส (ซีรอตอลมุสตากีม) บ้านตือระ,,,6.854833,101.357244,dra-2124
unmatched,,ปัตตานี,ยะหริ่ง,ยือริง,,,6.854833,101.357244,dra-2125
unmatched,,ปัตตานี,ยะหริ่ง,ตาแกะกือดา(อัลอาบีดินวัลอิฮซาน),,,6.854833,101.357244,dra-2126
unmatched,,ปัตตานี,ยะหริ่ง,ปูโปะ,,,6.854833,101.357244,dra-2127
unmatched,,ปัตตานี,ยะหริ่ง,ดารนมูไฮมี,,,6.854833,101.357244,dra-2128
unmatched,,ปัตตานี,ยะหริ่ง,บาฮ์รูลอิสลามียะฮ์,,,6.854833,101.357244,dra-2129
unmatched,,ปัตตานี,ยะหริ่ง,สุเหร่าตาแก๊ะ ดารุลอามาน,,,6.854833,101.357244,dra-2130
unmatched,,ปัตตานี,ยะหริ่ง,การูบี,,,6.854833,101.357244,dra-2131
unmatched,,ปัตตานี,ยะหริ่ง,ดารุ้สอิดบาด๊ะ,,,6.854833,101.357244,dra-2132
unmatched,,ปัตตานี,ยะหริ่ง,บากง,,,6.854833,101.357244,dra-2133
unmatched,,ปัตตานี,ยะหริ่ง,กำปงบารู(ปาเซร์),,,6.854833,101.357244,dra-2134
unmatched,,ปัตตานี,ยะหริ่ง,สือร์ฟา,,,6.854833,101.357244,dra-2135
unmatched,,ปัตตานี,ยะหริ่ง,จะบังติกอกะรุบี,,,6.854833,101.357244,dra-2136
unmatched,,ปัตตานี,ยะหริ่ง,นูรุลฮูดา(ปูลาบลางอ),,,6.854833,101.357244,dra-2137
unmatched,,ปัตตานี,ยะหริ่ง,อัตตะอาวุน บางปู,,,6.854833,101.357244,dra-2138
unmatched,,ปัตตานี,ยะหริ่ง,บาลาดูวอ,,,6.854833,101.357244,dra-2139
unmatched,,ปัตตานี,ยะหริ่ง,โต๊ะโสม,,,6.854833,101.357244,dra-2140
unmatched,,ปัตตานี,ยะหริ่ง,ฮักกุลมุสลีมีน (บางปูสุเหร่า),,,6.854833,101.357244,dra-2141
unmatched,,ปัตตานี,ยะหริ่ง,อัลมูจาฮีดีน บือเจาะ,,,6.854833,101.357244,dra-2142
unmatched,,ปัตตานี,ยะหริ่ง,นูรุลดิน (บางปูกือลอ),,,6.854833,101.357244,dra-2143
unmatched,,ปัตตานี,ยะหริ่ง,กูวิง,,,6.854833,101.357244,dra-2144
unmatched,,ปัตตานี,ยะหริ่ง,กาแลบือซา,,,6.854833,101.357244,dra-2145
unmatched,,ปัตตานี,ยะหริ่ง,อัลตักวา  (ปอองแง),,,6.854833,101.357244,dra-2146
unmatched,,ปัตตานี,ยะหริ่ง,ปิยามุนัง (ดะอาตุลอิสลามียะห์),,,6.854833,101.357244,dra-2147
unmatched,,ปัตตานี,ยะหริ่ง,ปิยา (นูรุลฮูดา),,,6.854833,101.357244,dra-2148
unmatched,,ปัตตานี,ยะหริ่ง,ปาโต๊ะ (ปาดต๊ะ),,,6.854833,101.357244,dra-2149
unmatched,,ปัตตานี,ยะหริ่ง,นูรุลอิซซาน(บูแม),,,6.854833,101.357244,dra-2150
unmatched,,ปัตตานี,ยะหริ่ง,ดารุลมะมุรอิสลามียะห์,,,6.854833,101.357244,dra-2151
unmatched,,ปัตตานี,ยะหริ่ง,ปาโฮะฆาเย๊าะ,,,6.854833,101.357244,dra-2152
unmatched,,ปัตตานี,ยะหริ่ง,สุเหร่าบะแนละตี,,,6.854833,101.357244,dra-2153
unmatched,,ปัตตานี,ยะหริ่ง,ปูลากง,,,6.854833,101.357244,dra-2154
unmatched,,ปัตตานี,ยะหริ่ง,ดารุลตักวา,,,6.854833,101.357244,dra-2155
unmatched,,ปัตตานี,ยะหริ่ง,สุเหร่าอาโห (ยามีอุลวุสตอ),,,6.854833,101.357244,dra-2156
unmatched,,ปัตตานี,ยะหริ่ง,จะเอาะปอเนาะ,,,6.854833,101.357244,dra-2157
unmatched,,ปัตตานี,ยะหริ่ง,ดาลอ,,,6.854833,101.357244,dra-2158
unmatched,,ปัตตานี,ยะหริ่ง,สุเหร่าจาเอาะตะวันตก,,,6.854833,101.357244,dra-2159
unmatched,,ปัตตานี,ยะหริ่ง,นูรูลอิสลามสูปัน,,,6.854833,101.357244,dra-2160
unmatched,,ปัตตานี,ยะหริ่ง,ยามู,,,6.854833,101.357244,dra-2161
unmatched,,ปัตตานี,ยะหริ่ง,ดินแดง,,,6.854833,101.357244,dra-2162
unmatched,,ปัตตานี,ยะหริ่ง,นูรุลอิสลามอัลบัรมีนีย์ยี,,,6.854833,101.357244,dra-2163
unmatched,,ปัตตานี,ยะหริ่ง,ดารุสสาลาม(โตะรายอหะยี),,,6.854833,101.357244,dra-2164
unmatched,,ปัตตานี,ยะหริ่ง,หญ้าคา,,,6.854833,101.357244,dra-2165
unmatched,,ปัตตานี,ยะหริ่ง,สุเหร่าราตาปันยัง,,,6.854833,101.357244,dra-2166
unmatched,,ปัตตานี,ยะหริ่ง,นูรรูฮูดดา,,,6.854833,101.357244,dra-2167
unmatched,,ปัตตานี,ยะหริ่ง,พังกับ,,,6.854833,101.357244,dra-2168
unmatched,,ปัตตานี,ยะหริ่ง,มูหลง,,,6.854833,101.357244,dra-2169
unmatched,,ปัตตานี,ยะหริ่ง,กูแบมาดู,,,6.854833,101.357244,dra-2170
unmatched,,ปัตตานี,ยะหริ่ง,นูรุลดิน (ตอหลัง),,,6.854833,101.357244,dra-2171
unmatched,,ปัตตานี,ยะหริ่ง,สุเหร่าสีโตะ,,,6.854833,101.357244,dra-2172
unmatched,,ปัตตานี,ยะหริ่ง,ตือรัช,,,6.854833,101.357244,dra-2173
unmatched,,ปัตตานี,ยะหริ่ง,สาบัน,,,6.854833,101.357244,dra-2174
unmatched,,ปัตตานี,ยะหริ่ง,ตะโละ,,,6.854833,101.357244,dra-2175
unmatched,,ปัตตานี,ยะหริ่ง,สุเหร่าซีโต๊ะ (ซ้ำกับ 185),,,6.854833,101.357244,dra-2176
unmatched,,ปัตตานี,ยะหริ่ง,ดารรุลมาอาเรฟ,,,6.854833,101.357244,dra-2177
unmatched,,ปัตตานี,ยะหริ่ง,หนองแรต,,,6.854833,101.357244,dra-2178
unmatched,,ปัตตานี,ยะหริ่ง,แบรอ,,,6.854833,101.357244,dra-2179
unmatched,,ปัตตานี,ยะหริ่ง,ลางาร์,,,6.854833,101.357244,dra-2180
unmatched,,ปัตตานี,ยะหริ่ง,บือแนลูวา,,,6.854833,101.357244,dra-2181
unmatched,,ปัตตานี,ยะหริ่ง,วอจา,,,6.854833,101.357244,dra-2182
unmatched,,ปัตตานี,ยะหริ่ง,ดารุลนาอีน(ปะโด),,,6.854833,101.357244,dra-2183
unmatched,,ปัตตานี,ยะหริ่ง,นูรุลฮูดา,,,6.854833,101.357244,dra-2184
unmatched,,ปัตตานี,ยะหริ่ง,บูดี (นุรูลฮีดายะห์),,,6.854833,101.357244,dra-2185
unmatched,,ปัตตานี,ยะหริ่ง,ดาโต๊ะ,,,6.854833,101.357244,dra-2186
unmatched,,ปัตตานี,ยะหริ่ง,อัสซาตีอุลฮูซูนี(บ้านปาตาบูดี),,,6.854833,101.357244,dra-2187
unmatched,,ปัตตานี,ยะหริ่ง,นูรูอามาน (ตะโละสะมีแล),,,6.854833,101.357244,dra-2188
unmatched,,ปัตตานี,ยะหริ่ง,อัลฆุฟรอน (กำปงบารู),,,6.854833,101.357244,dra-2189
unmatched,,ปัตตานี,สายบุรี,อัลอิตติฟาก ตันหยง,,,6.702672,101.575331,dra-2190
unmatched,,ปัตตานี,สายบุรี,ดารนอีบาดะห์,,,6.702672,101.575331,dra-2191
unmatched,,ปัตตานี,สายบุรี,ละอาร์,,,6.702672,101.575331,dra-2192
unmatched,,ปัตตานี,สายบุรี,ปายอ,,,6.702672,101.575331,dra-2193
unmatched,,ปัตตานี,สายบุรี,บือแนบาแด,,,6.702672,101.575331,dra-2194
unmatched,,ปัตตานี,สายบุรี,ดารุลสาลาม (ฮูแตมาแจ),,,6.702672,101.575331,dra-2195
unmatched,,ปัตตานี,สายบุรี,ดารุลรัยยาน,,,6.702672,101.575331,dra-2196
unmatched,,ปัตตานี,สายบุรี,นูรุลฮูดา (ปาโอะสือลัต),,,6.702672,101.575331,dra-2197
unmatched,,ปัตตานี,สายบุรี,สุเหร่าบังกวาง,,,6.702672,101.575331,dra-2198
unmatched,,ปัตตานี,สายบุรี,กูแบบาเดีอะ,,,6.702672,101.575331,dra-2199
unmatched,,ปัตตานี,สายบุรี,เจาะกีแย,,,6.702672,101.575331,dra-2200
unmatched,,ปัตตานี,สายบุรี,อีบาดุรเราะห์มาน(สุเหร่าบันนังยามู),,,6.702672,101.575331,dra-2201
unmatched,,ปัตตานี,สายบุรี,ตะบิ้ง,,,6.702672,101.575331,dra-2202
unmatched,,ปัตตานี,สายบุรี,กาเนะ,,,6.702672,101.575331,dra-2203
unmatched,,ปัตตานี,สายบุรี,แซะโมะ,,,6.702672,101.575331,dra-2204
unmatched,,ปัตตานี,สายบุรี,ฮูแตปาเซ,,,6.702672,101.575331,dra-2205
unmatched,,ปัตตานี,สายบุรี,ดารุลอีมาน (ฆาเยาะมาตี),,,6.702672,101.575331,dra-2206
unmatched,,ปัตตานี,สายบุรี,นูรวาห์ดะห์ ลาดอ,,,6.702672,101.575331,dra-2207
unmatched,,ปัตตานี,สายบุรี,ดารุลมูบาร๊อก ลาคอบือแน,,,6.702672,101.575331,dra-2208
unmatched,,ปัตตานี,สายบุรี,ลาเมาะลาโอ๊ะ,,,6.702672,101.575331,dra-2209
unmatched,,ปัตตานี,สายบุรี,ตะลุบัน,,,6.702672,101.575331,dra-2210
unmatched,,ปัตตานี,สายบุรี,จืองา,,,6.702672,101.575331,dra-2211
unmatched,,ปัตตานี,สายบุรี,ปาตาติมอร์,,,6.702672,101.575331,dra-2212
unmatched,,ปัตตานี,สายบุรี,อุมเมะ,,,6.702672,101.575331,dra-2213
unmatched,,ปัตตานี,สายบุรี,ตาเยะ,,,6.702672,101.575331,dra-2214
unmatched,,ปัตตานี,สายบุรี,มูฮำมาดีอิสลาม,,,6.702672,101.575331,dra-2215
unmatched,,ปัตตานี,สายบุรี,ดารุลนาซีอีน,,,6.702672,101.575331,dra-2216
unmatched,,ปัตตานี,สายบุรี,หวายขม,,,6.702672,101.575331,dra-2217
unmatched,,ปัตตานี,สายบุรี,ดารุสลามะ (ตะพา),,,6.702672,101.575331,dra-2218
unmatched,,ปัตตานี,สายบุรี,นูรูอิสลาม (ตรือเบาะ),,,6.702672,101.575331,dra-2219
unmatched,,ปัตตานี,สายบุรี,รอฎอตูยันนะ (ลาเมาะบก),,,6.702672,101.575331,dra-2220
unmatched,,ปัตตานี,สายบุรี,นูรุลอีมาน,,,6.702672,101.575331,dra-2221
unmatched,,ปัตตานี,สายบุรี,ตายุลอิสลาม,,,6.702672,101.575331,dra-2222
unmatched,,ปัตตานี,สายบุรี,บือเร๊ะ,,,6.702672,101.575331,dra-2223
unmatched,,ปัตตานี,สายบุรี,ดาลุเปร๊าะ (ตะโละบือเราะ),,,6.702672,101.575331,dra-2224
unmatched,,ปัตตานี,สายบุรี,สาลาแด,,,6.702672,101.575331,dra-2225
unmatched,,ปัตตานี,สายบุรี,ยามูติกอ,,,6.702672,101.575331,dra-2226
unmatched,,ปัตตานี,สายบุรี,ฮูแตกอแล,,,6.702672,101.575331,dra-2227
unmatched,,ปัตตานี,สายบุรี,บาโงมูลง,,,6.702672,101.575331,dra-2228
unmatched,,ปัตตานี,สายบุรี,อิสลาฮุดดิน (กะลาพอ),,,6.702672,101.575331,dra-2229
unmatched,,ปัตตานี,สายบุรี,อัลฮีดายะห์,,,6.702672,101.575331,dra-2230
unmatched,,ปัตตานี,สายบุรี,นูรุลฮีดายะห์ ตะโละปือเราะห์ดาลัม,,,6.702672,101.575331,dra-2231
unmatched,,ปัตตานี,สายบุรี,พอเบาะ,,,6.702672,101.575331,dra-2232
unmatched,,ปัตตานี,สายบุรี,ฮีดายาตุลสอลีฮีน,,,6.702672,101.575331,dra-2233
unmatched,,ปัตตานี,สายบุรี,กาบง,,,6.702672,101.575331,dra-2234
unmatched,,ปัตตานี,สายบุรี,บางเก่า (มืองาแบ),,,6.702672,101.575331,dra-2235
unmatched,,ปัตตานี,สายบุรี,ป่าแด,,,6.702672,101.575331,dra-2236
unmatched,,ปัตตานี,สายบุรี,สะบือรัง,,,6.702672,101.575331,dra-2237
unmatched,,ปัตตานี,สายบุรี,บาโงยยือริง,,,6.702672,101.575331,dra-2238
unmatched,,ปัตตานี,สายบุรี,บือเร๊ะ,,,6.702672,101.575331,dra-2239
unmatched,,ปัตตานี,สายบุรี,กอตอบือเร๊ะ,,,6.702672,101.575331,dra-2240
unmatched,,ปัตตานี,สายบุรี,นูรุลอิฮซาน กัมปงอาตะห์,,,6.702672,101.575331,dra-2241
unmatched,,ปัตตานี,สายบุรี,ดารุลอามาน (เดิมชื่อชายทะเล),,,6.702672,101.575331,dra-2242
unmatched,,ปัตตานี,สายบุรี,ปะเสยาวอ,,,6.702672,101.575331,dra-2243
unmatched,,ปัตตานี,สายบุรี,นูรุลฮูดา (บาเลาะ),,,6.702672,101.575331,dra-2244
unmatched,,ปัตตานี,สายบุรี,อัลฮามีดุลมายีด (เดิมชื่อจะกอง),,,6.702672,101.575331,dra-2245
unmatched,,ปัตตานี,สายบุรี,ดารุลอีบาด๊ะห์,,,6.702672,101.575331,dra-2246
unmatched,,ปัตตานี,สายบุรี,ละฮา,,,6.702672,101.575331,dra-2247
unmatched,,ปัตตานี,สายบุรี,ฮีดายาดุลตักวา ดัม,,,6.702672,101.575331,dra-2248
unmatched,,ปัตตานี,สายบุรี,สุเหร่าจะเก,,,6.702672,101.575331,dra-2249
unmatched,,ปัตตานี,สายบุรี,ตักวา (ช่องหมู่),,,6.702672,101.575331,dra-2250
unmatched,,ปัตตานี,สายบุรี,เจาะโบล์,,,6.702672,101.575331,dra-2251
unmatched,,ปัตตานี,สายบุรี,นูรุลยันนะห์ ลาฮา,,,6.702672,101.575331,dra-2252
unmatched,,ปัตตานี,สายบุรี,นูรุดดีน ปละโละ,,,6.702672,101.575331,dra-2253
unmatched,,ปัตตานี,สายบุรี,ลาและ,,,6.702672,101.575331,dra-2254
unmatched,,ปัตตานี,สายบุรี,ปาโอะ,,,6.702672,101.575331,dra-2255
unmatched,,ปัตตานี,สายบุรี,กาฮง,,,6.702672,101.575331,dra-2256
unmatched,,ปัตตานี,สายบุรี,จาลาโก,,,6.702672,101.575331,dra-2257
unmatched,,ปัตตานี,สายบุรี,กูแบบูแม,,,6.702672,101.575331,dra-2258
unmatched,,ปัตตานี,สายบุรี,ดารุลนาอิม,,,6.702672,101.575331,dra-2259
unmatched,,ปัตตานี,สายบุรี,ดารุลเราะมัสต์,,,6.702672,101.575331,dra-2260
unmatched,,ปัตตานี,สายบุรี,มิฟตาฮุลยันนะห์ (แมซา),,,6.702672,101.575331,dra-2261
unmatched,,ปัตตานี,สายบุรี,อัลฟิรดาวส์,,,6.702672,101.575331,dra-2262
unmatched,,ปัตตานี,สายบุรี,นูรุลอิฮซาน (กาแจ),,,6.702672,101.575331,dra-2263
unmatched,,ปัตตานี,สายบุรี,มาซาร์,,,6.702672,101.575331,dra-2264
unmatched,,ปัตตานี,สายบุรี,กูวิง,,,6.702672,101.575331,dra-2265
unmatched,,ปัตตานี,สายบุรี,ราลอ,,,6.702672,101.575331,dra-2266
unmatched,,ปัตตานี,สายบุรี,ท้องน้อย,,,6.702672,101.575331,dra-2267
unmatched,,ปัตตานี,สายบุรี,บ้านบูเกะ,,,6.702672,101.575331,dra-2268
unmatched,,ปัตตานี,สายบุรี,บือลูการ์ยามู,,,6.702672,101.575331,dra-2269
unmatched,,ปัตตานี,สายบุรี,ช่องแมว,,,6.702672,101.575331,dra-2270
unmatched,,ปัตตานี,สายบุรี,บลีกู,,,6.702672,101.575331,dra-2271
unmatched,,ปัตตานี,สายบุรี,นูรุลอิฮซาน (วาซา),,,6.702672,101.575331,dra-2272
unmatched,,ปัตตานี,สายบุรี,ดารุลฟุรกอน (ลาลง),,,6.702672,101.575331,dra-2273
unmatched,,ปัตตานี,สายบุรี,ดารุลยันนะห์,,,6.702672,101.575331,dra-2274
unmatched,,ปัตตานี,สายบุรี,ดารุลอิฮซาน (บ้านช่องแมว),,,6.702672,101.575331,dra-2275
unmatched,,ปัตตานี,หนองจิก,ดอเปาะ,,,6.781433,101.158056,dra-2276
unmatched,,ปัตตานี,หนองจิก,กำปงบารู,,,6.781433,101.158056,dra-2277
unmatched,,ปัตตานี,หนองจิก,นูรฮีดายะห์ (มะพร้าวต้นเดียว),,,6.781433,101.158056,dra-2278
unmatched,,ปัตตานี,หนองจิก,อัลอามีน (กำปงบาโง),,,6.781433,101.158056,dra-2279
unmatched,,ปัตตานี,หนองจิก,นูรุลฮูดา,,,6.781433,101.158056,dra-2280
unmatched,,ปัตตานี,หนองจิก,โคกโหนด,,,6.781433,101.158056,dra-2281
unmatched,,ปัตตานี,หนองจิก,บ้านคอลตันหยง,,,6.781433,101.158056,dra-2282
unmatched,,ปัตตานี,หนองจิก,นูรุดฮีดาญะห์ ปอฮนสือโต,,,6.781433,101.158056,dra-2283
unmatched,,ปัตตานี,หนองจิก,บาโงสาฆอ,,,6.781433,101.158056,dra-2284
unmatched,,ปัตตานี,หนองจิก,ดารุสสาลาม (นัดบารู),,,6.781433,101.158056,dra-2285
unmatched,,ปัตตานี,หนองจิก,นาตียาตุลวาตอนี,,,6.781433,101.158056,dra-2286
unmatched,,ปัตตานี,หนองจิก,ตักวา (บาโงมือแลแต),,,6.781433,101.158056,dra-2287
unmatched,,ปัตตานี,หนองจิก,นูรุดดิน (บาโงนากอ),,,6.781433,101.158056,dra-2288
unmatched,,ปัตตานี,หนองจิก,นูรุตตักวา (แม่โอน),,,6.781433,101.158056,dra-2289
unmatched,,ปัตตานี,หนองจิก,ดารุลมุห์ซีนะห์ บาโงลบูโล๊ะ,,,6.781433,101.158056,dra-2290
unmatched,,ปัตตานี,หนองจิก,สุเหร่าดอนรัก,,,6.781433,101.158056,dra-2291
unmatched,,ปัตตานี,หนองจิก,ริฎวานียะห์ ปากาจีนอ,,,6.781433,101.158056,dra-2292
unmatched,,ปัตตานี,หนองจิก,อะห์มาดียะห์ (ยกเลิก),,,6.781433,101.158056,dra-2293
unmatched,,ปัตตานี,หนองจิก,นาซีฮาตุดดีน กือลองลือมู,,,6.781433,101.158056,dra-2294
unmatched,,ปัตตานี,หนองจิก,นูรุลอีมาน (อาตัสจือรังดอนรัก),,,6.781433,101.158056,dra-2295
unmatched,,ปัตตานี,หนองจิก,อัลฮีดายะห์ กำปงบาลา,,,6.781433,101.158056,dra-2296
unmatched,,ปัตตานี,หนองจิก,นูรุลอิสลามียะห์ (สุไหงฆาลี),,,6.781433,101.158056,dra-2297
unmatched,,ปัตตานี,หนองจิก,นูรุลฮีดายะห์ โตะราวอ,,,6.781433,101.158056,dra-2298
unmatched,,ปัตตานี,หนองจิก,ดอเลาะมีนัง,,,6.781433,101.158056,dra-2299
unmatched,,ปัตตานี,หนองจิก,กูแบกือแย,,,6.781433,101.158056,dra-2300
unmatched,,ปัตตานี,หนองจิก,บาโงกือราเสาะ,,,6.781433,101.158056,dra-2301
unmatched,,ปัตตานี,หนองจิก,เปียะ,,,6.781433,101.158056,dra-2302
unmatched,,ปัตตานี,หนองจิก,นูรูลฮูดา,,,6.781433,101.158056,dra-2303
unmatched,,ปัตตานี,หนองจิก,ยามิอิลเราะห์มะห์ (ตุยง),,,6.781433,101.158056,dra-2304
unmatched,,ปัตตานี,หนองจิก,ริฎวานียะห์,,,6.781433,101.158056,dra-2305
unmatched,,ปัตตานี,หนองจิก,มัสยีดิลยาแมะอ์,,,6.781433,101.158056,dra-2306
unmatched,,ปัตตานี,หนองจิก,ปะกาลือบง,,,6.781433,101.158056,dra-2307
unmatched,,ปัตตานี,หนองจิก,ฮัลฮีดายาตุลนียะห์,,,6.781433,101.158056,dra-2308
unmatched,,ปัตตานี,หนองจิก,ดาริ่ง,,,6.781433,101.158056,dra-2309
unmatched,,ปัตตานี,หนองจิก,คลองรี,,,6.781433,101.158056,dra-2310
unmatched,,ปัตตานี,หนองจิก,นูรุลยันนะห์ (ตากง),,,6.781433,101.158056,dra-2311
unmatched,,ปัตตานี,หนองจิก,ดารุลนาอีม (บาโงเปาห์),,,6.781433,101.158056,dra-2312
unmatched,,ปัตตานี,หนองจิก,ซีรอยุลฮูดา (กาแลตะราแม),,,6.781433,101.158056,dra-2313
unmatched,,ปัตตานี,หนองจิก,บือกาแลตือราแย,,,6.781433,101.158056,dra-2314
unmatched,,ปัตตานี,หนองจิก,กัวลอรือบอ (บางพารา),,,6.781433,101.158056,dra-2315
unmatched,,ปัตตานี,หนองจิก,ตักวา (ปูเลาบลางอ),,,6.781433,101.158056,dra-2316
unmatched,,ปัตตานี,หนองจิก,ดาวาอุดดิน (ปรัง),,,6.781433,101.158056,dra-2317
unmatched,,ปัตตานี,หนองจิก,นังกาแลยามู,,,6.781433,101.158056,dra-2318
unmatched,,ปัตตานี,หนองจิก,บ้านดอน,,,6.781433,101.158056,dra-2319
unmatched,,ปัตตานี,หนองจิก,บูเกะตีมง,,,6.781433,101.158056,dra-2320
unmatched,,ปัตตานี,หนองจิก,ไฝ่มัน (บูโล๊ะมีเยาะ),,,6.781433,101.158056,dra-2321
unmatched,,ปัตตานี,หนองจิก,ตะลาฆอบากง,,,6.781433,101.158056,dra-2322
unmatched,,ปัตตานี,หนองจิก,นูรุลยากีน(ควนดินใต้),,,6.781433,101.158056,dra-2323
unmatched,,ปัตตานี,หนองจิก,นูรุลอามีน (กูเละตือลองอ),,,6.781433,101.158056,dra-2324
unmatched,,ปัตตานี,หนองจิก,ปาแดลางาบ่อทอง,,,6.781433,101.158056,dra-2325
unmatched,,ปัตตานี,หนองจิก,ตะลาฆอยามู,,,6.781433,101.158056,dra-2326
unmatched,,ปัตตานี,หนองจิก,ควนดินเหนือ,,,6.781433,101.158056,dra-2327
unmatched,,ปัตตานี,หนองจิก,นูรุดดีน ดอนยาง,,,6.781433,101.158056,dra-2328
unmatched,,ปัตตานี,หนองจิก,ดอนอ,,,6.781433,101.158056,dra-2329
unmatched,,ปัตตานี,หนองจิก,นูรุลอีบาดะห์บาแต,,,6.781433,101.158056,dra-2330
unmatched,,ปัตตานี,หนองจิก,เราฎอตุลยันนะห์,,,6.781433,101.158056,dra-2331
unmatched,,ปัตตานี,หนองจิก,บือกือแล,,,6.781433,101.158056,dra-2332
unmatched,,ปัตตานี,หนองจิก,ฮีดายาตุลอาดีนียะห์ ปาแดดือแตแร,,,6.781433,101.158056,dra-2333
unmatched,,ปัตตานี,หนองจิก,บากง,,,6.781433,101.158056,dra-2334
unmatched,,ปัตตานี,หนองจิก,ดารุลตะลิม,,,6.781433,101.158056,dra-2335
unmatched,,ปัตตานี,หนองจิก,ราวฎอตุลยันนะห์ (ดอนยาง),,,6.781433,101.158056,dra-2336
unmatched,,ปัตตานี,หนองจิก,นูรุดดีน (ดอนยางตก),,,6.781433,101.158056,dra-2337
unmatched,,ปัตตานี,หนองจิก,อัซซากอฟะห์ ดอนยาง,,,6.781433,101.158056,dra-2338
unmatched,,ปัตตานี,หนองจิก,นูรูลฮูดาสายหมฮ (สุเหร่าแซมอ),,,6.781433,101.158056,dra-2339
unmatched,,ปัตตานี,หนองจิก,แคนา,,,6.781433,101.158056,dra-2340
unmatched,,ปัตตานี,หนองจิก,บางไร่ (เอานินนาส),,,6.781433,101.158056,dra-2341
unmatched,,ปัตตานี,หนองจิก,มายินยะห์,,,6.781433,101.158056,dra-2342
unmatched,,ปัตตานี,หนองจิก,ดารูลสาลาม,,,6.781433,101.158056,dra-2343
unmatched,,ปัตตานี,หนองจิก,บุสตานุลยันนะห์ (กัวลอตาวาบาตา),,,6.781433,101.158056,dra-2344
unmatched,,ปัตตานี,หนองจิก,สุเหร่าปากแดลางร์,,,6.781433,101.158056,dra-2345
unmatched,,ปัตตานี,หนองจิก,ดารุลอิสละห์,,,6.781433,101.158056,dra-2346
unmatched,,ปัตตานี,หนองจิก,กรายี,,,6.781433,101.158056,dra-2347
unmatched,,ปัตตานี,หนองจิก,กูแบซือโยะ,,,6.781433,101.158056,dra-2348
unmatched,,ปัตตานี,หนองจิก,อิสลาฮุดดิน (คลองบูเกะ),,,6.781433,101.158056,dra-2349
unmatched,,ปัตตานี,หนองจิก,อีบาดิลฮัก (ตันหยงบูโละ),,,6.781433,101.158056,dra-2350
unmatched,,ปัตตานี,หนองจิก,สุเหร่าบูฮนบูงอ,,,6.781433,101.158056,dra-2351
unmatched,,ปัตตานี,หนองจิก,สุเหร่ายาบี,,,6.781433,101.158056,dra-2352
unmatched,,ปัตตานี,หนองจิก,กำปงบารู,,,6.781433,101.158056,dra-2353
unmatched,,ปัตตานี,หนองจิก,นูร,,,6.781433,101.158056,dra-2354
unmatched,,ปัตตานี,หนองจิก,หนองปู,,,6.781433,101.158056,dra-2355
unmatched,,ปัตตานี,หนองจิก,ดารุลมุตตากีน (อารอยาบี),,,6.781433,101.158056,dra-2356
unmatched,,ปัตตานี,หนองจิก,ดารุลอีบาะห์ (ปูลากูวิง),,,6.781433,101.158056,dra-2357
unmatched,,ปัตตานี,หนองจิก,กาเต๊าะ,,,6.781433,101.158056,dra-2358
unmatched,,ปัตตานี,หนองจิก,ดารุลมุตตากีน (บ้านกาแลกูโบ),,,6.781433,101.158056,dra-2359
unmatched,,ปัตตานี,หนองจิก,ปากาลียะ,,,6.781433,101.158056,dra-2360
unmatched,,ปัตตานี,หนองจิก,คอเลาะบากา,,,6.781433,101.158056,dra-2361
unmatched,,พระนครศรีอยุธยา,ท่าเรือ,นูรุ้ลอิสลาม,,,14.565005,100.7195,dra-2363
unmatched,,พระนครศรีอยุธยา,บางบาล,สมคิดอิสลาม,,,14.344088,100.457846,dra-2364
unmatched,,พระนครศรีอยุธยา,บางบาล,อาลียิ้ลฮูดา,,,14.344088,100.457846,dra-2365
unmatched,,พระนครศรีอยุธยา,บางปะอิน,เราห์มานียะห์,,,14.160428,100.583742,dra-2367
unmatched,,พระนครศรีอยุธยา,บางปะอิน,อาลิยิ้ลฆอลิไบน์,,,14.160428,100.583742,dra-2368
unmatched,,พระนครศรีอยุธยา,บางปะอิน,หัวเมฆ,,,14.225212,100.6016,dra-2370
unmatched,,พระนครศรีอยุธยา,บางปะอิน,กอดีรียะห์,,,14.225212,100.6016,dra-2371
unmatched,,พระนครศรีอยุธยา,บางปะอิน,ซาดีลียะห์,,,14.218986,100.554398,dra-2373
unmatched,,พระนครศรีอยุธยา,บางปะอิน,นูรุ้ลเอี๊ยะฮ์ซาน,,,14.218986,100.554398,dra-2374
unmatched,,พระนครศรีอยุธยา,ผักไห่,ยะมาอะตุ้ลมุสลิม,,,14.457207,100.368595,dra-2375
review,83.9,พระนครศรีอยุธยา,พระนครศรีอยุธยา,มะดียะตุสซอลีฮาต,มัสยิดอะฮ์มาดิยะฮ์ตุซซอลิฮาต,way/751099409,14.34134,100.561543,dra-2394
unmatched,,พระนครศรีอยุธยา,พระนครศรีอยุธยา,อุมัตซาปูยาน,,,14.366735,100.57443,dra-2396
unmatched,,พระนครศรีอยุธยา,ลาดบัวหลวง,นูรุ้รเราะห์มาน,,,14.135629,100.372346,dra-2398
unmatched,,พระนครศรีอยุธยา,ลาดบัวหลวง,กอดิรี,,,14.164508,100.407877,dra-2399
unmatched,,พระนครศรีอยุธยา,ลาดบัวหลวง,อะห์มะดียะห์,,,14.164508,100.407877,dra-2400
unmatched,,พระนครศรีอยุธยา,ลาดบัวหลวง,มะฮ์มูดียะห์,,,14.164508,100.407877,dra-2401
unmatched,,พระนครศรีอยุธยา,ลาดบัวหลวง,เนี๊ยะมะตุ้ลเลาะห์,,,14.164508,100.407877,dra-2402
unmatched,,พระนครศรีอยุธยา,ลาดบัวหลวง,ดารุ้ลคอยร๊อต,,,14.164508,100.407877,dra-2403
unmatched,,พระนครศรีอยุธยา,ลาดบัวหลวง,หนองหล่มฮาดี,,,14.187723,100.321967,dra-2404
unmatched,,พระนครศรีอยุธยา,ลาดบัวหลวง,อัลฟรุกอน,,,14.187723,100.321967,dra-2405
unmatched,,พระนครศรีอยุธยา,ลาดบัวหลวง,ซาสุริยะห์,,,14.14315,100.315063,dra-2406
unmatched,,พระนครศรีอยุธยา,ลาดบัวหลวง,นูรุ้ลฮิดายะห์,,,14.14315,100.315063,dra-2407
unmatched,,พระนครศรีอยุธยา,ลาดบัวหลวง,มุสลิมีน คลองใหม่,,,14.133216,100.425801,dra-2408
unmatched,,พระนครศรีอยุธยา,ลาดบัวหลวง,รอซีดี,,,14.133216,100.425801,dra-2409
unmatched,,พระนครศรีอยุธยา,ลาดบัวหลวง,คอยรียะห์,,,14.133216,100.425801,dra-2410
unmatched,,พระนครศรีอยุธยา,ลาดบัวหลวง,ยามีอุ้ลคอยร๊อต (สุเหร่าแดง),,,14.133216,100.425801,dra-2411
unmatched,,พระนครศรีอยุธยา,ลาดบัวหลวง,นาซีรุดดิน,,,14.133216,100.425801,dra-2412
unmatched,,พระนครศรีอยุธยา,ลาดบัวหลวง,ซาดีรียะห์,,,14.133216,100.425801,dra-2413
unmatched,,พระนครศรีอยุธยา,ลาดบัวหลวง,นูรุ้ลอิสลาม,,,14.133216,100.425801,dra-2414
unmatched,,พระนครศรีอยุธยา,ลาดบัวหลวง,เนี๊ยะมะตุ้ลมูฮายีรีน,,,14.133216,100.425801,dra-2415
unmatched,,พระนครศรีอยุธยา,ลาดบัวหลวง,ตอรีกุ้ลยันนะห์,,,14.133216,100.425801,dra-2416
unmatched,,พระนครศรีอยุธยา,ลาดบัวหลวง,มูฮัมมะดียะห์,,,14.1665,100.339869,dra-2417
unmatched,,พระนครศรีอยุธยา,วังน้อย,มะห์มูดอิสลาม,,,14.249056,100.799088,dra-2418
unmatched,,พระนครศรีอยุธยา,วังน้อย,นู๊รมูฮำหมัดอิสลาม,,,14.246709,100.675888,dra-2419
unmatched,,พระนครศรีอยุธยา,วังน้อย,ยามีอุ้ลอิควาล,,,14.246709,100.675888,dra-2420
unmatched,,พระนครศรีอยุธยา,วังน้อย,อัรเราะห์มาน,,,14.173911,100.649875,dra-2421
unmatched,,พระนครศรีอยุธยา,วังน้อย,ดารุนนาอีม,,,14.226879,100.756533,dra-2422
unmatched,,พระนครศรีอยุธยา,เสนา,ฮาซานียะห์ (มะหะหมัดเสนา),,,14.25851,100.351398,dra-2423
unmatched,,พระนครศรีอยุธยา,เสนา,กอดีรียะห์,,,14.25851,100.351398,dra-2424
unmatched,,พระนครศรีอยุธยา,เสนา,นูธุรริดวาน,,,14.25851,100.351398,dra-2425
unmatched,,พระนครศรีอยุธยา,เสนา,มหมัดเสนา,,,14.345945,100.36535,dra-2426
unmatched,,พะเยา,เมือง,ญามิอุ้ลอิสลาม,,,19.1702,99.9022,dra-2427
unmatched,,พังงา,เกาะยาว,ด้าหร่นก้ามิรัด,,,7.992603,98.575034,dra-2428
unmatched,,พังงา,เกาะยาว,บ้านริมทะเล,,,7.992603,98.575034,dra-2429
unmatched,,พังงา,เกาะยาว,บ้านท่าเขา,,,7.992603,98.575034,dra-2430
unmatched,,พังงา,เกาะยาว,บ้านแหลมยาง,,,7.992603,98.575034,dra-2431
unmatched,,พังงา,เกาะยาว,ริยาดุลกิมิน,,,7.992603,98.575034,dra-2432
unmatched,,พังงา,เกาะยาว,เอี๊ยะฮยาอุซซุนนะฮ์,,,7.992603,98.575034,dra-2433
unmatched,,พังงา,เกาะยาว,บ้านอันเป้า,,,7.992603,98.575034,dra-2434
unmatched,,พังงา,เกาะยาว,มิฟตาหุลยันนะห์,,,7.992603,98.575034,dra-2435
unmatched,,พังงา,เกาะยาว,บ้านคลองเหีย,,,7.992603,98.575034,dra-2436
unmatched,,พังงา,เกาะยาว,บ้านช่องหลาด,,,7.992603,98.575034,dra-2437
unmatched,,พังงา,เกาะยาว,นูรุลอิห์ซาน,,,7.992603,98.575034,dra-2438
unmatched,,พังงา,เกาะยาว,ดารุสลาม,,,7.992603,98.575034,dra-2439
unmatched,,พังงา,เกาะยาว,บ้านโหล๊ะโป๊ะ,,,7.992603,98.575034,dra-2440
unmatched,,พังงา,เกาะยาว,บ้านพรุแจด,,,7.992603,98.575034,dra-2441
unmatched,,พังงา,เกาะยาว,บ้านพรุใน,,,7.992603,98.575034,dra-2442
unmatched,,พังงา,เกาะยาว,อัสล่าหมี้หย๊า,,,7.992603,98.575034,dra-2443
unmatched,,พังงา,เกาะยาว,บ้านโล๊ะโป๊ะน้อย,,,7.992603,98.575034,dra-2444
unmatched,,พังงา,เกาะยาว,บ้านท่าพรุ,,,7.992603,98.575034,dra-2445
unmatched,,พังงา,เกาะยาว,บ้านโล๊ะปาเหรด,,,7.992603,98.575034,dra-2446
unmatched,,พังงา,เกาะยาว,ด้ารุนอาผีย๊ะห์,,,7.992603,98.575034,dra-2447
unmatched,,พังงา,เกาะยาว,นูรุดดิน,,,7.992603,98.575034,dra-2448
unmatched,,พังงา,เกาะยาว,ดารุนอาบิดีน,,,7.992603,98.575034,dra-2449
unmatched,,พังงา,เกาะยาว,มัยตุลเราะห์มาน,,,7.992603,98.575034,dra-2450
unmatched,,พังงา,เกาะยาว,นูรุ้ลอิสลาม,,,7.992603,98.575034,dra-2451
unmatched,,พังงา,คุระบุรี,นู่หรนหยันหน๊ะฮ์,,,8.977139,98.081101,dra-2452
unmatched,,พังงา,คุระบุรี,บ้านหินลาด,,,8.977139,98.081101,dra-2453
unmatched,,พังงา,คุระบุรี,สุเหร่าบ้านห้วยทรัพย์,,,8.977139,98.081101,dra-2454
unmatched,,พังงา,คุระบุรี,ซอล่าฮุดดีน,,,8.977139,98.081101,dra-2455
unmatched,,พังงา,คุระบุรี,ด่าริสสลาม,,,8.977139,98.081101,dra-2456
unmatched,,พังงา,คุระบุรี,นูรุ้ลฮูดา,,,8.977139,98.081101,dra-2457
unmatched,,พังงา,คุระบุรี,กูวาตุดดีน,,,8.977139,98.081101,dra-2458
unmatched,,พังงา,คุระบุรี,นูรุลอัลมาน,,,8.977139,98.081101,dra-2459
unmatched,,พังงา,คุระบุรี,นูรุ้ลอะมานฮ์,,,8.977139,98.081101,dra-2460
unmatched,,พังงา,คุระบุรี,บาบุสสลาม,,,8.977139,98.081101,dra-2461
review,76.2,พังงา,คุระบุรี,บ้านบางวันอุลนูรุลสลาม,มัสยิดอัลนุรุลอิสลาม,node/12759267732,8.97755,98.421009,dra-2462
unmatched,,พังงา,คุระบุรี,อัลอิสล่ามี้ย๊ะฮ์,,,8.977139,98.081101,dra-2464
unmatched,,พังงา,คุระบุรี,ยามีอุลอิสลาม,,,8.977139,98.081101,dra-2465
unmatched,,พังงา,คุระบุรี,ดาร๊อสซูหยุด (บ้านบางแดด),,,8.977139,98.081101,dra-2466
unmatched,,พังงา,ตะกัวทุ่ง,สามช่องเหนือ,,,8.290355,98.390665,dra-2467
unmatched,,พังงา,ตะกั่วทุ่ง,ดรุณอิสลาม,,,8.290355,98.390665,dra-2468
unmatched,,พังงา,ตะกั่วทุ่ง,บ้านป่ายาง,,,8.290355,98.390665,dra-2469
unmatched,,พังงา,ตะกั่วทุ่ง,นาซีฮาตุ้ลอิสลาม,,,8.290355,98.390665,dra-2470
unmatched,,พังงา,ตะกั่วทุ่ง,บ้านเขาเปาะ,,,8.290355,98.390665,dra-2471
unmatched,,พังงา,ตะกั่วทุ่ง,คลองเคียน,,,8.290355,98.390665,dra-2472
unmatched,,พังงา,ตะกั่วทุ่ง,บ้านอ่าวขาม,,,8.290355,98.390665,dra-2473
unmatched,,พังงา,ตะกั่วทุ่ง,บ้านย่านสะบ้า,,,8.290355,98.390665,dra-2474
unmatched,,พังงา,ตะกั่วทุ่ง,บ้านหินร่มมุสลิม,,,8.290355,98.390665,dra-2475
unmatched,,พังงา,ตะกั่วทุ่ง,บ้านคลองใส,,,8.290355,98.390665,dra-2476
unmatched,,พังงา,ตะกั่วทุ่ง,บ้านเจ้าขรัว,,,8.290355,98.390665,dra-2477
unmatched,,พังงา,ตะกั่วทุ่ง,บ้านตีเต๊ะ,,,8.290355,98.390665,dra-2478
unmatched,,พังงา,ตะกั่วทุ่ง,มิพตาหุดดิน,,,8.290355,98.390665,dra-2479
unmatched,,พังงา,ตะกั่วทุ่ง,มิฟตาหุดดีน ท่านุ่น,,,8.290355,98.390665,dra-2481
unmatched,,พังงา,ตะกั่วทุ่ง,นูรู้ลอิสลาม (บ้านเขาปิหลาย),,,8.290355,98.390665,dra-2482
unmatched,,พังงา,ตะกั่วทุ่ง,ดารุลอิสลาม,,,8.290355,98.390665,dra-2483
unmatched,,พังงา,ตะกั่วทุ่ง,บ้านท่านา,,,8.290355,98.390665,dra-2484
unmatched,,พังงา,ตะกั่วทุ่ง,นูรุ้ลอิคลัส บ้านท่าปากแหว่ง,,,8.290355,98.390665,dra-2485
unmatched,,พังงา,ตะกั่วทุ่ง,ยุมอาตีอัลอิสลาม (ในนา),,,8.290355,98.390665,dra-2486
unmatched,,พังงา,ตะกั่วทุ่ง,บ้านบางหลาม,,,8.290355,98.390665,dra-2487
unmatched,,พังงา,ตะกั่วทุ่ง,อิสลามมิยะห์,,,8.290355,98.390665,dra-2488
unmatched,,พังงา,ตะกั่วทุ่ง,บ้านโคกเหรียง,,,8.290355,98.390665,dra-2489
unmatched,,พังงา,ตะกั่วทุ่ง,บ้านแหลมหิน,,,8.290355,98.390665,dra-2490
unmatched,,พังงา,ตะกั่วทุ่ง,ในหยาง,,,8.290355,98.390665,dra-2491
unmatched,,พังงา,ตะกั่วทุ่ง,บางจันทร์,,,8.290355,98.390665,dra-2492
unmatched,,พังงา,ตะกั่วทุ่ง,บ้านทองหลาง,,,8.290355,98.390665,dra-2493
unmatched,,พังงา,ตะกั่วทุ่ง,บ้านบางจันทร์นาทะเล,,,8.290355,98.390665,dra-2494
unmatched,,พังงา,ตะกั่วทุ่ง,บ้านนา,,,8.290355,98.390665,dra-2495
unmatched,,พังงา,ตะกั่วป่า,บางกรัก,,,8.815883,98.126669,dra-2496
unmatched,,พังงา,ตะกั่วป่า,ดะฮ์วาตุลอิสลามีย๊ะห์ (บ้านบางกรักใน),,,8.815883,98.126669,dra-2497
unmatched,,พังงา,ตะกั่วป่า,ฮีดายะตุลอิสลามียะห์ บ้านบางกรีกนอก,,,8.815883,98.126669,dra-2498
unmatched,,พังงา,ตะกั่วป่า,นูรุ้ลฮีดาย๊ะห์,,,8.815883,98.126669,dra-2499
unmatched,,พังงา,ตะกั่วป่า,ตอรีกอตุลยันนะห์,,,8.815883,98.126669,dra-2500
unmatched,,พังงา,ตะกั่วป่า,นูรุ้ลอีหม่าน,,,8.815883,98.126669,dra-2501
unmatched,,พังงา,ทับปุด,ตลิ่งชัน,,,8.518202,98.628208,dra-2502
unmatched,,พังงา,ทับปุด,สาลาฮุดดิน,,,8.518202,98.628208,dra-2503
unmatched,,พังงา,ทับปุด,บ้านนา,,,8.518202,98.628208,dra-2504
unmatched,,พังงา,ทับปุด,บ้านใหญ่,,,8.518202,98.628208,dra-2505
unmatched,,พังงา,ทับปุด,บ้านควน,,,8.518202,98.628208,dra-2506
unmatched,,พังงา,ทับปุด,บนทุ่ง,,,8.518202,98.628208,dra-2507
unmatched,,พังงา,ทับปุด,คลองบ่อแสน,,,8.518202,98.628208,dra-2508
unmatched,,พังงา,ทับปุด,บ้านท่าใหญ่,,,8.518202,98.628208,dra-2509
unmatched,,พังงา,ทับปุด,นูรุ้ลอักซอญ์ (บ้านเหนือคลอง),,,8.518202,98.628208,dra-2510
unmatched,,พังงา,ทับปุด,อัลอิศลาห์,,,8.518202,98.628208,dra-2511
unmatched,,พังงา,ทับปุด,โชคอำนวย,,,8.518202,98.628208,dra-2512
unmatched,,พังงา,ทับปุด,บ้านโคกใคร,,,8.518202,98.628208,dra-2513
unmatched,,พังงา,ทับปุด,บ้านท่าสนุก,,,8.518202,98.628208,dra-2514
unmatched,,พังงา,ท้ายเมือง,ทุ่งพร้าว,,,8.519429,98.426357,dra-2515
unmatched,,พังงา,ท้ายเมือง,ดาริสสะอาด๊ะห์,,,8.519429,98.426357,dra-2516
unmatched,,พังงา,ท้ายเหมือง,ศาลาหุดดีน,,,8.477316,98.315389,dra-2517
unmatched,,พังงา,ท้ายเหมือง,บ้านคลองเจริญ,,,8.477316,98.315389,dra-2518
unmatched,,พังงา,ท้ายเหมือง,บางคลีมุสลิม,,,8.477316,98.315389,dra-2519
unmatched,,พังงา,ท้ายเหมือง,บางคลีปากีสถาน,,,8.477316,98.315389,dra-2520
unmatched,,พังงา,ท้ายเหมือง,บ้านบ่อดาน,,,8.477316,98.315389,dra-2521
unmatched,,พังงา,ท้ายเหมือง,นู้รุ้ลอิสลาม,,,8.477316,98.315389,dra-2522
unmatched,,พังงา,เมือง,เกาะปันหยี,,,8.471263,98.493285,dra-2524
unmatched,,พังงา,เมือง,แห่งทางนำบ้านท่าด่าน,,,8.471263,98.493285,dra-2526
unmatched,,พังงา,เมือง,บ้านในหงบ,,,8.471263,98.493285,dra-2527
unmatched,,พังงา,เมือง,บ้านฝ่ายท่า,,,8.471263,98.493285,dra-2528
unmatched,,พังงา,เมือง,กลางพังงา,,,8.471263,98.493285,dra-2529
unmatched,,พังงา,เมือง,พังงาปากีสถาน,,,8.471263,98.493285,dra-2530
unmatched,,พังงา,เมือง,จำเริญศุกร์,,,8.471263,98.493285,dra-2531
unmatched,,พังงา,เมือง,บ้านเขาเฒ่า,,,8.471263,98.493285,dra-2532
unmatched,,พังงา,เมือง,บ้านท่าไร่,,,8.471263,98.493285,dra-2533
unmatched,,พังงา,เมือง,นู่รุ้ลเอี้ยซาน,,,8.471263,98.493285,dra-2534
unmatched,,พัทลุง,กงหรา,บ้านท่าเหนาะ (เดิมชื่อบ้านนายวน),,,7.421651,99.93944,dra-2535
unmatched,,พัทลุง,กงหรา,ทอนตรน,,,7.421651,99.93944,dra-2536
unmatched,,พัทลุง,กงหรา,บ้านคลองหว๊ะหลัง,,,7.421651,99.93944,dra-2537
unmatched,,พัทลุง,กงหรา,ดารุดสอล๊ะห์,,,7.421651,99.93944,dra-2538
unmatched,,พัทลุง,กงหรา,ซ่อหลาหุดดิน(บ้านทุ่งเหรียงตก),,,7.421651,99.93944,dra-2539
unmatched,,พัทลุง,กงหรา,บ้านป่าแก่ตก  (ชะรัดใต้),,,7.421651,99.93944,dra-2540
unmatched,,พัทลุง,กงหรา,บ้านพูด,,,7.421651,99.93944,dra-2541
unmatched,,พัทลุง,กงหรา,หนูหรนเอียะสาร,,,7.421651,99.93944,dra-2542
unmatched,,พัทลุง,กงหรา,นาบอนอิสลาม,,,7.421651,99.93944,dra-2543
unmatched,,พัทลุง,กงหรา,นาสิมขาอิสลาม,,,7.421651,99.93944,dra-2544
unmatched,,พัทลุง,กงหรา,บ้านนาโคกโพธิ์,,,7.421651,99.93944,dra-2545
unmatched,,พัทลุง,กงหรา,ดารุลอีหม่าน,,,7.421651,99.93944,dra-2546
unmatched,,พัทลุง,กงหรา,ยามาฮาตุลฮิสลามมียะฮ์,,,7.421651,99.93944,dra-2547
unmatched,,พัทลุง,กงหรา,อัลฮัค,,,7.421651,99.93944,dra-2548
unmatched,,พัทลุง,กงหรา,ยามีอุลอิสลาม (บ้านต้นพรอง),,,7.421651,99.93944,dra-2549
unmatched,,พัทลุง,กงหรา,ดารุซซะฮ์รอ (อ),,,7.421651,99.93944,dra-2550
unmatched,,พัทลุง,กงหรา,อัลเกาซัร์,,,7.421651,99.93944,dra-2551
unmatched,,พัทลุง,กงหรา,ต้นสำหรัง (บ้านนายวน),,,7.421651,99.93944,dra-2552
unmatched,,พัทลุง,กงหรา,อัลค่อยรียะห์ (ควนกล้วย),,,7.421651,99.93944,dra-2553
unmatched,,พัทลุง,กงหรา,อันนูร,,,7.421651,99.93944,dra-2554
unmatched,,พัทลุง,กงหรา,ร๊อบบานีย์ บ้านพูด (น้ำทรายแดง),,,7.421651,99.93944,dra-2555
unmatched,,พัทลุง,กงหรา,อบูบักรอัศศิดดิ๊ก,,,7.421651,99.93944,dra-2556
unmatched,,พัทลุง,กงหรา,นูรูลฮูดา (บ้านหน้าถ้ำ),,,7.421651,99.93944,dra-2557
unmatched,,พัทลุง,กงหรา,บ้านทุ่งใหญ่,,,7.421651,99.93944,dra-2558
unmatched,,พัทลุง,กงหรา,สามัคคีมุสลิม,,,7.421651,99.93944,dra-2559
unmatched,,พัทลุง,กงหรา,อัชฉาริบ บ้านนายวน,,,7.421651,99.93944,dra-2560
unmatched,,พัทลุง,กงหรา,วังน้ำเย็น,,,7.421651,99.93944,dra-2561
unmatched,,พัทลุง,กงหรา,ท่ายาง (บ้านท่ายาง),,,7.421651,99.93944,dra-2562
unmatched,,พัทลุง,กงหรา,ต้นประดู่,,,7.421651,99.93944,dra-2563
unmatched,,พัทลุง,กงหรา,ชะรัดเหนือ,,,7.421651,99.93944,dra-2564
unmatched,,พัทลุง,กงหรา,บ้านคู,,,7.421651,99.93944,dra-2565
unmatched,,พัทลุง,กงหรา,หัวหรั่ง,,,7.421651,99.93944,dra-2566
unmatched,,พัทลุง,กงหรา,อัตตักวาร์ (บ้านวังปริง),,,7.421651,99.93944,dra-2567
unmatched,,พัทลุง,กงหรา,พัฒนาอิสลาม (อัลมัสยีดุลอิสลามียะฮ์),,,7.421651,99.93944,dra-2568
unmatched,,พัทลุง,กงหรา,นูรุ้ลก่อมารียะฮ์ (บ้านสะพานแต้ว),,,7.421651,99.93944,dra-2569
unmatched,,พัทลุง,กงหรา,อันวาร์ด (บ้านควนท้อน),,,7.421651,99.93944,dra-2570
unmatched,,พัทลุง,กงหรา,ญ่าบัลสะละหม๊ะ,,,7.421651,99.93944,dra-2571
unmatched,,พัทลุง,กงหรา,บ้านต้นส้าน (บ้านหวังหัวนอน),,,7.421651,99.93944,dra-2572
unmatched,,พัทลุง,กงหรา,บ้านท่านาตีน,,,7.421651,99.93944,dra-2573
unmatched,,พัทลุง,เขาชัยสน,คลองอ้ายโต,,,7.466411,100.135098,dra-2574
unmatched,,พัทลุง,เขาชัยสน,ควนนายช่อง (หัวหรั่ง),,,7.466411,100.135098,dra-2575
unmatched,,พัทลุง,เขาชัยสน,บ้านท่าวัง,,,7.466411,100.135098,dra-2576
unmatched,,พัทลุง,เขาชัยสน,ฮัดาตุลอิสลามิยะฮ์ (บ้านแม่เปรี๊ยะ),,,7.466411,100.135098,dra-2577
unmatched,,พัทลุง,เขาชัยสน,บ้านเกาะทองสม,,,7.466411,100.135098,dra-2578
unmatched,,พัทลุง,เขาชัยสน,ไร่ลุ่ม,,,7.466411,100.135098,dra-2579
unmatched,,พัทลุง,เขาชัยสน,ดารุสลาม,,,7.466411,100.135098,dra-2580
unmatched,,พัทลุง,เขาชัยสน,อัตตักวา,,,7.466411,100.135098,dra-2581
unmatched,,พัทลุง,เขาชัยสน,นู่รุลอิสลามีหย๊ะ (บ้านวังหลัก),,,7.466411,100.135098,dra-2582
unmatched,,พัทลุง,เขาชัยสน,หาดไข่เตา,,,7.466411,100.135098,dra-2583
unmatched,,พัทลุง,ตะโหมด,บ้านควน,,,7.285888,100.03428,dra-2584
unmatched,,พัทลุง,ตะโหมด,โหล๊ะสะบ้า,,,7.285888,100.03428,dra-2585
unmatched,,พัทลุง,ตะโหมด,ยามีอุสสอล๊ะ (บ้านหนองเลน),,,7.285888,100.03428,dra-2586
unmatched,,พัทลุง,ตะโหมด,ดารุสมาอาริฟ (บ้านทุ่งนุ่น),,,7.285888,100.03428,dra-2587
unmatched,,พัทลุง,ตะโหมด,มูฮายีรีน,,,7.285888,100.03428,dra-2588
unmatched,,พัทลุง,ตะโหมด,บ้านท่าเขียด,,,7.285888,100.03428,dra-2589
unmatched,,พัทลุง,ตะโหมด,ควนอินนะโม,,,7.285888,100.03428,dra-2590
unmatched,,พัทลุง,ตะโหมด,บ้านห้วช้าง (นูรุลอาบีดีน),,,7.285888,100.03428,dra-2591
unmatched,,พัทลุง,ตะโหมด,หนู่รนฮูด่า (บ้านคลองนุ้ย),,,7.285888,100.03428,dra-2592
unmatched,,พัทลุง,ตะโหมด,สมบูรณ์ศาสน์,,,7.285888,100.03428,dra-2593
unmatched,,พัทลุง,ตะโหมด,บ้านห้วยหาร,,,7.285888,100.03428,dra-2594
unmatched,,พัทลุง,ตะโหมด,บิลาล (บ้านต้นเลียบ),,,7.285888,100.03428,dra-2595
unmatched,,พัทลุง,ตะโหมด,ฮิดายะตุนอฮดายะ,,,7.285888,100.03428,dra-2596
unmatched,,พัทลุง,ตะโหมด,อาด่าสันอัสอานร์แม่ขรี,,,7.285888,100.03428,dra-2597
unmatched,,พัทลุง,ตะโหมด,อัลอามาลุสซอรีฮะ,,,7.285888,100.03428,dra-2598
unmatched,,พัทลุง,ตะโหมด,ซ่อหลาหุดดิน(บ้านทุ่งเหรียงตก),,,7.285888,100.03428,dra-2599
unmatched,,พัทลุง,ตะโหมด,ดาหรนไขรีหย๊ะ,,,7.285888,100.03428,dra-2600
unmatched,,พัทลุง,ตะโหมด,นูรุลยากีน (บ้านทุ่งเหรียงตก),,,7.285888,100.03428,dra-2601
unmatched,,พัทลุง,ตะโหมด,บ้านล่อน,,,7.285888,100.03428,dra-2602
unmatched,,พัทลุง,ตะโหมด,มูฮายีรีน,,,7.285888,100.03428,dra-2603
unmatched,,พัทลุง,บางแก้ว,ลำธาร์ (ลำฮาร์ บางแก้ว),,,7.415889,100.190191,dra-2604
unmatched,,พัทลุง,บางแก้ว,รวมญาติ  (โคกสัก),,,7.415889,100.190191,dra-2605
unmatched,,พัทลุง,บางแก้ว,นูรุลมุมิมีน (บ้านใหม่),,,7.415889,100.190191,dra-2606
unmatched,,พัทลุง,บางแก้ว,บ้านหาดไข่เต่า (ตะวันตก),,,7.415889,100.190191,dra-2607
unmatched,,พัทลุง,บางแก้ว,นุรุตตักวา,,,7.415889,100.190191,dra-2608
unmatched,,พัทลุง,ปากพะยูน,เกาะบ้านตีน (เกาะนางคำเหนือ),,,7.379584,100.308969,dra-2609
unmatched,,พัทลุง,ปากพะยูน,เกาะนางคำใต้,,,7.379584,100.308969,dra-2610
unmatched,,พัทลุง,ปากพะยูน,อัลฮัมดูลินละห์,,,7.379584,100.308969,dra-2611
unmatched,,พัทลุง,ปากพะยูน,บนบ้าน,,,7.379584,100.308969,dra-2612
unmatched,,พัทลุง,ปากพะยูน,บ้านเกาะเสือ,,,7.379584,100.308969,dra-2613
unmatched,,พัทลุง,ปากพะยูน,นูรนดีนา,,,7.379584,100.308969,dra-2614
unmatched,,พัทลุง,ปากพะยูน,นูรุลมุบิน (บ้านช่องฟืน),,,7.379584,100.308969,dra-2615
unmatched,,พัทลุง,ปากพะยูน,แหลมไก่ผู้,,,7.379584,100.308969,dra-2616
unmatched,,พัทลุง,ปากพะยูน,กลางประจำจังหวัดพัทลุง,,,7.379584,100.308969,dra-2617
unmatched,,พัทลุง,ปากพะยูน,อันสอรุสสุนนะฮ์,,,7.379584,100.308969,dra-2618
unmatched,,พัทลุง,ปากพะยูน,บ้านหัวฝาด (นุรุดดีน),,,7.379584,100.308969,dra-2619
unmatched,,พัทลุง,ปากพะยูน,บางมวง,,,7.379584,100.308969,dra-2620
unmatched,,พัทลุง,ปากพะยูน,ม่วงทน,,,7.379584,100.308969,dra-2621
unmatched,,พัทลุง,ปากพะยูน,บ้านหัวยาง,,,7.379584,100.308969,dra-2622
unmatched,,พัทลุง,ปากพะยูน,บ้านแหลมเสม็ดอ่อน,,,7.379584,100.308969,dra-2623
unmatched,,พัทลุง,ปากพะยูน,อะห์บาอิสลาม  (บางมวง),,,7.379584,100.308969,dra-2624
unmatched,,พัทลุง,ปากพะยูน,อับดลรอศักบ้านแหลม,,,7.379584,100.308969,dra-2625
unmatched,,พัทลุง,ป่าบอน,ดารุ้ลอิสลามมิหย๊ะ,,,7.236276,100.136666,dra-2626
unmatched,,พัทลุง,ป่าบอน,บ้านควนยูง,,,7.236276,100.136666,dra-2627
unmatched,,พัทลุง,ป่าบอน,ประจำจังกวัดพัทลุง,,,7.236276,100.136666,dra-2628
unmatched,,พัทลุง,ป่าบอน,บ้านเหมืองตะกั่ว,,,7.236276,100.136666,dra-2629
unmatched,,พัทลุง,ป่าบอน,บ้านหนองธง (ฮีดายะตุ้ลอิสล่ามียะห์,,,7.236276,100.136666,dra-2630
unmatched,,พัทลุง,ป่าบอน,นูรุดดีน (บ้านสี่ยแกนาทุ่ง),,,7.236276,100.136666,dra-2631
unmatched,,พัทลุง,ป่าบอน,อัลมุกนี,,,7.236276,100.136666,dra-2632
unmatched,,พัทลุง,ป่าบอน,นูรุลณันนะห์,,,7.236276,100.136666,dra-2633
unmatched,,พัทลุง,เมือง,ดารุ้ลอิสลาม(ดารุ่นอิสลาม),,,7.588484,100.10171,dra-2634
unmatched,,พัทลุง,เมือง,ศาลาแม็ง (สามแยก),,,7.588484,100.10171,dra-2635
unmatched,,พัทลุง,เมือง,หนูรนเอียะสาน,,,7.588484,100.10171,dra-2636
unmatched,,พัทลุง,เมือง,ซ้ำกับมัสยิดเลขที่  33,,,7.588484,100.10171,dra-2637
unmatched,,พิจิตร,เมือง,ฎิยาอุ้ลอิสลามพิจิตร,,,16.402929,100.377933,dra-2638
unmatched,,พิษณุโลก,เมือง,ปากีสถาน,,,16.814293,100.259576,dra-2639
unmatched,,ภูเก็ต,กระทู้,อัลบุซรอ,,,7.946085,98.288135,dra-2661
unmatched,,ภูเก็ต,กะทู้,บ้านกมลา  (กำมะรา),,,7.946085,98.288135,dra-2662
unmatched,,ภูเก็ต,กะทู้,ผดุงศาสน์,,,7.946085,98.288135,dra-2663
unmatched,,ภูเก็ต,กะทู้,นูรุ้ลเอี๊ยะซาน (บ้านนาคา),,,7.946085,98.288135,dra-2664
unmatched,,ภูเก็ต,กะทู้,นูรุ้ลอิสลาม (ป่าตอง),,,7.899743,98.291349,dra-2665
unmatched,,ภูเก็ต,กะทู้,หว่ะด้านิย้าตุ้ลอิสลามิย๊ะ,,,7.899743,98.291349,dra-2666
unmatched,,ภูเก็ต,กะทู้,นูรุลฮูดา,,,7.899743,98.291349,dra-2667
unmatched,,ภูเก็ต,ถลาง,มูลการร่ม,,,8.004779,98.297092,dra-2668
unmatched,,ภูเก็ต,ถลาง,ดารุลเอี๊ยะซาน,,,8.004779,98.297092,dra-2669
unmatched,,ภูเก็ต,ถลาง,อันซอริสซุนนะฮ์,,,8.004779,98.297092,dra-2670
unmatched,,ภูเก็ต,ถลาง,ดะอ์วาตุ้ลอิสลามมียะห์ (บ้านพรุสมภาร),,,8.062814,98.344996,dra-2671
unmatched,,ภูเก็ต,ถลาง,ดารุ้ลอามาน (บ้านนาใน),,,8.062814,98.344996,dra-2672
unmatched,,ภูเก็ต,ถลาง,บ้านแหลมทราย,,,8.062814,98.344996,dra-2673
unmatched,,ภูเก็ต,ถลาง,ดารุลอามีน,,,8.062814,98.344996,dra-2674
unmatched,,ภูเก็ต,ถลาง,อัลนูญูม,,,8.062814,98.344996,dra-2675
unmatched,,ภูเก็ต,ถลาง,ดารุ่ลอิสตีกอมะฮ์ (บ้านพารา),,,8.040488,98.419839,dra-2676
unmatched,,ภูเก็ต,ถลาง,นูรุลญันนะห์ (บ้านบางโรง),,,8.040488,98.419839,dra-2677
unmatched,,ภูเก็ต,ถลาง,เราว์ฏอตุลมุตตากีน (บ้านอ่าวปอ),,,8.040488,98.419839,dra-2678
unmatched,,ภูเก็ต,ถลาง,มิฟตาฮุลมุมีนโน,,,8.040488,98.419839,dra-2679
unmatched,,ภูเก็ต,ถลาง,เราว์ฎอตุสซอลีฮีน,,,8.040488,98.419839,dra-2680
unmatched,,ภูเก็ต,ถลาง,ดารุดตักวา (บ้านเกาะนาคา),,,8.040488,98.419839,dra-2681
unmatched,,ภูเก็ต,ถลาง,ยามีอุ้ลอีบาด๊ะ,,,8.040488,98.419839,dra-2682
unmatched,,ภูเก็ต,ถลาง,ดารุ้ลมุตตากีน,,,8.040488,98.419839,dra-2683
unmatched,,ภูเก็ต,ถลาง,ดารุลฮิกมะฮ์,,,8.040488,98.419839,dra-2684
unmatched,,ภูเก็ต,ถลาง,ดาริสลาม,,,8.040488,98.419839,dra-2685
unmatched,,ภูเก็ต,ถลาง,นูรุตตักวา,,,8.040488,98.419839,dra-2686
unmatched,,ภูเก็ต,ถลาง,มิฟตาฮุนญันนะฮ์ (บ้านยามู),,,8.040488,98.419839,dra-2687
unmatched,,ภูเก็ต,ถลาง,นูรุสสลาม,,,8.040488,98.419839,dra-2688
unmatched,,ภูเก็ต,ถลาง,อัลฟัตห์,,,8.040488,98.419839,dra-2689
unmatched,,ภูเก็ต,ถลาง,นู่รูลอีบาดียะห์,,,8.145568,98.318903,dra-2690
unmatched,,ภูเก็ต,ถลาง,อิสละห์ (บ้านคอเอน),,,8.145568,98.318903,dra-2691
unmatched,,ภูเก็ต,ถลาง,นูรุ้ลอามาล (บ้านหยิด),,,8.145568,98.318903,dra-2692
unmatched,,ภูเก็ต,ถลาง,นู้รุ้ลอิสลาม (บ้านบ่อสอม),,,8.145568,98.318903,dra-2693
unmatched,,ภูเก็ต,ถลาง,เราว์ ฎอตุ้ลญันนะฮ์,,,8.145568,98.318903,dra-2694
unmatched,,ภูเก็ต,ถลาง,ดารุลสลาม  (บ้านบางดุก),,,8.145568,98.318903,dra-2695
unmatched,,ภูเก็ต,ถลาง,ญันนะตุ้ลนาอีม,,,8.145568,98.318903,dra-2696
unmatched,,ภูเก็ต,ถลาง,อัลฟารุก,,,8.145568,98.318903,dra-2697
unmatched,,ภูเก็ต,ถลาง,อัลฮีดายะห์,,,8.145568,98.318903,dra-2698
unmatched,,ภูเก็ต,ถลาง,ดารุ้ลอิตติฮาด,,,7.981592,98.353231,dra-2699
unmatched,,ภูเก็ต,ถลาง,ดารุสซุนน๊ะฮ์,,,7.981592,98.353231,dra-2700
unmatched,,ภูเก็ต,ถลาง,มัสยิดนูรุ้ลกูลูบ,,,7.981592,98.353231,dra-2701
unmatched,,ภูเก็ต,ถลาง,ฮีดายาตุ้ลมุสลีมีน (บ้านบางโจ),,,8.071008,98.371305,dra-2702
unmatched,,ภูเก็ต,ถลาง,ดารุ้ลอาบีดีน (บ้านบางหมากเหลา),,,8.076948,98.300698,dra-2703
unmatched,,ภูเก็ต,เมือง,ยาบรรณูรด์,,,7.950997,98.403011,dra-2704
unmatched,,ภูเก็ต,เมือง,เกาะมะพร้าว (กอรีฮ๊ะ),,,7.950997,98.403011,dra-2705
unmatched,,ภูเก็ต,เมือง,กามาลีย๊ะห์,,,7.950997,98.403011,dra-2706
unmatched,,ภูเก็ต,เมือง,มัรกัรมาดีนะฮ์มูนาวาเราะฮ์,,,7.950997,98.403011,dra-2707
unmatched,,ภูเก็ต,เมือง,อัลอัคซอ,,,7.950997,98.403011,dra-2708
unmatched,,ภูเก็ต,เมือง,อิสลามฮุดดีน,,,7.899717,98.40356,dra-2712
unmatched,,ภูเก็ต,เมือง,นูรุดดีนีย๊ะห์,,,7.791483,98.322376,dra-2713
unmatched,,ภูเก็ต,เมือง,ดารุ้ลอิสลาม,,,7.791483,98.322376,dra-2714
unmatched,,ภูเก็ต,เมือง,นู้รุ้ลอีบาดะห์,,,7.791483,98.322376,dra-2715
unmatched,,ภูเก็ต,เมือง,เอ้าวาลุ้ลฮีดายะห์,,,7.791483,98.322376,dra-2716
unmatched,,ภูเก็ต,เมือง,อิซซ่าตุ้ลอิสลาม (ย่ามีนะ),,,7.851761,98.376251,dra-2717
unmatched,,ภูเก็ต,เมือง,กียานุดดีน,,,7.851761,98.376251,dra-2718
unmatched,,ภูเก็ต,เมือง,นูรนอิสลามียะห์,,,7.851761,98.376251,dra-2719
unmatched,,มหาสารคาม,เชียงยืน,อัลฮายาต,,,16.416558,103.066531,dra-2720
unmatched,,มหาสารคาม,เมือง,นูรุ้ลเอียะห์ซาน,,,16.10465,103.310879,dra-2721
unmatched,,มุกดาหาร,เมือง,มัสยิดกลางจังหวัดมุกดาหาร,,,16.533078,104.647401,dra-2722
unmatched,,ยะลา,เมือง,เราฎอดุลบันนะห์,,,6.564645,101.222181,dra-2726
unmatched,,ยะลา,เบตง,จาเราะปาไตย,,,5.835485,101.243129,dra-2727
unmatched,,ยะลา,เบตง,ซูลูกาแป๊ะ,,,5.835485,101.243129,dra-2728
unmatched,,ยะลา,เมือง,โต๊ะเรียน,,,6.564645,101.222181,dra-2729
unmatched,,ยะลา,เมือง,ทุ่งบาปู,,,6.564645,101.222181,dra-2730
unmatched,,ยะลา,เมือง,บาโงจิจา,,,6.564645,101.222181,dra-2731
unmatched,,ยะลา,เมือง,สะคา,,,6.564645,101.222181,dra-2732
unmatched,,ยะลา,ยะหา,มายิประจำอำเภอยะหา,,,6.426237,101.097585,dra-2733
unmatched,,ยะลา,รามัน,ยาแมะยีอนะเร๊ะ,,,6.470787,101.455694,dra-2734
unmatched,,ยะลา,รามัน,สาตอ,,,6.470787,101.455694,dra-2735
unmatched,,ยะลา,รามัน,อิสราเบียห์,,,6.470787,101.455694,dra-2736
unmatched,,ยะลา,รามัน,บ้านบันนังตาบู,,,6.470787,101.455694,dra-2737
unmatched,,ยะลา,กรงปัง,ยันนาตุลมะวา (ตะโละซูแมใน),,,6.295632,101.219806,dra-2738
unmatched,,ยะลา,กรงปินัง,ยามิอาตุลยันนะห์ (กรงปินัง),,,6.392012,101.261392,dra-2739
unmatched,,ยะลา,กรงปินัง,บาโงสาเร็ง,,,6.392012,101.261392,dra-2740
unmatched,,ยะลา,กรงปินัง,บังโฆลกูโบ,,,6.392012,101.261392,dra-2741
unmatched,,ยะลา,กรงปินัง,ยามีอาตุลซานียะห์,,,6.392012,101.261392,dra-2742
unmatched,,ยะลา,กรงปินัง,เตาเฟ็กบาโงยือริ,,,6.392012,101.261392,dra-2743
unmatched,,ยะลา,กรงปินัง,ยาแมะบ้านลือเม๊าะ,,,6.392012,101.261392,dra-2744
unmatched,,ยะลา,กรงปินัง,นูรุลมาดีนะ,,,6.392012,101.261392,dra-2745
unmatched,,ยะลา,กรงปินัง,อัลตะวาตุลอิสลามียะห์,,,6.392012,101.261392,dra-2746
unmatched,,ยะลา,กรงปินัง,ฮาบีบิรอห์มาน (บ.บองอ),,,6.392012,101.261392,dra-2747
unmatched,,ยะลา,กรงปินัง,อีบาดูลเราะห์มาน,,,6.392012,101.261392,dra-2748
unmatched,,ยะลา,กรงปินัง,ราวฎอตุลยันนะห์,,,6.392012,101.261392,dra-2749
unmatched,,ยะลา,กรงปินัง,อัคร่อวีหย๊ะ,,,6.392012,101.261392,dra-2750
unmatched,,ยะลา,กรงปินัง,ดารุสสาลาม,,,6.392012,101.261392,dra-2751
unmatched,,ยะลา,กรงปินัง,ดีลมากอมิลกียามีลดีล,,,6.392012,101.261392,dra-2752
unmatched,,ยะลา,กรงปินัง,อัลอีบาดาตูลอิสลามียะห์,,,6.392012,101.261392,dra-2753
unmatched,,ยะลา,กรงปินัง,ดารุลอิหซาน,,,6.392012,101.261392,dra-2754
unmatched,,ยะลา,กรงปินัง,ยาแมสะแอ,,,6.392012,101.261392,dra-2755
unmatched,,ยะลา,กรงปินัง,ยาแมะบาโงยือไร,,,6.392012,101.261392,dra-2756
unmatched,,ยะลา,กรงปินัง,ญามิอฺ อัลฟาลาห สลาแด,,,6.392012,101.261392,dra-2757
unmatched,,ยะลา,กรงปินัง,แบหอ,,,6.392012,101.261392,dra-2758
unmatched,,ยะลา,กรงปินัง,ดารุลอามาน(บ้านกูวาลอบือเถาะ),,,6.392012,101.261392,dra-2759
unmatched,,ยะลา,กรงปินัง,ตาดีกาบ้านแปแจง,,,6.392012,101.261392,dra-2760
unmatched,,ยะลา,กรงปินัง,นูรูลอิสลาม,,,6.392012,101.261392,dra-2761
unmatched,,ยะลา,กรงปินัง,อัลมูบาร๊อก (บ. ดุซงรายอ),,,6.392012,101.261392,dra-2762
unmatched,,ยะลา,กรงปินัง,บ้านบาตูบือละ,,,6.392012,101.261392,dra-2763
unmatched,,ยะลา,กรงปินัง,ดารุลฮูดา,,,6.392012,101.261392,dra-2764
unmatched,,ยะลา,กรงปินัง,ยาแมะอัล    ตักวา,,,6.392012,101.261392,dra-2765
unmatched,,ยะลา,กรงปินัง,มนาบีอุลอูลุม (บ.ดุซงกูญิ),,,6.392012,101.261392,dra-2766
unmatched,,ยะลา,กรงปินัง,คอลีลิลเราะห์มาน,,,6.392012,101.261392,dra-2767
unmatched,,ยะลา,กรงปินัง,อาสาสุลยันนะห์,,,6.392012,101.261392,dra-2768
unmatched,,ยะลา,กรงปินัง,ซีรอยีลหูดาห์,,,6.392012,101.261392,dra-2769
unmatched,,ยะลา,กรงปินัง,เราฎอตุลดีอายะห์,,,6.392012,101.261392,dra-2770
unmatched,,ยะลา,กรงปินัง,ดารูนอามาน,,,6.392012,101.261392,dra-2771
unmatched,,ยะลา,กรงปินัง,นูรุลฮีดายะห์  (ควนนางา),,,6.392012,101.261392,dra-2772
unmatched,,ยะลา,กรงปินัง,ดารุสลาม  (บ.สลาแด 2),,,6.392012,101.261392,dra-2773
unmatched,,ยะลา,กรงปินัง,ดารุลนาอีม,,,6.392012,101.261392,dra-2774
unmatched,,ยะลา,กรงปินัง,ดารุลฟิรดาวส์,,,6.392012,101.261392,dra-2775
unmatched,,ยะลา,กาบัง,บ้านลุโปะบันยัง,,,6.359779,100.957454,dra-2776
unmatched,,ยะลา,กาบัง,ดารุสซอลาฮ์,,,6.359779,100.957454,dra-2777
unmatched,,ยะลา,กาบัง,นูรูดิน,,,6.359779,100.957454,dra-2778
unmatched,,ยะลา,กาบัง,คอยรียะห์,,,6.359779,100.957454,dra-2779
unmatched,,ยะลา,กาบัง,บ้านกาบัง,,,6.359779,100.957454,dra-2780
unmatched,,ยะลา,กาบัง,นูรุลฮูดา,,,6.359779,100.957454,dra-2781
unmatched,,ยะลา,กาบัง,ดารุสลาม,,,6.359779,100.957454,dra-2782
unmatched,,ยะลา,กาบัง,บ้านลาแล,,,6.359779,100.957454,dra-2783
unmatched,,ยะลา,กาบัง,อันซอรุสซูนะห์,,,6.359779,100.957454,dra-2784
unmatched,,ยะลา,กาบัง,อัลมัรฮามะห์ (บ้านมาซาตาแป),,,6.359779,100.957454,dra-2785
unmatched,,ยะลา,กาบัง,นูรุลอิสลาซห์,,,6.359779,100.957454,dra-2786
unmatched,,ยะลา,กาบัง,ตักวา,,,6.359779,100.957454,dra-2787
unmatched,,ยะลา,กาบัง,ดารุลมุนีนีน (บ.แอและ),,,6.359779,100.957454,dra-2788
unmatched,,ยะลา,กาบัง,ดารุลมุมีนีน (บ.นิบงใน),,,6.359779,100.957454,dra-2789
unmatched,,ยะลา,กาบัง,ดารุลฮิกมะห์,,,6.359779,100.957454,dra-2790
unmatched,,ยะลา,กาบัง,ดารุนนายะห์ (บ.แยะใน),,,6.359779,100.957454,dra-2791
unmatched,,ยะลา,กาบัง,ราวฎอตุลยันน๊ะห์,,,6.359779,100.957454,dra-2792
unmatched,,ยะลา,กาบัง,นูรูลอินซาน,,,6.359779,100.957454,dra-2793
unmatched,,ยะลา,กาบัง,นุรุตตักวา  (บ.คลองชิง),,,6.359779,100.957454,dra-2794
unmatched,,ยะลา,กาบัง,ดารุลมุตตากีน (บ.คลองปุด),,,6.359779,100.957454,dra-2795
unmatched,,ยะลา,กาบัง,ดารุสลาม,,,6.359779,100.957454,dra-2796
unmatched,,ยะลา,กาบัง,ดารุสสลาม,,,6.359779,100.957454,dra-2797
unmatched,,ยะลา,ธารโต,นูรูลฮีดายะห์ (บ้านผ่านศึก),,,6.054949,101.268577,dra-2798
unmatched,,ยะลา,ธารโต,สามัคคีธารโต,,,6.054949,101.268577,dra-2799
unmatched,,ยะลา,ธารโต,พัฒนาอิสลาม,,,6.054949,101.268577,dra-2800
unmatched,,ยะลา,ธารโต,นูรุลอีบาด๊ะ,,,6.054949,101.268577,dra-2801
unmatched,,ยะลา,ธารโต,ดารุสสาอาดะห์(จาเราะแป),,,6.054949,101.268577,dra-2802
unmatched,,ยะลา,ธารโต,นูรุลยันนะห์,,,6.054949,101.268577,dra-2803
unmatched,,ยะลา,ธารโต,นูรุลฮูดา  (บูโล๊ะสะนิแย),,,6.054949,101.268577,dra-2804
unmatched,,ยะลา,ธารโต,นูรุลอีบาดะห์ (บ.บัวทองใต้),,,6.054949,101.268577,dra-2805
unmatched,,ยะลา,ธารโต,ยามีอาตุลอิสลาม,,,6.054949,101.268577,dra-2806
unmatched,,ยะลา,ธารโต,อัลตักวาห์ (บ.บ่อหินนอก),,,6.054949,101.268577,dra-2807
unmatched,,ยะลา,ธารโต,ซอลาฮุดดีน,,,6.054949,101.268577,dra-2808
unmatched,,ยะลา,ธารโต,ซอลาฮุดดีน (เจาะซีโปะ),,,6.054949,101.268577,dra-2809
unmatched,,ยะลา,ธารโต,ดารุลฮีดายะห์ (บ้านบ่อหินใน),,,6.054949,101.268577,dra-2810
unmatched,,ยะลา,ธารโต,ยาแมะกำปงแหร,,,6.054949,101.268577,dra-2811
unmatched,,ยะลา,ธารโต,ดารุลอามานซานี,,,6.054949,101.268577,dra-2812
unmatched,,ยะลา,ธารโต,อัลอิสลามมียะห์,,,6.054949,101.268577,dra-2813
unmatched,,ยะลา,ธารโต,อัลอูบูดียะห์ (บ.คอกช้าง),,,6.054949,101.268577,dra-2814
unmatched,,ยะลา,ธารโต,ดารุลอิสลามียะห์ (บ้านไอลาบู),,,6.054949,101.268577,dra-2815
unmatched,,ยะลา,ธารโต,ดารุลอิสลามียะห์ กำปงปารู,,,6.054949,101.268577,dra-2816
unmatched,,ยะลา,ธารโต,ดารุลอิตติฮาด,,,6.054949,101.268577,dra-2817
unmatched,,ยะลา,ธารโต,ราวฎอตุลสสาอาดะห์,,,6.054949,101.268577,dra-2818
unmatched,,ยะลา,ธารโต,นาอีมูลอิสลามีย์,,,6.054949,101.268577,dra-2819
unmatched,,ยะลา,บันนังสตา,ซีรอตุตตักวา (บ.ฉลองชัย),,,6.261159,101.252436,dra-2820
unmatched,,ยะลา,บันนังสตา,ดารุลอามัน(บ้านสนามบิน),,,6.261159,101.252436,dra-2821
unmatched,,ยะลา,บันนังสตา,นูรุลอมาน  (บ้านสันติ 1),,,6.261159,101.252436,dra-2822
unmatched,,ยะลา,บันนังสตา,ฮิลลาฮิดดีน  (ภักดี 2),,,6.261159,101.252436,dra-2823
unmatched,,ยะลา,บันนังสตา,นูรุดดินอีลาฮี,,,6.261159,101.252436,dra-2824
unmatched,,ยะลา,บันนังสตา,ดารุลอิห์ซาน,,,6.261159,101.252436,dra-2825
unmatched,,ยะลา,บันนังสตา,นูรุลอิสลาม,,,6.261159,101.252436,dra-2826
unmatched,,ยะลา,บันนังสตา,โตะปาแวดารุสซานียะ,,,6.261159,101.252436,dra-2827
unmatched,,ยะลา,บันนังสตา,ดารูลมุซีนิน,,,6.261159,101.252436,dra-2828
unmatched,,ยะลา,บันนังสตา,นูรุลอิสลาม,,,6.261159,101.252436,dra-2829
unmatched,,ยะลา,บันนังสตา,ดารุลนาอีม,,,6.261159,101.252436,dra-2830
unmatched,,ยะลา,บันนังสตา,ดารุลอูลูวีย์ (อัลซอคเราะ32),,,6.261159,101.252436,dra-2831
unmatched,,ยะลา,บันนังสตา,นูรุลอีม่าน (บ.แลเกาะตูโยะ),,,6.261159,101.252436,dra-2832
unmatched,,ยะลา,บันนังสตา,ดารุลสลาม (บ.ลีจิง),,,6.261159,101.252436,dra-2833
unmatched,,ยะลา,บันนังสตา,ดารุลนาอิม (บ.คีรีลาด),,,6.261159,101.252436,dra-2834
unmatched,,ยะลา,บันนังสตา,ฮีดายาตุลมุตากีน (บ.ทับช้าง),,,6.261159,101.252436,dra-2835
unmatched,,ยะลา,บันนังสตา,ดารุลอามาน ยีลาปันบน,,,6.261159,101.252436,dra-2836
unmatched,,ยะลา,บันนังสตา,นูรูลฮูดา (บ้านกลาง),,,6.261159,101.252436,dra-2837
unmatched,,ยะลา,บันนังสตา,ราวฎอตุลมุมีนีน (บ้านลาตอซูแก),,,6.261159,101.252436,dra-2838
unmatched,,ยะลา,บันนังสตา,ยาแมะตาเนาะปูเต๊ะ,,,6.261159,101.252436,dra-2839
unmatched,,ยะลา,บันนังสตา,ยันนาตูลมะวา,,,6.261159,101.252436,dra-2840
unmatched,,ยะลา,บันนังสตา,ดารุลมะรูฟ,,,6.261159,101.252436,dra-2841
unmatched,,ยะลา,บันนังสตา,กาสัง,,,6.261159,101.252436,dra-2842
unmatched,,ยะลา,บันนังสตา,บายิดารุสลาม,,,6.261159,101.252436,dra-2843
unmatched,,ยะลา,บันนังสตา,ยันนาตุลมะวา,,,6.261159,101.252436,dra-2844
unmatched,,ยะลา,บันนังสตา,นุรูลฮูดาย์,,,6.261159,101.252436,dra-2845
unmatched,,ยะลา,บันนังสตา,นูรุลอิห์ซาน (นิคม กม.26 ใน),,,6.261159,101.252436,dra-2846
unmatched,,ยะลา,บันนังสตา,ดารุลอามาน (นิคม กม. 26 นอก),,,6.261159,101.252436,dra-2847
unmatched,,ยะลา,บันนังสตา,นูรูลฟาตฮี  (บ.ชอบเหมือง),,,6.261159,101.252436,dra-2848
unmatched,,ยะลา,บันนังสตา,ดารุลฟุรกอน,,,6.261159,101.252436,dra-2849
unmatched,,ยะลา,บันนังสตา,กือจิอาเฮตือยุง,,,6.261159,101.252436,dra-2850
unmatched,,ยะลา,บันนังสตา,นูรุลอิสลาม,,,6.261159,101.252436,dra-2851
unmatched,,ยะลา,บันนังสตา,ญันนาตุนนะอีม (เดิมชื่อยันนาทูนาวิน),,,6.261159,101.252436,dra-2852
unmatched,,ยะลา,บันนังสตา,นูรุลอิสลามีย๊ะ,,,6.261159,101.252436,dra-2853
unmatched,,ยะลา,บันนังสตา,รานอ ดารุลตักวา,,,6.261159,101.252436,dra-2854
unmatched,,ยะลา,บันนังสตา,นูรุดดีน,,,6.261159,101.252436,dra-2855
unmatched,,ยะลา,บันนังสตา,ป่าหวัง,,,6.261159,101.252436,dra-2856
unmatched,,ยะลา,บันนังสตา,อิสลามเบียห์ บันนังสตา,,,6.261159,101.252436,dra-2857
unmatched,,ยะลา,บันนังสตา,อาผล๊ะกะปาลอบาต๊ะ,,,6.261159,101.252436,dra-2858
unmatched,,ยะลา,บันนังสตา,นอรูดิน,,,6.261159,101.252436,dra-2859
unmatched,,ยะลา,บันนังสตา,ซัมซูดิน,,,6.261159,101.252436,dra-2860
unmatched,,ยะลา,บันนังสตา,เงาะฆาโป,,,6.261159,101.252436,dra-2861
unmatched,,ยะลา,บันนังสตา,อัลฮาซานียะห์,,,6.261159,101.252436,dra-2862
unmatched,,ยะลา,บันนังสตา,ดารรุลฮูดา,,,6.261159,101.252436,dra-2863
unmatched,,ยะลา,บันนังสตา,อัตตะห์รีร (พงค์ยามู),,,6.261159,101.252436,dra-2864
unmatched,,ยะลา,บันนังสตา,นะห์ดิตุลอิสลาม,,,6.261159,101.252436,dra-2865
unmatched,,ยะลา,บันนังสตา,ดารุลอามาน,,,6.261159,101.252436,dra-2866
unmatched,,ยะลา,บันนังสตา,ดารุลอิห์ซาน,,,6.261159,101.252436,dra-2867
unmatched,,ยะลา,บันนังสตา,นูรูลอีบาดะห์,,,6.261159,101.252436,dra-2868
unmatched,,ยะลา,บันนังสตา,นูรุลฮีดายาตุล อิสลามียยะห์,,,6.261159,101.252436,dra-2869
unmatched,,ยะลา,บันนังสตา,มูหายีรีน (บ้านเตี๊ยะ),,,6.261159,101.252436,dra-2870
unmatched,,ยะลา,บันนังสตา,อัลฟาตะห์ (บ.บาโงแจเกาะ),,,6.261159,101.252436,dra-2871
unmatched,,ยะลา,บันนังสตา,ยันนาติลกกอรอร์(พงจืองา),,,6.261159,101.252436,dra-2872
unmatched,,ยะลา,บันนังสตา,มุฆซันอีบาดะห์ (ตะโล๊ะดือลง),,,6.261159,101.252436,dra-2873
unmatched,,ยะลา,บันนังสตา,มูฮายีรีน (บ.ฮูแตซูแก),,,6.261159,101.252436,dra-2874
unmatched,,ยะลา,บันนังสตา,นูรุลยากีนย์ (บ.ละแอบันนังกูแว),,,6.261159,101.252436,dra-2875
unmatched,,ยะลา,บันนังสตา,นูรูลอีมาน,,,6.261159,101.252436,dra-2876
unmatched,,ยะลา,บันนังสตา,อัลฟัตฮุลอิสลามีย์,,,6.261159,101.252436,dra-2877
unmatched,,ยะลา,บันนังสตา,ดารุสสลาม,,,6.261159,101.252436,dra-2878
unmatched,,ยะลา,บันนังสตา,นูรูลฮูดา,,,6.261159,101.252436,dra-2879
unmatched,,ยะลา,บันนังสตา,นูรุลอิสลาม,,,6.261159,101.252436,dra-2880
unmatched,,ยะลา,บันนังสตา,ฮีดาย่าตุ้ลคอยรีต์,,,6.261159,101.252436,dra-2881
unmatched,,ยะลา,บันนังสตา,กำปงปาแล,,,6.261159,101.252436,dra-2882
unmatched,,ยะลา,บันนังสตา,บาโงยือแร,,,6.261159,101.252436,dra-2883
unmatched,,ยะลา,บันนังสตา,อาลมุนตอเฮร,,,6.261159,101.252436,dra-2884
unmatched,,ยะลา,บันนังสตา,นูรุลอิสลาม (บ.คอลอบางลาง),,,6.261159,101.252436,dra-2885
unmatched,,ยะลา,บันนังสตา,อัลฟุรกอน (บ้านบียอง),,,6.261159,101.252436,dra-2886
unmatched,,ยะลา,บันนังสตา,นุรุลฮีดายาตุลอีมาน,,,6.261159,101.252436,dra-2887
unmatched,,ยะลา,บันนังสตา,นูรุลอีมาน,,,6.261159,101.252436,dra-2888
unmatched,,ยะลา,บันนังสตา,มิฟตาฮูลญันนะห์ (บาโงฮาดียือรินอก),,,6.261159,101.252436,dra-2889
unmatched,,ยะลา,บันนังสตา,นูรุลยากีน,,,6.261159,101.252436,dra-2890
unmatched,,ยะลา,บาเจาะ,มิฟตาหูลอุลู (บ.กาจะลากี),,,6.295632,101.219806,dra-2891
unmatched,,ยะลา,เบตง,อัลยามีอูลอัฮ์มาดีย์,,,5.835485,101.243129,dra-2892
unmatched,,ยะลา,เบตง,ราโมง,,,5.835485,101.243129,dra-2893
unmatched,,ยะลา,เบตง,ดารุลนาอีม,,,5.835485,101.243129,dra-2894
unmatched,,ยะลา,เบตง,นูรุดดีน,,,5.835485,101.243129,dra-2895
unmatched,,ยะลา,เบตง,ราวฎออตุ้ลยันน่ะห์,,,5.835485,101.243129,dra-2896
unmatched,,ยะลา,เบตง,ตาก๊อตดูมิลอิสลามีย์,,,5.835485,101.243129,dra-2897
unmatched,,ยะลา,เบตง,กูนุงจอนอง,,,5.835485,101.243129,dra-2898
unmatched,,ยะลา,เบตง,นูรูลยากีน,,,5.835485,101.243129,dra-2899
unmatched,,ยะลา,เบตง,นูรุลฮูดา,,,5.835485,101.243129,dra-2900
unmatched,,ยะลา,เบตง,ดารุลมะห์มูร (บ้านฮางุส),,,5.835485,101.243129,dra-2901
unmatched,,ยะลา,เบตง,นูรุลอิตตีฟาก (กาแป๊ะ กม.2),,,5.835485,101.243129,dra-2902
unmatched,,ยะลา,เบตง,สาลาฮูดิน  (บ.ตักโกร),,,5.835485,101.243129,dra-2903
unmatched,,ยะลา,เบตง,อุสมาเนียะห์,,,5.835485,101.243129,dra-2904
unmatched,,ยะลา,เบตง,มัสยิดยะรม,,,5.835485,101.243129,dra-2905
unmatched,,ยะลา,เบตง,นูร์ฮีดายะห์ (บ.กูบังฆาเยาะ),,,5.835485,101.243129,dra-2906
unmatched,,ยะลา,เบตง,อิตีฮาดุลอุมมะห์,,,5.835485,101.243129,dra-2907
unmatched,,ยะลา,เบตง,นูรุลอีมาน,,,5.835485,101.243129,dra-2908
unmatched,,ยะลา,เบตง,เราะห์มานียะห์,,,5.835485,101.243129,dra-2909
unmatched,,ยะลา,เบตง,บำรุงศาสน์ (มัซลีฮาตุลดีน),,,5.835485,101.243129,dra-2910
unmatched,,ยะลา,เบตง,ดำรงศาสน์(อีกอมาตุดดีน),,,5.835485,101.243129,dra-2911
unmatched,,ยะลา,เบตง,สันติธรรม(อัลอามานียะห์),,,5.835485,101.243129,dra-2912
unmatched,,ยะลา,เบตง,ธรรมวัฒนา,,,5.835485,101.243129,dra-2913
unmatched,,ยะลา,เบตง,นูรุลฮูดา,,,5.835485,101.243129,dra-2914
unmatched,,ยะลา,เบตง,นูรุลนาอีม (บ.ยางแดง),,,5.835485,101.243129,dra-2915
unmatched,,ยะลา,เบตง,วารอซาตูลอัมเบียะมูฮายีรีน,,,5.835485,101.243129,dra-2916
unmatched,,ยะลา,เบตง,ดารุลอามาน,,,5.835485,101.243129,dra-2917
unmatched,,ยะลา,เบตง,ดารุสลาม,,,5.835485,101.243129,dra-2918
unmatched,,ยะลา,เบตง,นูรรุลอิสลาม,,,5.835485,101.243129,dra-2919
unmatched,,ยะลา,เบตง,นูรุลยากีน (บ้านเมาะโง),,,5.835485,101.243129,dra-2920
unmatched,,ยะลา,เบตง,ประมวลธรรม (ญามิอัลคอยรอต),,,5.835485,101.243129,dra-2921
unmatched,,ยะลา,เบตง,สามัคคีธรรม (อัลอิ๊จตีฮาดุดดีน),,,5.835485,101.243129,dra-2922
unmatched,,ยะลา,เมือง,บาตัน,,,6.564645,101.222181,dra-2923
unmatched,,ยะลา,เมือง,มุตมาอินนะห์,,,6.564645,101.222181,dra-2924
unmatched,,ยะลา,เมือง,ดารุลอิหมาน,,,6.564645,101.222181,dra-2925
unmatched,,ยะลา,เมือง,ดารุสลาม,,,6.564645,101.222181,dra-2926
unmatched,,ยะลา,เมือง,ยาแมะกะลูแป,,,6.564645,101.222181,dra-2927
unmatched,,ยะลา,เมือง,ยามีอาตุลยันนะห์,,,6.564645,101.222181,dra-2928
unmatched,,ยะลา,เมือง,ยาแมะกำปงสาฆอ,,,6.564645,101.222181,dra-2929
unmatched,,ยะลา,เมือง,นูรุลยามาลโตะดูรัส,,,6.564645,101.222181,dra-2930
unmatched,,ยะลา,เมือง,ดารุลกอเราะ,,,6.564645,101.222181,dra-2931
unmatched,,ยะลา,เมือง,ดารุสสาลาม,,,6.564645,101.222181,dra-2932
unmatched,,ยะลา,เมือง,ดารุลอีหม่าน,,,6.564645,101.222181,dra-2933
unmatched,,ยะลา,เมือง,นูรุลฮูดา  กำปงปายอ,,,6.564645,101.222181,dra-2934
unmatched,,ยะลา,เมือง,ยาแมะกำปงฮูลู,,,6.564645,101.222181,dra-2935
unmatched,,ยะลา,เมือง,ดารุลมุมีนีนอาตตารอดี้ยาห์,,,6.564645,101.222181,dra-2936
unmatched,,ยะลา,เมือง,คอสูอลีบาดะห์,,,6.564645,101.222181,dra-2937
unmatched,,ยะลา,เมือง,บันนังบูโย,,,6.564645,101.222181,dra-2938
unmatched,,ยะลา,เมือง,ยาแมะกำปงกะตูปะ,,,6.564645,101.222181,dra-2939
unmatched,,ยะลา,เมือง,ดารุสสลาม (บ้านตะโล๊ะสาลี),,,6.564645,101.222181,dra-2940
unmatched,,ยะลา,เมือง,ดารุลอามัน (ตือโล๊ะซีโป),,,6.564645,101.222181,dra-2941
unmatched,,ยะลา,เมือง,อัลอามีน,,,6.564645,101.222181,dra-2942
unmatched,,ยะลา,เมือง,ดารุลฮูดา,,,6.564645,101.222181,dra-2943
unmatched,,ยะลา,เมือง,อัสสลาม,,,6.564645,101.222181,dra-2944
unmatched,,ยะลา,เมือง,ยันนาตูลมะวา (บ.มือแย),,,6.564645,101.222181,dra-2945
unmatched,,ยะลา,เมือง,อัลอิสลามีย์,,,6.564645,101.222181,dra-2946
unmatched,,ยะลา,เมือง,ยาแมะกูแบปุโรง,,,6.564645,101.222181,dra-2947
unmatched,,ยะลา,เมือง,มูหัมมัสดียะห์,,,6.564645,101.222181,dra-2948
unmatched,,ยะลา,เมือง,ตาฮิยยาดูดดีนียะห์,,,6.564645,101.222181,dra-2949
unmatched,,ยะลา,เมือง,บ้านบือแน,,,6.564645,101.222181,dra-2950
unmatched,,ยะลา,เมือง,กำปงดาระ,,,6.564645,101.222181,dra-2951
unmatched,,ยะลา,เมือง,กำปงนิบง,,,6.564645,101.222181,dra-2952
unmatched,,ยะลา,เมือง,ยาแมะบ้านบาเฮะห์,,,6.564645,101.222181,dra-2953
unmatched,,ยะลา,เมือง,เราฎออตุซอลีฮีน,,,6.564645,101.222181,dra-2954
unmatched,,ยะลา,เมือง,นูรูลอีลาฮียะห์,,,6.564645,101.222181,dra-2955
unmatched,,ยะลา,เมือง,อัลริควาน,,,6.564645,101.222181,dra-2956
unmatched,,ยะลา,เมือง,อายนุลยากีน,,,6.564645,101.222181,dra-2957
unmatched,,ยะลา,เมือง,มิภตาฮูลยันนะห์,,,6.564645,101.222181,dra-2958
unmatched,,ยะลา,เมือง,นูรุลฮีลาล (บ้านบุดีฮูลู),,,6.564645,101.222181,dra-2959
unmatched,,ยะลา,เมือง,นูรุลฮูดา  (รายอกายู),,,6.564645,101.222181,dra-2960
unmatched,,ยะลา,เมือง,ญาบัลนูร,,,6.564645,101.222181,dra-2961
unmatched,,ยะลา,เมือง,นูรอีบาดิละห์ (บ้านบาฮงยาวี),,,6.564645,101.222181,dra-2962
unmatched,,ยะลา,เมือง,ดุลาพาอัรรอซีดิน,,,6.564645,101.222181,dra-2963
unmatched,,ยะลา,เมือง,ยาแมะลางาเปาะเส้ง,,,6.564645,101.222181,dra-2964
unmatched,,ยะลา,เมือง,บ้านขโนง,,,6.564645,101.222181,dra-2965
unmatched,,ยะลา,เมือง,ยาแมะกูแบลีเต๊าะ,,,6.564645,101.222181,dra-2966
unmatched,,ยะลา,เมือง,ดารุลเราะห์มะห์,,,6.564645,101.222181,dra-2967
unmatched,,ยะลา,เมือง,ดารูลอามาน,,,6.564645,101.222181,dra-2968
unmatched,,ยะลา,เมือง,นูรุลฮูดา (บ้านบันนังบารู),,,6.564645,101.222181,dra-2969
unmatched,,ยะลา,เมือง,ยาแมะพร่อน,,,6.564645,101.222181,dra-2970
unmatched,,ยะลา,เมือง,มาตอรุซอ   พร่อน,,,6.564645,101.222181,dra-2971
unmatched,,ยะลา,เมือง,ยาแมะ  จาแน,,,6.564645,101.222181,dra-2972
unmatched,,ยะลา,เมือง,ยาแมะบ้านปูเกะ  พร่อน,,,6.564645,101.222181,dra-2973
unmatched,,ยะลา,เมือง,นูรูลอามาน,,,6.564645,101.222181,dra-2974
unmatched,,ยะลา,เมือง,ดารุลอิควาน,,,6.564645,101.222181,dra-2975
unmatched,,ยะลา,เมือง,มูตมาเอ็นหน๊ะ,,,6.564645,101.222181,dra-2977
unmatched,,ยะลา,เมือง,ยาแมะปาโจ,,,6.564645,101.222181,dra-2978
unmatched,,ยะลา,เมือง,เราะสุลยาบาล,,,6.564645,101.222181,dra-2979
unmatched,,ยะลา,เมือง,บราแง  (ทุ่งเหวียง),,,6.564645,101.222181,dra-2980
unmatched,,ยะลา,เมือง,ยาแมะอัลแบะซะห์  บาโด,,,6.564645,101.222181,dra-2981
unmatched,,ยะลา,เมือง,ยาแมะบ้านวังกระ,,,6.564645,101.222181,dra-2982
unmatched,,ยะลา,เมือง,ยาแมะปาตอมอเบาะ,,,6.564645,101.222181,dra-2983
unmatched,,ยะลา,เมือง,ยาแมกะลูแป (ยกเลิก),,,6.564645,101.222181,dra-2984
unmatched,,ยะลา,เมือง,เราดอตูลเราะห์มาน กะลูแป (ยกเลิก),,,6.564645,101.222181,dra-2985
unmatched,,ยะลา,เมือง,อาลบาดาริยะห์อิสลามียะห์,,,6.564645,101.222181,dra-2986
unmatched,,ยะลา,เมือง,นูรูลอิห์ซัน,,,6.564645,101.222181,dra-2987
unmatched,,ยะลา,เมือง,ยาแมะกำปงตะกือแด,,,6.564645,101.222181,dra-2988
unmatched,,ยะลา,เมือง,นูรุลยันนะห์,,,6.564645,101.222181,dra-2989
unmatched,,ยะลา,เมือง,ดารุลมุสตากีม,,,6.564645,101.222181,dra-2990
unmatched,,ยะลา,เมือง,ตะปอเยาะ,,,6.564645,101.222181,dra-2991
unmatched,,ยะลา,เมือง,บาโงยฮารอ,,,6.564645,101.222181,dra-2992
unmatched,,ยะลา,เมือง,อิบาดุรเราะห์มาน,,,6.564645,101.222181,dra-2993
unmatched,,ยะลา,เมือง,นูรอลฮูดา,,,6.564645,101.222181,dra-2994
unmatched,,ยะลา,เมือง,กลางประจำตำบล,,,6.564645,101.222181,dra-2995
unmatched,,ยะลา,เมือง,ยันนาตูลมะวา,,,6.564645,101.222181,dra-2996
unmatched,,ยะลา,เมือง,มูฮายีรีน,,,6.564645,101.222181,dra-2997
unmatched,,ยะลา,เมือง,อัลฟุร์กอน,,,6.564645,101.222181,dra-2998
unmatched,,ยะลา,เมือง,ลุตฟีย์ ปอเนาะลำใหม่,,,6.564645,101.222181,dra-2999
unmatched,,ยะลา,เมือง,ยามแมะบาตูปูเต๊ะ,,,6.564645,101.222181,dra-3000
unmatched,,ยะลา,เมือง,เราฎอตุซซาอาดะฮ์ (บ้านลิดน),,,6.564645,101.222181,dra-3001
unmatched,,ยะลา,เมือง,นูรุลอีมาน,,,6.564645,101.222181,dra-3002
unmatched,,ยะลา,เมือง,นุรลฮูดา,,,6.564645,101.222181,dra-3003
unmatched,,ยะลา,เมือง,ยามีอาตุลมุสลีมียะห์,,,6.564645,101.222181,dra-3004
unmatched,,ยะลา,เมือง,ยาแมะกะปาลอมือเตาะสะเตง,,,6.564645,101.222181,dra-3005
unmatched,,ยะลา,เมือง,มัสยิดุลอัฮมาดีย์,,,6.564645,101.222181,dra-3006
unmatched,,ยะลา,เมือง,นูรุลอิสลามปากีสถาน,,,6.564645,101.222181,dra-3007
unmatched,,ยะลา,เมือง,ดารุลอิห์ซาน,,,6.564645,101.222181,dra-3008
unmatched,,ยะลา,เมือง,ดารุลนาอีม (จารูพัฒนา),,,6.564645,101.222181,dra-3009
unmatched,,ยะลา,เมือง,นูรุสลาม,,,6.564645,101.222181,dra-3010
unmatched,,ยะลา,เมือง,อัรฮามัรรอฮีมีน (บ.หะยีวันเด็งหิเล),,,6.564645,101.222181,dra-3011
unmatched,,ยะลา,เมือง,ดารุลมุฮาญิรีน,,,6.564645,101.222181,dra-3012
unmatched,,ยะลา,เมือง,นูรูลฮูดา,,,6.564645,101.222181,dra-3013
unmatched,,ยะลา,เมือง,บือแซง,,,6.564645,101.222181,dra-3014
unmatched,,ยะลา,เมือง,ปากีสถาน,,,6.564645,101.222181,dra-3015
unmatched,,ยะลา,เมือง,มลายูบางกอก,,,6.564645,101.222181,dra-3016
unmatched,,ยะลา,เมือง,โล๊ะกือบอ,,,6.564645,101.222181,dra-3017
unmatched,,ยะลา,เมือง,ดารุลอามาน (กำปงบูเกะ),,,6.564645,101.222181,dra-3018
unmatched,,ยะลา,เมือง,ยาแมะกำปงลางา,,,6.564645,101.222181,dra-3019
unmatched,,ยะลา,เมือง,ยาแมะตือเบาะ,,,6.564645,101.222181,dra-3020
unmatched,,ยะลา,เมือง,ยาแมะนัดโต๊ะโมง,,,6.564645,101.222181,dra-3021
unmatched,,ยะลา,เมือง,รียาฎลยันนะห์,,,6.564645,101.222181,dra-3022
unmatched,,ยะลา,เมือง,ยามีอาร์ติลมุสลีมีน,,,6.564645,101.222181,dra-3023
unmatched,,ยะลา,เมือง,มูหัมมาดี (บ้านมะลายูบางกอก),,,6.564645,101.222181,dra-3024
unmatched,,ยะลา,เมือง,รียาฏอตุลมุมีนิน นิบงบารู,,,6.564645,101.222181,dra-3025
unmatched,,ยะลา,เมือง,อิสลามฮุดดีน,,,6.564645,101.222181,dra-3026
unmatched,,ยะลา,เมือง,ดารุลมุตตาดีน,,,6.564645,101.222181,dra-3027
unmatched,,ยะลา,เมือง,บาฮาอุดีน,,,6.564645,101.222181,dra-3028
unmatched,,ยะลา,เมือง,อัลตักวา,,,6.564645,101.222181,dra-3029
unmatched,,ยะลา,เมือง,อัล ฟูรกอน,,,6.564645,101.222181,dra-3030
unmatched,,ยะลา,เมือง,นุซฮาตุลมุตากีน (กูปังปูตะ),,,6.564645,101.222181,dra-3031
unmatched,,ยะลา,เมือง,นูรุสลาม,,,6.564645,101.222181,dra-3032
unmatched,,ยะลา,เมือง,ยามบ้านตะโลแว,,,6.564645,101.222181,dra-3033
unmatched,,ยะลา,เมือง,มุตตาหีดาตุลอิสลามีย๊ะ,,,6.564645,101.222181,dra-3034
unmatched,,ยะลา,เมือง,ดารูสสาลาม,,,6.564645,101.222181,dra-3035
unmatched,,ยะลา,เมืองยะลา,อัลมูฮัมมาดียะห์,,,6.564645,101.222181,dra-3036
unmatched,,ยะลา,เมืองยะลา,แบะซะห์อิสลามียะห์ (อุเส),,,6.564645,101.222181,dra-3037
unmatched,,ยะลา,เมืองยะลา,อัรเร๊าะมานียะห์,,,6.564645,101.222181,dra-3038
unmatched,,ยะลา,เมืองยะลา,ดารุลฮีดายะห์,,,6.564645,101.222181,dra-3039
unmatched,,ยะลา,เมืองยะลา,นูรุลยากีน,,,6.564645,101.222181,dra-3040
unmatched,,ยะลา,เมืองยะลา,มูฮายีรีน,,,6.564645,101.222181,dra-3041
unmatched,,ยะลา,เมืองยะลา,ดารุสสลาม,,,6.564645,101.222181,dra-3042
unmatched,,ยะลา,ยะหา,อัลมูฮำมาดี (เดิมชื่อบ้านกาตอง),,,6.426237,101.097585,dra-3043
unmatched,,ยะลา,ยะหา,ตัฆวา (เดิมชื่อตักกัว),,,6.426237,101.097585,dra-3044
unmatched,,ยะลา,ยะหา,นูรูลอีหม่าน,,,6.426237,101.097585,dra-3045
unmatched,,ยะลา,ยะหา,ดุลรุลอิสลามียะห์,,,6.426237,101.097585,dra-3046
unmatched,,ยะลา,ยะหา,ดารุสสาลาม  (บ.ดารุ),,,6.426237,101.097585,dra-3047
unmatched,,ยะลา,ยะหา,นูรุลฮูดา (บ.ตันหยง),,,6.426237,101.097585,dra-3048
unmatched,,ยะลา,ยะหา,รูดอนตุลจันนาตุล (บ.ตลาฆอนากอ),,,6.426237,101.097585,dra-3049
unmatched,,ยะลา,ยะหา,นูรูอูลูม  (บ.บาโง),,,6.426237,101.097585,dra-3050
unmatched,,ยะลา,ยะหา,นูรูดิน,,,6.426237,101.097585,dra-3051
unmatched,,ยะลา,ยะหา,นูลกามีละห์,,,6.426237,101.097585,dra-3052
unmatched,,ยะลา,ยะหา,ดารุสสาลาม บ้านนาโงยซิแน,,,6.426237,101.097585,dra-3053
unmatched,,ยะลา,ยะหา,นูรุฎดีน (บ้านบ่อโฮ),,,6.426237,101.097585,dra-3054
unmatched,,ยะลา,ยะหา,ดารุลญันนะห์ (บ.เจาะปูแน),,,6.426237,101.097585,dra-3055
unmatched,,ยะลา,ยะหา,นูรุลฮูดา (บ.บาโงยดูรียัน),,,6.426237,101.097585,dra-3056
unmatched,,ยะลา,ยะหา,อีบาดุรเราะห์มาน,,,6.426237,101.097585,dra-3057
unmatched,,ยะลา,ยะหา,น๊ะฮ์ฎอตูซซุบบาน,,,6.426237,101.097585,dra-3058
unmatched,,ยะลา,ยะหา,นูรนุลฮูดา,,,6.426237,101.097585,dra-3059
unmatched,,ยะลา,ยะหา,ฆีแม,,,6.426237,101.097585,dra-3060
unmatched,,ยะลา,ยะหา,กำปงตันหยง,,,6.426237,101.097585,dra-3061
unmatched,,ยะลา,ยะหา,น๊ะดาตุลอิสลามมียะห์,,,6.426237,101.097585,dra-3062
unmatched,,ยะลา,ยะหา,อัลฟัลลีห์,,,6.426237,101.097585,dra-3063
unmatched,,ยะลา,ยะหา,บ้านเตียง  นูรูลอิสลาม,,,6.426237,101.097585,dra-3064
unmatched,,ยะลา,ยะหา,มากอมูลมุตตากีม,,,6.426237,101.097585,dra-3065
unmatched,,ยะลา,ยะหา,อัลมูบาร๊อก  (บ.บาโร๊ะ),,,6.426237,101.097585,dra-3066
unmatched,,ยะลา,ยะหา,ดารุลมุตตากีน (บ.แจเว๊าะ),,,6.426237,101.097585,dra-3067
unmatched,,ยะลา,ยะหา,อะมาดียญะห์ อัลฮฺญิรีญะห์ (บ.บาโร๊ะลาแล),,,6.426237,101.097585,dra-3068
unmatched,,ยะลา,ยะหา,นูรูลฮีดายะห์,,,6.426237,101.097585,dra-3069
unmatched,,ยะลา,ยะหา,นูรุลอีมาน,,,6.426237,101.097585,dra-3070
unmatched,,ยะลา,ยะหา,ดารุสลาม,,,6.426237,101.097585,dra-3071
unmatched,,ยะลา,ยะหา,นูรุลยาบัล ฮูยงซูแง,,,6.426237,101.097585,dra-3072
unmatched,,ยะลา,ยะหา,อุซซีตักวา,,,6.426237,101.097585,dra-3073
unmatched,,ยะลา,ยะหา,นูรุลอิสลาม,,,6.426237,101.097585,dra-3074
unmatched,,ยะลา,ยะหา,ยามิสตะกูวา,,,6.426237,101.097585,dra-3075
unmatched,,ยะลา,ยะหา,ดิ่ลมูดอดีซร์,,,6.426237,101.097585,dra-3076
unmatched,,ยะลา,ยะหา,ดารุนนาอีม,,,6.426237,101.097585,dra-3077
unmatched,,ยะลา,ยะหา,ยาแมะซัยฟุดดิน (บ้านลือเน็ง),,,6.426237,101.097585,dra-3078
unmatched,,ยะลา,ยะหา,อิสลาฮูดีนีย๊ะ,,,6.426237,101.097585,dra-3079
unmatched,,ยะลา,ยะหา,ดารุลนาอีม,,,6.426237,101.097585,dra-3080
unmatched,,ยะลา,ยะหา,มาดีนาตุลอิสลามียะห์,,,6.426237,101.097585,dra-3081
unmatched,,ยะลา,ยะหา,นูรุดดิน,,,6.426237,101.097585,dra-3082
unmatched,,ยะลา,ยะหา,ซอฮีบีซาอาดะห์ (บ.ดอเลาะ),,,6.426237,101.097585,dra-3083
unmatched,,ยะลา,ยะหา,ซอร์ฟะห์ (ตะโละเว),,,6.426237,101.097585,dra-3084
unmatched,,ยะลา,ยะหา,ดารุลฮูดา,,,6.426237,101.097585,dra-3085
unmatched,,ยะลา,ยะหา,นูรุลฮีดายะห์ (บ.ทำนบ),,,6.426237,101.097585,dra-3086
unmatched,,ยะลา,ยะหา,นูรูลฮูดา (บ.มูบาปะ),,,6.426237,101.097585,dra-3087
unmatched,,ยะลา,ยะหา,ดารุลอิศลาห์ (บ.บูเกะกือจิ),,,6.426237,101.097585,dra-3088
unmatched,,ยะลา,ยะหา,คอบารุลอัลบอร์,,,6.426237,101.097585,dra-3089
unmatched,,ยะลา,ยะหา,นูรุลอีมาน,,,6.426237,101.097585,dra-3090
unmatched,,ยะลา,ยะหา,ดารุตต๊ะอ์ศีม,,,6.426237,101.097585,dra-3091
unmatched,,ยะลา,ยะหา,อิสลามียาตุลอาลีมียะห์,,,6.426237,101.097585,dra-3092
unmatched,,ยะลา,ยะหา,ดารูลหูดาร์,,,6.426237,101.097585,dra-3093
unmatched,,ยะลา,ยะหา,นะห์นาตุลซุปยัน (มิฟตาฮุลเราะห์มัต),,,6.426237,101.097585,dra-3094
unmatched,,ยะลา,ยะหา,ซอลาฮุดดินจาเราะกลาดี,,,6.426237,101.097585,dra-3095
unmatched,,ยะลา,ยะหา,นุรุลอิสลาม (บ้านสะปาเก๊ะ),,,6.426237,101.097585,dra-3096
unmatched,,ยะลา,ยะหา,นูรูอีหมาน  บาโร๊ะอีเต๊ะ,,,6.426237,101.097585,dra-3097
unmatched,,ยะลา,ยะหา,หาซานี่,,,6.426237,101.097585,dra-3098
unmatched,,ยะลา,ยะหา,หายาตุลอิสลาม,,,6.426237,101.097585,dra-3099
unmatched,,ยะลา,ยะหา,ราวฎอตุลอูลูม (บ.พงลือแบ),,,6.426237,101.097585,dra-3100
unmatched,,ยะลา,ยะหา,นูรุดดีน (บ.บือแนบาตู),,,6.426237,101.097585,dra-3101
unmatched,,ยะลา,ยะหา,นูรุลอีมาน บ้านบาโด,,,6.426237,101.097585,dra-3102
unmatched,,ยะลา,ยะหา,นูรุลอิหซาน (บ.สามแยกอาเส็น),,,6.426237,101.097585,dra-3103
unmatched,,ยะลา,ยะหา,ยามาอาตุลอิสลาม (บ.ยือเราะ),,,6.426237,101.097585,dra-3104
unmatched,,ยะลา,ยะหา,ดารุตตักวา,,,6.426237,101.097585,dra-3105
unmatched,,ยะลา,ยะหา,อัลอันซอร,,,6.426237,101.097585,dra-3106
unmatched,,ยะลา,ยะหา,บ้านซีเซะ,,,6.426237,101.097585,dra-3107
unmatched,,ยะลา,ยะหา,บ้านละแอ,,,6.426237,101.097585,dra-3108
unmatched,,ยะลา,ยะหา,บ้านกูแบรายอ (นูรูลฮูลา),,,6.426237,101.097585,dra-3109
unmatched,,ยะลา,ยะหา,นูรุดีน,,,6.426237,101.097585,dra-3110
unmatched,,ยะลา,ยะหา,ดารุลอิสละห์,,,6.426237,101.097585,dra-3111
unmatched,,ยะลา,ยะหา,นูรูลอิสลามิยะห์,,,6.426237,101.097585,dra-3112
unmatched,,ยะลา,ยะหา,มัสรอห์อาตูร์แยนนะ,,,6.426237,101.097585,dra-3113
unmatched,,ยะลา,รามัญ,นูริดฮีดายะห์,,,6.295632,101.219806,dra-3114
unmatched,,ยะลา,รามัน,บือดอง,,,6.470787,101.455694,dra-3115
unmatched,,ยะลา,รามัน,บ้านบาโงย,,,6.470787,101.455694,dra-3116
unmatched,,ยะลา,รามัน,บ้านกอดอดือระ,,,6.470787,101.455694,dra-3117
unmatched,,ยะลา,รามัน,บ้านจือแร,,,6.470787,101.455694,dra-3118
unmatched,,ยะลา,รามัน,ยาแมะบาตะตีงี,,,6.470787,101.455694,dra-3119
unmatched,,ยะลา,รามัน,มัดราสะฮ์มูฮามาติดดีน,,,6.470787,101.455694,dra-3120
unmatched,,ยะลา,รามัน,นูรุลอิห์สาน,,,6.470787,101.455694,dra-3121
unmatched,,ยะลา,รามัน,ดุลยามีอุซาฟีอี (บ้านบาลูกาฮีเล),,,6.470787,101.455694,dra-3122
unmatched,,ยะลา,รามัน,อัลมูบารัก,,,6.470787,101.455694,dra-3123
unmatched,,ยะลา,รามัน,ดารุลอามาน (บ้านพงยินือเร๊ะ),,,6.470787,101.455694,dra-3124
unmatched,,ยะลา,รามัน,ยาแมะกำปงตอลัน,,,6.470787,101.455694,dra-3125
unmatched,,ยะลา,รามัน,ดารูสสาลาม (บ้านแกแฮ),,,6.470787,101.455694,dra-3126
unmatched,,ยะลา,รามัน,ซีรอญีลฮูดา,,,6.470787,101.455694,dra-3127
unmatched,,ยะลา,รามัน,ดารุลอามัน,,,6.470787,101.455694,dra-3128
unmatched,,ยะลา,รามัน,ดารุนนาอีม (บ.พอแม็ง),,,6.470787,101.455694,dra-3129
unmatched,,ยะลา,รามัน,ดุลเร๊าะมาน,,,6.470787,101.455694,dra-3130
unmatched,,ยะลา,รามัน,ดารูลมุตตากีน,,,6.470787,101.455694,dra-3131
unmatched,,ยะลา,รามัน,นูรูลอีมาน  (บ.บาลูกาปาละห์),,,6.470787,101.455694,dra-3132
unmatched,,ยะลา,รามัน,ยามีอุลมุสลีมีน,,,6.470787,101.455694,dra-3133
unmatched,,ยะลา,รามัน,ดารุซสาลาม (บ.บันนังการัง),,,6.470787,101.455694,dra-3134
unmatched,,ยะลา,รามัน,นูรุลอิสลาม (บ.ตะโล๊ะมีแย),,,6.470787,101.455694,dra-3135
unmatched,,ยะลา,รามัน,นูรูลมะวาห์,,,6.470787,101.455694,dra-3136
unmatched,,ยะลา,รามัน,บ้านกาลอ,,,6.470787,101.455694,dra-3137
unmatched,,ยะลา,รามัน,กาลูปัง,,,6.470787,101.455694,dra-3138
unmatched,,ยะลา,รามัน,อัลฮีดายะห์ (บ้านเลสุ),,,6.470787,101.455694,dra-3139
unmatched,,ยะลา,รามัน,อัลฮามีดี,,,6.470787,101.455694,dra-3140
unmatched,,ยะลา,รามัน,บ้านบาลูกา,,,6.470787,101.455694,dra-3141
unmatched,,ยะลา,รามัน,ตัสบิฮ์  บ้านโป๊ะ,,,6.470787,101.455694,dra-3142
unmatched,,ยะลา,รามัน,ยามแมะแอเก็ง (เดิมชื่อยาแมแอแก็ง),,,6.470787,101.455694,dra-3143
unmatched,,ยะลา,รามัน,ยาแมะ,,,6.470787,101.455694,dra-3144
unmatched,,ยะลา,รามัน,ดารุลอามาน(บ้านกาโบง),,,6.470787,101.455694,dra-3145
unmatched,,ยะลา,รามัน,ดารุณอาม่าน,,,6.470787,101.455694,dra-3146
unmatched,,ยะลา,รามัน,รอตูรอฮิม,,,6.470787,101.455694,dra-3147
unmatched,,ยะลา,รามัน,อัดดีนุลอิสลาม,,,6.470787,101.455694,dra-3148
unmatched,,ยะลา,รามัน,นะห์ฎอตูลอิสลามียะห์,,,6.470787,101.455694,dra-3149
unmatched,,ยะลา,รามัน,นูรุลอิสลาม (บ.ใหม่),,,6.470787,101.455694,dra-3150
unmatched,,ยะลา,รามัน,อัลฟาตาฮ (บ้านพงยือนือไร),,,6.470787,101.455694,dra-3151
unmatched,,ยะลา,รามัน,ซาบาบีลมุสลีมีน,,,6.470787,101.455694,dra-3152
unmatched,,ยะลา,รามัน,ดารุสลาม (โกตาปารู),,,6.470787,101.455694,dra-3153
unmatched,,ยะลา,รามัน,อันมูบารุ้ค (บัดตือลง),,,6.470787,101.455694,dra-3154
unmatched,,ยะลา,รามัน,ราวฎออตุลยันนะห์,,,6.470787,101.455694,dra-3155
unmatched,,ยะลา,รามัน,นูรูลกูรอาน (บ.มะดือลงฮีเล),,,6.470787,101.455694,dra-3156
unmatched,,ยะลา,รามัน,มานารอตุลฮูดา,,,6.470787,101.455694,dra-3157
unmatched,,ยะลา,รามัน,นูรุลยากิน,,,6.470787,101.455694,dra-3158
unmatched,,ยะลา,รามัน,บ้านปุลายือนอง,,,6.470787,101.455694,dra-3159
unmatched,,ยะลา,รามัน,มูฮำมาดียะห์,,,6.470787,101.455694,dra-3160
unmatched,,ยะลา,รามัน,ยามีอาตุลอิสลาม,,,6.470787,101.455694,dra-3161
unmatched,,ยะลา,รามัน,ตาร์ซีนุลอิสลาม,,,6.470787,101.455694,dra-3162
unmatched,,ยะลา,รามัน,บายานุตตายาลี (บ.บือเจาะห์บูแม),,,6.470787,101.455694,dra-3163
unmatched,,ยะลา,รามัน,อีบาดุตตักวา  (บ.กำปงบือแน,,,6.470787,101.455694,dra-3164
unmatched,,ยะลา,รามัน,นูรูลเตาฟิก,,,6.470787,101.455694,dra-3165
unmatched,,ยะลา,รามัน,นูรูลญันนะห์(บ.บือแนสะแต),,,6.470787,101.455694,dra-3166
unmatched,,ยะลา,รามัน,ราวดอตุลยันนะห์,,,6.470787,101.455694,dra-3167
unmatched,,ยะลา,รามัน,ยาแมะ,,,6.470787,101.455694,dra-3168
unmatched,,ยะลา,รามัน,เราวฎอตุลยันนะห์  (แมเรย),,,6.470787,101.455694,dra-3169
unmatched,,ยะลา,รามัน,ซีรอฎลยันนะห์ (ดาลัมกือบง,,,6.470787,101.455694,dra-3170
unmatched,,ยะลา,รามัน,อัดตักวาย์ (บาโงสือเม็ง),,,6.470787,101.455694,dra-3171
unmatched,,ยะลา,รามัน,เตาฟีกกียะห์ (เจ๊าะปูโรง),,,6.470787,101.455694,dra-3172
unmatched,,ยะลา,รามัน,เตาเพะกีย๊ะ,,,6.470787,101.455694,dra-3173
unmatched,,ยะลา,รามัน,บ้านตะโล๊ะหะลอ,,,6.470787,101.455694,dra-3174
unmatched,,ยะลา,รามัน,บ้านบือแนกูยิ,,,6.470787,101.455694,dra-3175
unmatched,,ยะลา,รามัน,อัลอีสตีกอมะห์,,,6.470787,101.455694,dra-3176
unmatched,,ยะลา,รามัน,นาซรีลอิสลามีย์(บ.กูแบสะตู),,,6.470787,101.455694,dra-3177
unmatched,,ยะลา,รามัน,ยาแมะบาโงยกูโบ,,,6.470787,101.455694,dra-3178
unmatched,,ยะลา,รามัน,ชายออิสลาม,,,6.470787,101.455694,dra-3179
unmatched,,ยะลา,รามัน,นูรูลอิสลาม (บ้านบาโร๊ะ),,,6.470787,101.455694,dra-3180
unmatched,,ยะลา,รามัน,นูรุลฮูดา,,,6.470787,101.455694,dra-3181
unmatched,,ยะลา,รามัน,นูรุลฮูดา,,,6.470787,101.455694,dra-3182
unmatched,,ยะลา,รามัน,นูรุนอิซัน,,,6.470787,101.455694,dra-3183
unmatched,,ยะลา,รามัน,อัลอิสลามียะ,,,6.470787,101.455694,dra-3185
unmatched,,ยะลา,รามัน,อัลยามีอูลอิสลามี (บ้านคือแล),,,6.470787,101.455694,dra-3186
unmatched,,ยะลา,รามัน,บ้านเกี๊ยะ,,,6.470787,101.455694,dra-3187
unmatched,,ยะลา,รามัน,บ้านจาเนง (ดารุลฟาลาห์),,,6.470787,101.455694,dra-3188
unmatched,,ยะลา,รามัน,นูรูลนาญีฮีน,,,6.470787,101.455694,dra-3189
unmatched,,ยะลา,รามัน,ยาแมะอัลพาวาอิด(บ.โตะโนะ),,,6.470787,101.455694,dra-3190
unmatched,,ยะลา,รามัน,ดารุลตักวา,,,6.470787,101.455694,dra-3191
unmatched,,ยะลา,รามัน,นูรูลอิสลาม,,,6.470787,101.455694,dra-3192
unmatched,,ยะลา,รามัน,นูรูลฮูดา (บ้านพงยือไร),,,6.470787,101.455694,dra-3193
unmatched,,ยะลา,รามัน,อาบูบาการ์อัสสิดดีก,,,6.470787,101.455694,dra-3194
unmatched,,ยะลา,รามัน,ตักวา,,,6.470787,101.455694,dra-3195
unmatched,,ยะลา,รามัน,ดารุลนาอิม,,,6.470787,101.455694,dra-3196
unmatched,,ยะลา,รามัน,ดารุลอิสละฮ์ (บ้านบาโงยอาบู),,,6.470787,101.455694,dra-3197
unmatched,,ยะลา,รามัน,ดารุสสากีรีน (บ.ปาโละห์),,,6.470787,101.455694,dra-3198
unmatched,,ยะลา,รามัน,นูรดีนูลอิสลาม,,,6.470787,101.455694,dra-3199
unmatched,,ยะลา,รามัน,บื่อแนนากอ,,,6.470787,101.455694,dra-3200
unmatched,,ยะลา,รามัน,ดารูลฮูดาห์,,,6.470787,101.455694,dra-3201
unmatched,,ยะลา,รามัน,ดารูลมาอาดบ้านบาลอ,,,6.470787,101.455694,dra-3202
unmatched,,ยะลา,รามัน,ยันนาตุลฆูลดี,,,6.470787,101.455694,dra-3203
unmatched,,ยะลา,รามัน,นูรุลซาฮาดะห์,,,6.470787,101.455694,dra-3204
unmatched,,ยะลา,รามัน,นูรูลอีมาน,,,6.470787,101.455694,dra-3205
unmatched,,ยะลา,รามัน,นูรุลอิห์ซานบือมัง,,,6.470787,101.455694,dra-3206
unmatched,,ยะลา,รามัน,ยาแมะบาแหร์,,,6.470787,101.455694,dra-3207
unmatched,,ยะลา,รามัน,ดีนฮูดา,,,6.470787,101.455694,dra-3208
unmatched,,ยะลา,รามัน,ยุมอียะตุลซาบาบูลอิสลามียะ,,,6.470787,101.455694,dra-3209
unmatched,,ยะลา,รามัน,นูรูลอีมาน,,,6.470787,101.455694,dra-3210
unmatched,,ยะลา,รามัน,ดารุสลาม,,,6.470787,101.455694,dra-3211
unmatched,,ยะลา,รามัน,นูรุดดีนอิสลามียะห์ (ลูโบ๊ะบือใน),,,6.470787,101.455694,dra-3212
unmatched,,ยะลา,รามัน,อัลอิสลามีย๊ะ (บ.บาโงยกามูติง),,,6.470787,101.455694,dra-3213
unmatched,,ยะลา,รามัน,ดารุลฮีดายะห์ (ทาเนาะปือเราะ),,,6.470787,101.455694,dra-3214
unmatched,,ยะลา,รามัน,ยาแมะตีบุห์,,,6.470787,101.455694,dra-3215
unmatched,,ยะลา,รามัน,บ้านบาโงตือมุ๊,,,6.470787,101.455694,dra-3216
unmatched,,ยะลา,รามัน,ดารุนนาอีม,,,6.470787,101.455694,dra-3217
unmatched,,ยะลา,รามัน,ดิลคอยรียะห์ โต๊ะมาโดะ,,,6.470787,101.455694,dra-3218
unmatched,,ยะลา,รามัน,นูรุลอิห์ซาน (บ.โตะแยะห์),,,6.470787,101.455694,dra-3219
unmatched,,ยะลา,รามัน,อัล  ฟุรกอน (ฟุรกอน บ.บือแนชือมิ),,,6.470787,101.455694,dra-3220
unmatched,,ยะลา,รามัน,ซีอารุดดีน,,,6.470787,101.455694,dra-3221
unmatched,,ยะลา,รามัน,อัลฮีดายะห์,,,6.470787,101.455694,dra-3222
unmatched,,ยะลา,รามัน,อัลฮูรียะห์,,,6.470787,101.455694,dra-3223
unmatched,,ยะลา,รามัน,ดารุลซาอาดะห์,,,6.470787,101.455694,dra-3224
unmatched,,ยะลา,รามัน,บ้านไม้แก่น,,,6.470787,101.455694,dra-3225
unmatched,,ยะลา,รามัน,บ้านบากาสาแม,,,6.470787,101.455694,dra-3226
unmatched,,ยะลา,รามัน,นูรูอีบาดียะห์ (บ้านบาโงบองอ),,,6.470787,101.455694,dra-3227
unmatched,,ยะลา,รามัน,บ้านตาลาแน,,,6.470787,101.455694,dra-3228
unmatched,,ยะลา,รามัน,โต๊ะปาแก๊ะ,,,6.470787,101.455694,dra-3229
unmatched,,ยะลา,รามัน,อัลฟัลลาฮูลอามีลีน,,,6.470787,101.455694,dra-3230
unmatched,,ยะลา,รามัน,สะอารุดิน  บ้านอูเปาะ,,,6.470787,101.455694,dra-3231
unmatched,,ยะลา,รามัน,ยาแมะบูเกะจือฆา,,,6.470787,101.455694,dra-3232
unmatched,,ยะลา,รามัน,ดารุลฮูดา,,,6.470787,101.455694,dra-3233
unmatched,,ยะลา,รามัน,นูรุลตักวา (กาเยาะมาตี),,,6.470787,101.455694,dra-3234
unmatched,,ยะลา,รามัน,นูรูลยากีน,,,6.470787,101.455694,dra-3235
unmatched,,ยะลา,รามัน,ดารุลนาอีม,,,6.470787,101.455694,dra-3236
unmatched,,ยะลา,รามัน,บ้านกำปงสะโต,,,6.470787,101.455694,dra-3237
unmatched,,ยะลา,รามัน,บ้านกะเมง,,,6.470787,101.455694,dra-3238
unmatched,,ยะลา,รามัน,นูรูลอิสลามมียะ,,,6.470787,101.455694,dra-3239
unmatched,,ยะลา,รามัน,สมัคคีอิสลาม (บ้านตะโละสดาร์),,,6.470787,101.455694,dra-3240
unmatched,,ยะลา,รามัน,บาโงย,,,6.470787,101.455694,dra-3241
unmatched,,ยะลา,รามัน,นูรูลอิสลามมียะห์,,,6.470787,101.455694,dra-3242
unmatched,,ยะลา,รามัน,อัสนัสรี (กำปงปูเกาะ),,,6.470787,101.455694,dra-3243
unmatched,,ยะลา,รามัน,อุสซีซาอาลาตตักวา (บ.เจาะลีมะ),,,6.470787,101.455694,dra-3244
unmatched,,ยะลา,รามัน,นูรุตเตาเฟกร์ (บ.กาเม็งฮีเล),,,6.470787,101.455694,dra-3245
unmatched,,ยะลา,รามัน,ดารุลอามาน,,,6.470787,101.455694,dra-3246
unmatched,,ระนอง,กะเปอร์,มูห้ำมาดีย๊ะห์,,,9.580741,98.61477,dra-3249
unmatched,,ระนอง,กะเปอร์,นูรุลยันน๊ะห์,,,9.580741,98.61477,dra-3250
unmatched,,ระนอง,กะเปอร์,ม่อห่ำมาดูร,,,9.580741,98.61477,dra-3251
unmatched,,ระนอง,กะเปอร์,ซีลาฮุดดีน,,,9.580741,98.61477,dra-3252
unmatched,,ระนอง,กะเปอร์,นูรุดดีน,,,9.580741,98.61477,dra-3253
unmatched,,ระนอง,กะเปอร์,บางเบน  (กอม่ารียะห์),,,9.580741,98.61477,dra-3254
unmatched,,ระนอง,กะเปอร์,เราะห์ม๊ะห์,,,9.580741,98.61477,dra-3255
unmatched,,ระนอง,กะเปอร์,เอียะสาน,,,9.580741,98.61477,dra-3256
unmatched,,ระนอง,เมือง,อัรริดวาน (เดิมชื่ออะเรอดวน),,,9.899541,98.568233,dra-3257
unmatched,,ระนอง,เมือง,อัลนูร,,,9.899541,98.568233,dra-3258
unmatched,,ระนอง,เมือง,ญันนาตุนนาอีม,,,9.899541,98.568233,dra-3259
unmatched,,ระนอง,เมือง,อุบูดียะห์,,,9.899541,98.568233,dra-3260
unmatched,,ระนอง,เมือง,อิสลาพียะห์,,,9.899541,98.568233,dra-3261
unmatched,,ระนอง,เมือง,อัลฟุรกอน,,,9.899541,98.568233,dra-3262
unmatched,,ระนอง,เมือง,นูรุ่ลอีหม่าม (เดิมชื่อนู้ร่นอีหม่าม),,,9.899541,98.568233,dra-3263
unmatched,,ระนอง,เมือง,ดะวะฮ์ตุ้ลมุสลีมีน (เดิมชื่อดะว้าตุลมุสลีมีน),,,9.899541,98.568233,dra-3264
unmatched,,ระนอง,เมือง,ดารุลมุตตากีน (บ้านขจัดภัย),,,9.899541,98.568233,dra-3265
unmatched,,ระนอง,เมือง,อัลฟาอีดีน,,,9.899541,98.568233,dra-3266
unmatched,,ระนอง,เมือง,ดารูลญันน๊ะฮ์,,,9.899541,98.568233,dra-3267
unmatched,,ระนอง,เมือง,อัลวาริสซุนนะฮ์,,,9.899541,98.568233,dra-3268
unmatched,,ระนอง,สุขสำราญ,อัตเตาฟีกีย๊ะห์ (เดิมชื่ออัตเต่าฟีกีย๊าห์),,,9.438114,98.503835,dra-3269
unmatched,,ระนอง,สุขสำราญ,เราฎอตุลยันนะฮ์,,,9.438114,98.503835,dra-3270
unmatched,,ระนอง,สุขสำราญ,กามาลุดดีน,,,9.438114,98.503835,dra-3271
unmatched,,ระนอง,สุขสำราญ,นูรุลบะฮ์รี,,,9.438114,98.503835,dra-3272
unmatched,,ระนอง,สุขสำราญ,ดารุลเตาฟิก,,,9.438114,98.503835,dra-3273
unmatched,,ระนอง,สุขสำราญ,นูรุลฮีดายะห์,,,9.438114,98.503835,dra-3274
unmatched,,ระนอง,สุขสำราญ,มิสบาฮุดดีน,,,9.438114,98.503835,dra-3275
unmatched,,ระนอง,สุขสำราญ,ซอลาฮุดดีน (เดิมชื่อซ่อล้าฮุดดิน),,,9.438114,98.503835,dra-3276
unmatched,,ระนอง,สุขสำราญ,มีนันยันนะห์,,,9.438114,98.503835,dra-3277
unmatched,,ระนอง,สุขสำราญ,อัลอีหม่าม,,,9.438114,98.503835,dra-3278
unmatched,,ระนอง,สุขสำราญ,มิฟตาฮุนญันนะห์,,,9.438114,98.503835,dra-3279
unmatched,,ระนอง,สุขสำราญ,นูรุ้ลอิสลาม,,,9.438114,98.503835,dra-3280
unmatched,,ระยอง,แกลง,นูรุ้ลยากีน,,,12.768209,101.667034,dra-3281
unmatched,,ระยอง,บ้านค่าย,นุรุดดิน,,,12.833141,101.350483,dra-3282
unmatched,,ระยอง,บ้านฉาง,ดะวะห์ติ้ลอิสลาม,,,12.737979,101.0454,dra-3283
unmatched,,ระยอง,เมือง,ลาตีฟุ๊ตดีน,,,12.691366,101.308009,dra-3284
unmatched,,ระยอง,เมือง,นูรุ้ลอิสลาม,,,12.691366,101.308009,dra-3285
unmatched,,ระยอง,เมือง,นูรุ้ลอิบาดะห์ (บ้านเกาะลอย),,,12.691366,101.308009,dra-3286
unmatched,,ระยอง,เมือง,มิสบาฮู้ลอิสลาม,,,12.691366,101.308009,dra-3287
unmatched,,ระยอง,เมือง,นูรุ้ลฮิดายะห์,,,12.691366,101.308009,dra-3288
unmatched,,ระยอง,เมือง,ญามีอุ้ลมุบตาดี,,,12.691366,101.308009,dra-3289
unmatched,,ระยอง,เมือง,อิมาดุดดีน,,,12.691366,101.308009,dra-3290
unmatched,,ระยอง,วังจันทร์,นูรุ้ลฮูดา (บ้านเขาหวาย),,,12.970166,101.498456,dra-3291
unmatched,,ราชบุรี,บ้านโป่ง,บ้านโป่ง,,,13.852448,99.794793,dra-3292
unmatched,,ราชบุรี,โพธาราม,ส้ะมีย์อุ้ลฮักก์,,,13.700762,99.742842,dra-3293
unmatched,,ราชบุรี,โพธาราม,อัลมาดานี,,,13.700762,99.742842,dra-3294
unmatched,,ราชบุรี,เมือง,มันบะอิ๊ลคอยร๊อต,,,13.544587,99.748412,dra-3295
unmatched,,ร้อยเอ็ด,เมือง,มัมบะอุลฮิดายะห์,,,16.013655,103.59377,dra-3247
unmatched,,ร้อยเอ็ด,เสลภูมิ,กลาง,,,16.012529,104.011674,dra-3248
unmatched,,ลพบุรี,ชัยบาดาล,ดารุสลาม,,,15.20158,101.133237,dra-3296
unmatched,,ลพบุรี,ชัยบาดาล,นูรุ้ลเลาะห์,,,15.20158,101.133237,dra-3297
unmatched,,ลพบุรี,พัฒนานิคม,ดารุ้ลมุตตากีน,,,14.899729,101.078898,dra-3298
unmatched,,ลพบุรี,เมือง,นู้รุ้ลฮายีรีน (กลาง),,,14.806268,100.70358,dra-3299
unmatched,,ลพบุรี,เมือง,ดารุ้ลอามาน๊ะฮ์,,,14.806268,100.70358,dra-3300
unmatched,,ลำปาง,เมือง,มุฮาญีรีนวั้ลอัลศอร,,,18.380852,99.503026,dra-3301
unmatched,,ลำปาง,เมือง,อัล  อิคลาส,,,18.315953,99.453258,dra-3302
unmatched,,ลำปาง,เมือง,ฮารุนดารุสลาม,,,18.315953,99.453258,dra-3303
unmatched,,ลำพูน,เมือง,อัล อันซอรี,,,18.551345,99.078678,dra-3305
unmatched,,ศรีสะเกษ,วังหิน,วะฮ์ดานียะฮ์,,,14.96864,104.208078,dra-3307
unmatched,,สกลนคร,เมือง,นูรุลอิสลาม,,,17.167019,104.13419,dra-3308
unmatched,,สงขลา,คลองหอยโข่ง,ยาบัลเราะฮ์มะห์ (บ้านควนกบ),,,6.858979,100.337086,dra-3309
unmatched,,สงขลา,ควนเนียง,บ้านปากบางภูมี,,,7.193485,100.389472,dra-3310
unmatched,,สงขลา,ควนเนียง,คอนเหรียง,,,7.193485,100.389472,dra-3311
unmatched,,สงขลา,ควนเนียง,คลองป่าลาม,,,7.193485,100.389472,dra-3312
unmatched,,สงขลา,ควนเนียง,หัวไทร,,,7.193485,100.389472,dra-3313
unmatched,,สงขลา,ควนเนียง,บ้านป่า,,,7.193485,100.389472,dra-3314
unmatched,,สงขลา,ควนเนียง,ดารุลอ่าหมาน,,,7.193485,100.389472,dra-3315
unmatched,,สงขลา,ควนเนียง,ดารุลเอี๊ยะซาน,,,7.193485,100.389472,dra-3316
unmatched,,สงขลา,จะนะ,บ้านโอน,,,6.919298,100.706057,dra-3317
unmatched,,สงขลา,จะนะ,บ้านป่าระไม,,,6.919298,100.706057,dra-3318
unmatched,,สงขลา,จะนะ,หัวทิ่ง,,,6.919298,100.706057,dra-3319
unmatched,,สงขลา,จะนะ,บ้านป่าหว้า,,,6.919298,100.706057,dra-3320
unmatched,,สงขลา,จะนะ,มูหัมมาดียะห์ (บ้านโพรงจรเข้),,,6.919298,100.706057,dra-3321
unmatched,,สงขลา,จะนะ,บ้านป่าขวาง,,,6.919298,100.706057,dra-3322
unmatched,,สงขลา,จะนะ,ควนหัวช้าง,,,6.919298,100.706057,dra-3323
unmatched,,สงขลา,จะนะ,ปลักพ้อ,,,6.919298,100.706057,dra-3324
unmatched,,สงขลา,จะนะ,บ้านทุ่ง,,,6.919298,100.706057,dra-3325
unmatched,,สงขลา,จะนะ,คูประดู่,,,6.919298,100.706057,dra-3326
unmatched,,สงขลา,จะนะ,บ้านนายำ,,,6.919298,100.706057,dra-3327
unmatched,,สงขลา,จะนะ,เร๊าะหม๊ะ  (บ้านพ้อแดง),,,6.919298,100.706057,dra-3328
unmatched,,สงขลา,จะนะ,มะวาย์บ้านแค,,,6.919298,100.706057,dra-3329
unmatched,,สงขลา,จะนะ,กาม่าลีหย๊ะ,,,6.919298,100.706057,dra-3330
unmatched,,สงขลา,จะนะ,ตัรกียะฮ์  (บ้านทุ่งครก),,,6.919298,100.706057,dra-3331
unmatched,,สงขลา,จะนะ,บุสตานุดดีน (มุสตาบุดดีน),,,6.919298,100.706057,dra-3332
unmatched,,สงขลา,จะนะ,บ้านเขาจันทร์,,,6.919298,100.706057,dra-3333
unmatched,,สงขลา,จะนะ,เราดอตุลยัลนะห์ (บ้านต้นชะเมา),,,6.919298,100.706057,dra-3334
unmatched,,สงขลา,จะนะ,บ้านตลิ่งชัน,,,6.919298,100.706057,dra-3335
unmatched,,สงขลา,จะนะ,บ้านนนท์,,,6.919298,100.706057,dra-3336
unmatched,,สงขลา,จะนะ,ตัสดีกียะห์,,,6.919298,100.706057,dra-3337
unmatched,,สงขลา,จะนะ,สุบบุ้น,,,6.919298,100.706057,dra-3338
unmatched,,สงขลา,จะนะ,ฮีดายาตุสสาลีกีน (บ้านโคกยูง),,,6.919298,100.706057,dra-3339
unmatched,,สงขลา,จะนะ,นูรุลนูยูม (บ้านนาสวน),,,6.919298,100.706057,dra-3340
unmatched,,สงขลา,จะนะ,ดารูลอีมาน  (บ้านป่าเส),,,6.919298,100.706057,dra-3341
unmatched,,สงขลา,จะนะ,บ้านสะพานระหัด,,,6.919298,100.706057,dra-3342
unmatched,,สงขลา,จะนะ,ท่าหมอไทร,,,6.919298,100.706057,dra-3343
unmatched,,สงขลา,จะนะ,บ้านแพร้ว,,,6.919298,100.706057,dra-3344
unmatched,,สงขลา,จะนะ,นูรุลกอมารี  (วังหาร),,,6.919298,100.706057,dra-3345
unmatched,,สงขลา,จะนะ,บ้านเกาะฆ้อ,,,6.919298,100.706057,dra-3346
unmatched,,สงขลา,จะนะ,ฮายาตุดดีน (บ้านเคียนด้วน),,,6.919298,100.706057,dra-3347
unmatched,,สงขลา,จะนะ,ยามีอาตุ้ลอิสลามียะห์ (บ้านปลักโลด),,,6.919298,100.706057,dra-3348
unmatched,,สงขลา,จะนะ,สามัคคีธรรม (บ้านทุ่งเจ),,,6.919298,100.706057,dra-3349
unmatched,,สงขลา,จะนะ,บ้านคูนาทับ,,,6.919298,100.706057,dra-3350
unmatched,,สงขลา,จะนะ,ละออสามัคคี,,,6.919298,100.706057,dra-3351
unmatched,,สงขลา,จะนะ,บ้านม้างอน,,,6.919298,100.706057,dra-3352
unmatched,,สงขลา,จะนะ,บ้านคลองทิง,,,6.919298,100.706057,dra-3353
unmatched,,สงขลา,จะนะ,เชิญชุม (ค็อยรุลอัลวาร์),,,6.919298,100.706057,dra-3354
unmatched,,สงขลา,จะนะ,ประสานสามัคคี,,,6.919298,100.706057,dra-3355
unmatched,,สงขลา,จะนะ,ไกอยู่หมุดดีน,,,6.919298,100.706057,dra-3356
unmatched,,สงขลา,จะนะ,บ้านคลองข่า,,,6.919298,100.706057,dra-3357
unmatched,,สงขลา,จะนะ,บ้านปีก,,,6.919298,100.706057,dra-3358
unmatched,,สงขลา,จะนะ,ดารุสลาม,,,6.919298,100.706057,dra-3359
unmatched,,สงขลา,จะนะ,ประชาสรรค์  (บ้านสวนกง),,,6.919298,100.706057,dra-3360
unmatched,,สงขลา,จะนะ,บ้านโคกแพะ,,,6.919298,100.706057,dra-3361
unmatched,,สงขลา,จะนะ,อัลมูเนาวาเร๊าะฮ์ (บ้านทำนบ),,,6.919298,100.706057,dra-3362
unmatched,,สงขลา,จะนะ,บ้านนาใน,,,6.919298,100.706057,dra-3363
unmatched,,สงขลา,จะนะ,ยาแมะ,,,6.919298,100.706057,dra-3364
unmatched,,สงขลา,จะนะ,นูรุลอิสลาม,,,6.919298,100.706057,dra-3365
unmatched,,สงขลา,จะนะ,นูรุลอิห์ซาน,,,6.919298,100.706057,dra-3366
unmatched,,สงขลา,จะนะ,บ้านคูย่างควาย,,,6.919298,100.706057,dra-3367
unmatched,,สงขลา,จะนะ,นูรุลอีมาน (บ้านโคกค็ต),,,6.919298,100.706057,dra-3368
unmatched,,สงขลา,จะนะ,น้ำเค็ม,,,6.919298,100.706057,dra-3369
unmatched,,สงขลา,จะนะ,นูรุดดีน,,,6.919298,100.706057,dra-3370
unmatched,,สงขลา,จะนะ,ส่อลิหุดดีน,,,6.919298,100.706057,dra-3371
unmatched,,สงขลา,จะนะ,บ้านโคกม้า,,,6.919298,100.706057,dra-3372
unmatched,,สงขลา,จะนะ,บ้านลางา,,,6.919298,100.706057,dra-3373
unmatched,,สงขลา,จะนะ,มูฮายีรีน,,,6.919298,100.706057,dra-3374
unmatched,,สงขลา,จะนะ,บ๊ะรุดดีน,,,6.919298,100.706057,dra-3375
unmatched,,สงขลา,จะนะ,เราฎอตุ้ลยันนะฮ์ (บ้านนาออก),,,6.919298,100.706057,dra-3376
unmatched,,สงขลา,จะนะ,ดารุลอามาน,,,6.919298,100.706057,dra-3377
unmatched,,สงขลา,จะนะ,กีญามุดดีน (บ้านหัวดินใต้),,,6.919298,100.706057,dra-3378
unmatched,,สงขลา,จะนะ,ดารนบาหาร์สะบารังตัฟเร๊าะ,,,6.919298,100.706057,dra-3379
unmatched,,สงขลา,จะนะ,นูรุนฮูดา,,,6.919298,100.706057,dra-3380
unmatched,,สงขลา,จะนะ,นูรุ้ลมูหัมมาดย๊ะ,,,6.919298,100.706057,dra-3381
unmatched,,สงขลา,จะนะ,บ้านเลียบ,,,6.919298,100.706057,dra-3382
unmatched,,สงขลา,จะนะ,สะกอม,,,6.919298,100.706057,dra-3383
unmatched,,สงขลา,จะนะ,สอลาหุดดีน,,,6.919298,100.706057,dra-3384
unmatched,,สงขลา,จะนะ,บ้านบ่อโชน,,,6.919298,100.706057,dra-3385
unmatched,,สงขลา,จะนะ,มัจญ์มูอิตตอลีบิน,,,6.919298,100.706057,dra-3386
unmatched,,สงขลา,จะนะ,บ้านโคกสัก,,,6.919298,100.706057,dra-3387
unmatched,,สงขลา,จะนะ,ท่าล้อ,,,6.919298,100.706057,dra-3388
unmatched,,สงขลา,จะนะ,บ้านทรายขาว,,,6.919298,100.706057,dra-3389
unmatched,,สงขลา,จะนะ,นูรุลยันนะห์,,,6.919298,100.706057,dra-3390
unmatched,,สงขลา,จะนะ,ดารุลสลาม (บ้านนาบ้านไร่),,,6.919298,100.706057,dra-3391
unmatched,,สงขลา,เทพา,นูรุดดีน,,,6.797068,100.929867,dra-3392
unmatched,,สงขลา,เทพา,บัฮฮียุดดีน(บ้านนาจวก),,,6.797068,100.929867,dra-3393
unmatched,,สงขลา,เทพา,บ้านท่าม่วง,,,6.797068,100.929867,dra-3394
unmatched,,สงขลา,เทพา,กระอาน,,,6.797068,100.929867,dra-3395
unmatched,,สงขลา,เทพา,จะลาลุดดีน (ควนตอหรอหนอ),,,6.797068,100.929867,dra-3396
unmatched,,สงขลา,เทพา,ทุ่งกาคุง (บ้านทุ่งโดน),,,6.797068,100.929867,dra-3397
unmatched,,สงขลา,เทพา,ตาแปด,,,6.797068,100.929867,dra-3398
unmatched,,สงขลา,เทพา,นิคมสร้างตนเอง,,,6.797068,100.929867,dra-3399
unmatched,,สงขลา,เทพา,ฮีดายาตลอิสลาม,,,6.797068,100.929867,dra-3400
unmatched,,สงขลา,เทพา,ดารุนอิสลาม,,,6.797068,100.929867,dra-3401
unmatched,,สงขลา,เทพา,นูรุลอิสลาม (ต้นจำปาดะ),,,6.797068,100.929867,dra-3402
unmatched,,สงขลา,เทพา,บ้านป่าแก,,,6.797068,100.929867,dra-3403
unmatched,,สงขลา,เทพา,หนองสาย,,,6.797068,100.929867,dra-3404
unmatched,,สงขลา,เทพา,ดารุดดีนียะ,,,6.797068,100.929867,dra-3405
unmatched,,สงขลา,เทพา,วาดียุดดีน (จะเราะบีสู),,,6.797068,100.929867,dra-3406
unmatched,,สงขลา,เทพา,นูรุลอิฮซาน,,,6.797068,100.929867,dra-3407
unmatched,,สงขลา,เทพา,อีบาดาตุลมุจญะตาฮีดีน,,,6.797068,100.929867,dra-3408
unmatched,,สงขลา,เทพา,บ้านที่อ้อย,,,6.797068,100.929867,dra-3409
unmatched,,สงขลา,เทพา,เราฎอตุลญันนะห์,,,6.797068,100.929867,dra-3410
unmatched,,สงขลา,เทพา,นูรุดดีน,,,6.797068,100.929867,dra-3411
unmatched,,สงขลา,เทพา,ริยาฎุลอูลูม,,,6.797068,100.929867,dra-3412
unmatched,,สงขลา,เทพา,ดารุลมะมูร,,,6.797068,100.929867,dra-3413
unmatched,,สงขลา,เทพา,นูรุลอิห์ซาน (บ้านถนนพาด),,,6.797068,100.929867,dra-3414
unmatched,,สงขลา,เทพา,บ้านนาเกาะ,,,6.797068,100.929867,dra-3415
unmatched,,สงขลา,เทพา,ฟูหล่าหลนนาอีม,,,6.797068,100.929867,dra-3416
unmatched,,สงขลา,เทพา,ดารุสสลาม สถานีเทพา,,,6.797068,100.929867,dra-3417
unmatched,,สงขลา,เทพา,นิหม่ง (ป่าโอน),,,6.797068,100.929867,dra-3418
unmatched,,สงขลา,เทพา,ดารุลญันนะฮ์ บ้านพระพุทธ,,,6.797068,100.929867,dra-3419
unmatched,,สงขลา,เทพา,เกาะครก,,,6.797068,100.929867,dra-3420
unmatched,,สงขลา,เทพา,ดารุนมุสตากีน,,,6.797068,100.929867,dra-3421
unmatched,,สงขลา,เทพา,บ้านป่ากอ,,,6.797068,100.929867,dra-3422
unmatched,,สงขลา,เทพา,ยามีดลนาอีม,,,6.797068,100.929867,dra-3423
unmatched,,สงขลา,เทพา,อามาลนเอียะซาน (ปากทุ่ง),,,6.797068,100.929867,dra-3424
unmatched,,สงขลา,เทพา,ยามีอิตตักวา,,,6.797068,100.929867,dra-3425
unmatched,,สงขลา,เทพา,นูรุลฮีดายะห์,,,6.797068,100.929867,dra-3426
unmatched,,สงขลา,เทพา,มูฮัมมาดียะห์ (บ้านป่าไผ่),,,6.797068,100.929867,dra-3427
unmatched,,สงขลา,เทพา,รียาฎอตุสซอลีฮีน,,,6.797068,100.929867,dra-3428
unmatched,,สงขลา,เทพา,บาบูนิมัติ  (บ้านท่าดี),,,6.797068,100.929867,dra-3429
unmatched,,สงขลา,เทพา,นูรุลฮีดายะห์,,,6.797068,100.929867,dra-3430
unmatched,,สงขลา,เทพา,ปู่เหลาหลู่นั่ง,,,6.797068,100.929867,dra-3431
unmatched,,สงขลา,เทพา,บิรุ้ลรอฮ์มะฮ์ (บ่อเตย),,,6.797068,100.929867,dra-3432
unmatched,,สงขลา,เทพา,ตู่หยั่ง  (อิสมาลียะ),,,6.797068,100.929867,dra-3433
unmatched,,สงขลา,เทพา,นูรุนอิสลาม,,,6.797068,100.929867,dra-3434
unmatched,,สงขลา,เทพา,มุตมาเอ็นน๊ะ,,,6.797068,100.929867,dra-3435
unmatched,,สงขลา,เทพา,บ้านคลองควาย,,,6.797068,100.929867,dra-3436
unmatched,,สงขลา,เทพา,บ้านคลองขุด,,,6.797068,100.929867,dra-3437
unmatched,,สงขลา,เทพา,ควนตีหมุน,,,6.797068,100.929867,dra-3438
unmatched,,สงขลา,เทพา,โคกสัก,,,6.797068,100.929867,dra-3439
unmatched,,สงขลา,เทพา,มูฮำมาดียะห์,,,6.797068,100.929867,dra-3440
unmatched,,สงขลา,เทพา,ตักวาอัลเลาะห์,,,6.797068,100.929867,dra-3441
unmatched,,สงขลา,เทพา,บ้านลำไพล,,,6.797068,100.929867,dra-3442
unmatched,,สงขลา,เทพา,บ่าโร๊ะสิตี,,,6.797068,100.929867,dra-3443
unmatched,,สงขลา,เทพา,นูรุลมุตตากีน (ลำเปา),,,6.797068,100.929867,dra-3444
unmatched,,สงขลา,เทพา,อิกอมะตีสสุนนะฮ์,,,6.797068,100.929867,dra-3445
unmatched,,สงขลา,เทพา,นูรุดดีนียะห์ (เดิมชื่อนูรลตียะฮ์),,,6.797068,100.929867,dra-3446
unmatched,,สงขลา,เทพา,บ้านควนติหลุด (ยาบาลุลฮูดา),,,6.797068,100.929867,dra-3447
unmatched,,สงขลา,เทพา,ยาแมะตักวาอัลเลาะ,,,6.797068,100.929867,dra-3448
unmatched,,สงขลา,เทพา,นูรลอิบาดัตอัลเลาะ,,,6.797068,100.929867,dra-3449
unmatched,,สงขลา,เทพา,นูรุลอีมาน(บ้านพรุบัว),,,6.797068,100.929867,dra-3450
unmatched,,สงขลา,เทพา,นูรุลอิสลาม,,,6.797068,100.929867,dra-3451
unmatched,,สงขลา,เทพา,กอมารุลญันนะห์  (บ้านลานช้าง),,,6.797068,100.929867,dra-3452
unmatched,,สงขลา,เทพา,นูรุลฮีดาย๊ะห์ (บ้านท่ายี),,,6.797068,100.929867,dra-3453
unmatched,,สงขลา,เทพา,นูรุดดีน,,,6.797068,100.929867,dra-3454
unmatched,,สงขลา,เทพา,บ้านหวัน,,,6.797068,100.929867,dra-3455
unmatched,,สงขลา,เทพา,ตักญีตุลอามิดิน,,,6.797068,100.929867,dra-3456
unmatched,,สงขลา,เทพา,มุสตากีน,,,6.797068,100.929867,dra-3457
unmatched,,สงขลา,เทพา,บ้านพรุหลุมพี,,,6.797068,100.929867,dra-3458
unmatched,,สงขลา,เทพา,ฮีดายาตุนอิสลามียะฮ์,,,6.797068,100.929867,dra-3459
unmatched,,สงขลา,เทพา,ส่วนรวมสามัคคี,,,6.797068,100.929867,dra-3460
unmatched,,สงขลา,นาทวี,บ้านคลองบอน,,,6.620698,100.688173,dra-3461
unmatched,,สงขลา,นาทวี,อีบาดุลเราะห์มาน (บ้านสองแพรก),,,6.620698,100.688173,dra-3462
unmatched,,สงขลา,นาทวี,บ้านเขานา,,,6.620698,100.688173,dra-3463
unmatched,,สงขลา,นาทวี,บ้านปลักผอม,,,6.620698,100.688173,dra-3464
unmatched,,สงขลา,นาทวี,ดารุลโอรูป,,,6.620698,100.688173,dra-3465
unmatched,,สงขลา,นาทวี,นูรุลเอี๊ยะซาน,,,6.620698,100.688173,dra-3466
unmatched,,สงขลา,นาทวี,บ้านทุ่งดุก,,,6.620698,100.688173,dra-3467
unmatched,,สงขลา,นาทวี,มูฮายีรีน  บ้านดังหมูใต้,,,6.620698,100.688173,dra-3468
unmatched,,สงขลา,นาทวี,พลีใต้,,,6.620698,100.688173,dra-3469
unmatched,,สงขลา,นาทวี,บ้านโพรงจรเข้,,,6.620698,100.688173,dra-3470
unmatched,,สงขลา,นาทวี,บ้านซอง,,,6.620698,100.688173,dra-3471
unmatched,,สงขลา,นาทวี,บ้านพลีเหนือ (ซ้ำกับมัสยิดเลขที่ 393),,,6.620698,100.688173,dra-3472
unmatched,,สงขลา,นาทวี,ดารุตตักวา (ป่าขี้เหล็ก),,,6.620698,100.688173,dra-3473
unmatched,,สงขลา,นาทวี,ดารุสสลาม,,,6.620698,100.688173,dra-3474
unmatched,,สงขลา,นาทวี,อัซสากีรีน (บ้านคลองทุเรียน),,,6.620698,100.688173,dra-3475
unmatched,,สงขลา,นาทวี,ดารุลอามาน  (บ้านคลองพล),,,6.620698,100.688173,dra-3476
unmatched,,สงขลา,นาทวี,มูฮำมาดียะห์ (บ้านพลีเหนือ),,,6.620698,100.688173,dra-3477
unmatched,,สงขลา,นาทวี,บ้านทุ่งแหล (ดารุลอีบาดะห์),,,6.620698,100.688173,dra-3478
unmatched,,สงขลา,นาทวี,บ้านโหม่ย,,,6.620698,100.688173,dra-3479
review,80,สงขลา,นาทวี,บ้านประกอบ,มัสยิดบ้านประกอบตก,way/1552483754,6.495069,100.689399,dra-3480
unmatched,,สงขลา,นาทวี,บ้านโครง,,,6.620698,100.688173,dra-3481
unmatched,,สงขลา,นาทวี,บ้านประกอบออก,,,6.620698,100.688173,dra-3482
unmatched,,สงขลา,นาทวี,พรุหวา,,,6.620698,100.688173,dra-3483
unmatched,,สงขลา,นาทวี,ดารุลฮิจเราะฮ์  (บ้านบ่อหมาก),,,6.620698,100.688173,dra-3484
unmatched,,สงขลา,นาทวี,นูรุลอีควะห์ (บ้านหนำนา),,,6.620698,100.688173,dra-3485
unmatched,,สงขลา,นาทวี,บ้านใหม่,,,6.620698,100.688173,dra-3486
unmatched,,สงขลา,นาทวี,บ้านหมอคง,,,6.620698,100.688173,dra-3487
unmatched,,สงขลา,นาทวี,นูรุลฮีดายะห์ (บ้านสม๊อง),,,6.620698,100.688173,dra-3488
unmatched,,สงขลา,บางกล่ำ,สุเหร่าใหญ่ บ้านสุเหร่า,,,7.089534,100.392081,dra-3489
unmatched,,สงขลา,บางกล่ำ,ยำอียาตุลอิสลามียะห์,,,7.089534,100.392081,dra-3490
unmatched,,สงขลา,บางกล่ำ,บ้านหนองขวน,,,7.089534,100.392081,dra-3491
unmatched,,สงขลา,บางกล่ำ,หัวสะพาน,,,7.089534,100.392081,dra-3492
unmatched,,สงขลา,บางกล่ำ,บ้านดินลาน,,,7.089534,100.392081,dra-3493
unmatched,,สงขลา,บางกล่ำ,นูรุลอิสลาม  (หนองจูด),,,7.089534,100.392081,dra-3494
unmatched,,สงขลา,บางกล่ำ,ฮีดายะตุลอิสลาม,,,7.089534,100.392081,dra-3495
unmatched,,สงขลา,บางกล่ำ,ดารุลเอียะซาน (บ้านใหม่),,,7.089534,100.392081,dra-3496
unmatched,,สงขลา,บางกล่ำ,นูรุลฮีดาย๊ะฮ์,,,7.089534,100.392081,dra-3497
unmatched,,สงขลา,บางกล่ำ,ซอลาฮุดดีน (คลอง ร.1 บ้านคลองวาด),,,7.089534,100.392081,dra-3498
unmatched,,สงขลา,บางกล่ำ,มิฟตาฮุลญันนะฮ์ (แปดเลน),,,7.089534,100.392081,dra-3499
unmatched,,สงขลา,บางกล่ำ,บ้านหาร,,,7.089534,100.392081,dra-3500
unmatched,,สงขลา,บางกล่ำ,ท่าหาด,,,7.089534,100.392081,dra-3501
unmatched,,สงขลา,บางกล่ำ,บ้านคู,,,7.089534,100.392081,dra-3502
unmatched,,สงขลา,บางกล่ำ,นารังนก,,,7.089534,100.392081,dra-3503
unmatched,,สงขลา,เมือง,บ้านด่าน,,,7.127298,100.568862,dra-3504
unmatched,,สงขลา,เมือง,เกาะแต้ว,,,7.127298,100.568862,dra-3505
unmatched,,สงขลา,เมือง,บาบูรเร๊าะมาน (บ้านบ่ออิฐ),,,7.127298,100.568862,dra-3506
unmatched,,สงขลา,เมือง,ยามีอุดดีน  (บ้านเกาะวา),,,7.127298,100.568862,dra-3507
unmatched,,สงขลา,เมือง,นูรุลอีหม่าม,,,7.127298,100.568862,dra-3508
unmatched,,สงขลา,เมือง,บ้านปาบ,,,7.127298,100.568862,dra-3509
unmatched,,สงขลา,เมือง,ดารุนนาอีม (ทุ่งใหญ่),,,7.127298,100.568862,dra-3510
unmatched,,สงขลา,เมือง,ร่อหมันอับยาด,,,7.127298,100.568862,dra-3511
unmatched,,สงขลา,เมือง,เราว์ฎอตุลญันนะห์,,,7.127298,100.568862,dra-3512
unmatched,,สงขลา,เมือง,อัลฮิดายะห์,,,7.127298,100.568862,dra-3514
unmatched,,สงขลา,เมือง,บ้านควนหิน,,,7.127298,100.568862,dra-3515
unmatched,,สงขลา,เมือง,คอนขี้เหล็ก,,,7.127298,100.568862,dra-3516
unmatched,,สงขลา,เมือง,บ้านคลองลึก,,,7.127298,100.568862,dra-3517
unmatched,,สงขลา,เมือง,นูรุ้ลมูสอ,,,7.127298,100.568862,dra-3518
unmatched,,สงขลา,เมือง,นูรุลอิสลามียะห์  (ป่าขี้เหล็ก),,,7.127298,100.568862,dra-3519
unmatched,,สงขลา,เมือง,นูรุลยันนะฮ์,,,7.127298,100.568862,dra-3520
unmatched,,สงขลา,เมือง,อาลาอุดดีน  (บ้านโคกไร่),,,7.127298,100.568862,dra-3521
unmatched,,สงขลา,ระโนด,สะกลอิสลาม,,,7.776524,100.292639,dra-3522
unmatched,,สงขลา,ระโนด,ดารุสลาม,,,7.776524,100.292639,dra-3523
unmatched,,สงขลา,รัตภูมิ,เขารักเกียรติ,,,7.063552,100.202326,dra-3524
unmatched,,สงขลา,รัตภูมิ,บ้านห้วยโอน,,,7.063552,100.202326,dra-3525
unmatched,,สงขลา,รัตภูมิ,นูรุญฮีดายะฮ์  (บ้านคลองต่อ),,,7.063552,100.202326,dra-3526
unmatched,,สงขลา,รัตภูมิ,ดารุลมุฮ์มีนีน (คลองต่อใน),,,7.063552,100.202326,dra-3527
unmatched,,สงขลา,รัตภูมิ,คลองตะกั่ว,,,7.063552,100.202326,dra-3528
unmatched,,สงขลา,รัตภูมิ,บ้านเขาพระ,,,7.063552,100.202326,dra-3529
unmatched,,สงขลา,รัตภูมิ,ซีอารุดดีน (บ้านบนควร),,,7.063552,100.202326,dra-3530
unmatched,,สงขลา,รัตภูมิ,เขาสอยดาว,,,7.063552,100.202326,dra-3531
unmatched,,สงขลา,รัตภูมิ,นูรุลเอียะซาน,,,7.063552,100.202326,dra-3532
unmatched,,สงขลา,รัตภูมิ,อันอังซอร์,,,7.063552,100.202326,dra-3533
unmatched,,สงขลา,รัตภูมิ,มูฮำมาดีหย๊ะ,,,7.063552,100.202326,dra-3534
unmatched,,สงขลา,รัตภูมิ,บ้านหลังเขา,,,7.063552,100.202326,dra-3535
unmatched,,สงขลา,รัตภูมิ,นูรูลยากีน (บ้านสีสอน),,,7.063552,100.202326,dra-3536
unmatched,,สงขลา,รัตภูมิ,ดารุลอิสลาม (บ้านทุ่งคมบาง),,,7.063552,100.202326,dra-3537
unmatched,,สงขลา,รัตภูมิ,ท่าชะมวง,,,7.063552,100.202326,dra-3538
unmatched,,สงขลา,รัตภูมิ,ลานควาย,,,7.063552,100.202326,dra-3539
unmatched,,สงขลา,รัตภูมิ,ท่ามะปราง,,,7.063552,100.202326,dra-3540
unmatched,,สงขลา,รัตภูมิ,ดีนีย่าตลอิสลามียะฮ์,,,7.063552,100.202326,dra-3541
unmatched,,สงขลา,รัตภูมิ,อูลูมุดดีนีย๊ห์ (ควนสะตอ),,,7.063552,100.202326,dra-3542
unmatched,,สงขลา,รัตภูมิ,นูรุลฮีดายะห์,,,7.063552,100.202326,dra-3543
unmatched,,สงขลา,รัตภูมิ,มูฮัมหมัดดีย๊ะ (บ้านหนองท่าชัง),,,7.063552,100.202326,dra-3544
unmatched,,สงขลา,รัตภูมิ,นุรุลฮูดา  (บ้านห้วยหว้า),,,7.063552,100.202326,dra-3545
unmatched,,สงขลา,รัตภูมิ,นูรุณฮาซีร (บ้านท่ามะปราง),,,7.063552,100.202326,dra-3546
unmatched,,สงขลา,รัตภูมิ,ดารุลเอียะซาน(ต้นปาล์ม),,,7.063552,100.202326,dra-3547
unmatched,,สงขลา,สทิงพระ,นุรุดดีน,,,7.492176,100.418399,dra-3548
unmatched,,สงขลา,สทิงพระ,ยูมัลอิสลาม,,,7.492176,100.418399,dra-3549
unmatched,,สงขลา,สทิงพระ,ยามาอาตินนูร,,,7.492176,100.418399,dra-3550
unmatched,,สงขลา,สทิงพระ,ยะรอส๊ะ,,,7.492176,100.418399,dra-3551
unmatched,,สงขลา,สทิงพระ,ยำอีหยะฮ์,,,7.492176,100.418399,dra-3552
unmatched,,สงขลา,สะเดา,บ้านนา,,,6.6574,100.401608,dra-3553
unmatched,,สงขลา,สะเดา,ดาหรนอาหมัน,,,6.6574,100.401608,dra-3554
unmatched,,สงขลา,สะเดา,มุฮิบบิน,,,6.6574,100.401608,dra-3555
unmatched,,สงขลา,สะเดา,อัลซอรุลอิสลาม(ตะเคียนเภา),,,6.6574,100.401608,dra-3556
unmatched,,สงขลา,สะเดา,กลาง,,,6.6574,100.401608,dra-3557
unmatched,,สงขลา,สะเดา,บ้านต้นกอ,,,6.6574,100.401608,dra-3558
unmatched,,สงขลา,สะเดา,นูรุลเอี๊ยะซาล (บ้านลุ่มอ้อย),,,6.6574,100.401608,dra-3559
unmatched,,สงขลา,สะเดา,นูรุลอามีน,,,6.6574,100.401608,dra-3560
unmatched,,สงขลา,สะเดา,ดารุลเร๊าะหม๊ะ (ชุมชนสวนหม่อม),,,6.6574,100.401608,dra-3561
unmatched,,สงขลา,สะเดา,บ้านเขารูปช้าง,,,6.6574,100.401608,dra-3562
unmatched,,สงขลา,สะเดา,กลางปาดังเบซาร์,,,6.6574,100.401608,dra-3563
unmatched,,สงขลา,สะเดา,มูซาฟิรีนอับบัตตอนอธ์,,,6.6574,100.401608,dra-3564
unmatched,,สงขลา,สะเดา,นูรุลอิสลาม (บ้านทุ่งไม้ด้วน),,,6.6574,100.401608,dra-3565
unmatched,,สงขลา,สะเดา,บ้านตะโล๊ะ,,,6.6574,100.401608,dra-3566
unmatched,,สงขลา,สะเดา,ชายควน,,,6.6574,100.401608,dra-3567
unmatched,,สงขลา,สะเดา,บ้านร๊อค,,,6.6574,100.401608,dra-3568
unmatched,,สงขลา,สะเดา,สี่แยกพัฒนา,,,6.6574,100.401608,dra-3569
unmatched,,สงขลา,สะเดา,นูรุลฮิดายะฮ์,,,6.6574,100.401608,dra-3571
unmatched,,สงขลา,สะเดา,มิฟตาฮุตตักวา (บ้านควนเสาธง),,,6.6574,100.401608,dra-3572
unmatched,,สงขลา,สะเดา,อัลฮาซานะฮ์,,,6.6574,100.401608,dra-3573
unmatched,,สงขลา,สะเดา,ท่าโพธิ์,,,6.6574,100.401608,dra-3574
unmatched,,สงขลา,สะเดา,ใหม่,,,6.6574,100.401608,dra-3575
unmatched,,สงขลา,สะเดา,นูร์รณหุดา,,,6.6574,100.401608,dra-3576
unmatched,,สงขลา,สะเดา,ดาริสลาม,,,6.6574,100.401608,dra-3577
unmatched,,สงขลา,สะเดา,ยามีอันอิสลาม  (ท่าพรุ),,,6.6574,100.401608,dra-3578
unmatched,,สงขลา,สะเดา,บ้านทุ่ง,,,6.6574,100.401608,dra-3579
unmatched,,สงขลา,สะเดา,นูรุลยันนะฮ์,,,6.6574,100.401608,dra-3580
unmatched,,สงขลา,สะเดา,สุบยานีหย๊ะ,,,6.6574,100.401608,dra-3581
unmatched,,สงขลา,สะเดา,ฟัตทูอิสลามี,,,6.6574,100.401608,dra-3582
unmatched,,สงขลา,สะเดา,นูรุลฮีดาย๊ะฮ์ (บ้านควนกุน),,,6.6574,100.401608,dra-3583
unmatched,,สงขลา,สะเดา,นูรุลฟัตวา (บ้านหลังด่าน),,,6.6574,100.401608,dra-3584
unmatched,,สงขลา,สะเดา,บ้านม่วง,,,6.6574,100.401608,dra-3585
unmatched,,สงขลา,สะเดา,ทุ่งยอ,,,6.6574,100.401608,dra-3586
unmatched,,สงขลา,สะเดา,น้ำลัด,,,6.6574,100.401608,dra-3587
unmatched,,สงขลา,สะเดา,สำนักขาม (ดารุลอีมาน),,,6.6574,100.401608,dra-3588
unmatched,,สงขลา,สะเดา,สุนนะฮ์,,,6.6574,100.401608,dra-3589
unmatched,,สงขลา,สะเดา,บ้านพรุเตียว,,,6.6574,100.401608,dra-3590
unmatched,,สงขลา,สะเดา,บาฮาฮุดดีน,,,6.6574,100.401608,dra-3591
unmatched,,สงขลา,สะเดา,บ้านกูบู,,,6.6574,100.401608,dra-3593
unmatched,,สงขลา,สะเดา,ฮีดายาตุลมุตตากีน,,,6.6574,100.401608,dra-3594
unmatched,,สงขลา,สะเดา,อัลมูฮายีรีน (บ้านควนตานี),,,6.6574,100.401608,dra-3595
unmatched,,สงขลา,สะเดา,นูรุลฮีดายะห์ (บ้านควนยีเยะ),,,6.6574,100.401608,dra-3596
unmatched,,สงขลา,สะบ้าย้อย,เกาะแดง,,,6.500699,100.922113,dra-3597
unmatched,,สงขลา,สะบ้าย้อย,นูรุดดีน,,,6.500699,100.922113,dra-3598
unmatched,,สงขลา,สะบ้าย้อย,นูรุลฮูดา,,,6.500699,100.922113,dra-3599
unmatched,,สงขลา,สะบ้าย้อย,นูรุลอิสลาม,,,6.500699,100.922113,dra-3600
unmatched,,สงขลา,สะบ้าย้อย,นูรุลอิฮสาน,,,6.500699,100.922113,dra-3601
unmatched,,สงขลา,สะบ้าย้อย,บ้านห้วยเต่า,,,6.500699,100.922113,dra-3602
unmatched,,สงขลา,สะบ้าย้อย,นูรุลฮูดา (บ้านลำไต),,,6.500699,100.922113,dra-3603
unmatched,,สงขลา,สะบ้าย้อย,ดารุลอามาน  (บ้านใหม่),,,6.500699,100.922113,dra-3604
unmatched,,สงขลา,สะบ้าย้อย,อัซซอฮาบะฮุ (บ้านต้นปีก),,,6.500699,100.922113,dra-3605
unmatched,,สงขลา,สะบ้าย้อย,กูบะอุสมานอัฟฟาน,,,6.500699,100.922113,dra-3606
unmatched,,สงขลา,สะบ้าย้อย,ดารุลฮุสนี (เดิมชื่อมัสยิดโม๊ะหนี),,,6.500699,100.922113,dra-3607
unmatched,,สงขลา,สะบ้าย้อย,สวนใบ  (กียามุดดิน),,,6.500699,100.922113,dra-3608
unmatched,,สงขลา,สะบ้าย้อย,บ้านวังโอ๊ะ,,,6.500699,100.922113,dra-3609
unmatched,,สงขลา,สะบ้าย้อย,บ้านปายาสะหมุด,,,6.500699,100.922113,dra-3610
unmatched,,สงขลา,สะบ้าย้อย,บ้านจาบัง  (นุรุลฮูดา,,,6.500699,100.922113,dra-3611
unmatched,,สงขลา,สะบ้าย้อย,นูรุลฮีดายะห์ บาโงมูติง,,,6.500699,100.922113,dra-3612
unmatched,,สงขลา,สะบ้าย้อย,ฟูตูฮูลอารีฟีน,,,6.500699,100.922113,dra-3613
unmatched,,สงขลา,สะบ้าย้อย,นูรุลอีมาน (บ้านสวนแมะเร็ง),,,6.500699,100.922113,dra-3614
unmatched,,สงขลา,สะบ้าย้อย,สาไหน  (สนี),,,6.500699,100.922113,dra-3615
unmatched,,สงขลา,สะบ้าย้อย,ยามาอาดุลคอยรียะห์,,,6.500699,100.922113,dra-3616
unmatched,,สงขลา,สะบ้าย้อย,เมาะลาแด,,,6.500699,100.922113,dra-3617
unmatched,,สงขลา,สะบ้าย้อย,โคกสิเหรง,,,6.500699,100.922113,dra-3618
unmatched,,สงขลา,สะบ้าย้อย,บ้านบาว,,,6.500699,100.922113,dra-3619
unmatched,,สงขลา,สะบ้าย้อย,ดารุสสลาม,,,6.500699,100.922113,dra-3620
unmatched,,สงขลา,สะบ้าย้อย,ดารุ้นอาหมาน,,,6.500699,100.922113,dra-3621
unmatched,,สงขลา,สะบ้าย้อย,ดารุนนาอิน,,,6.500699,100.922113,dra-3622
unmatched,,สงขลา,สะบ้าย้อย,มูอาบาดาตีมะมุต,,,6.500699,100.922113,dra-3623
unmatched,,สงขลา,สะบ้าย้อย,บ้านปลักไม้ไผ่,,,6.500699,100.922113,dra-3624
unmatched,,สงขลา,สะบ้าย้อย,นูรูลฮาซานะฮ์  (ตรือเบาะ),,,6.500699,100.922113,dra-3625
unmatched,,สงขลา,สะบ้าย้อย,บ้านสุโส๊ะ,,,6.500699,100.922113,dra-3626
unmatched,,สงขลา,สะบ้าย้อย,นุรุลอิสลามมะยะฮ์ (บ้านแกแดะ),,,6.500699,100.922113,dra-3627
unmatched,,สงขลา,สะบ้าย้อย,บ้านปายอจง,,,6.500699,100.922113,dra-3628
unmatched,,สงขลา,สะบ้าย้อย,นูรุลอิสลามมิยะฮ์,,,6.500699,100.922113,dra-3629
unmatched,,สงขลา,สะบ้าย้อย,ซาฟีนาตุลดีนียะห์,,,6.500699,100.922113,dra-3630
unmatched,,สงขลา,สะบ้าย้อย,นูรุลเอี้ยะซาน (เดิมชื่อบ้านหาดทราย),,,6.500699,100.922113,dra-3631
unmatched,,สงขลา,สะบ้าย้อย,ดารุลฟุรกอน (บูเกะรีมายือมือ),,,6.500699,100.922113,dra-3632
unmatched,,สงขลา,สะบ้าย้อย,บ้านห้วยบอน,,,6.500699,100.922113,dra-3633
unmatched,,สงขลา,สะบ้าย้อย,สุเหร่าบ้านกระเชะ,,,6.500699,100.922113,dra-3634
unmatched,,สงขลา,สะบ้าย้อย,บ้านโคก,,,6.500699,100.922113,dra-3635
unmatched,,สงขลา,สะบ้าย้อย,บ้านละโอน (นุรูลฮูดา),,,6.500699,100.922113,dra-3636
unmatched,,สงขลา,สะบ้าย้อย,อีบาดุรเราะห์มาสน (บ้านแอและ),,,6.500699,100.922113,dra-3637
unmatched,,สงขลา,สะบ้าย้อย,มูเนาวรตุลฮูดา,,,6.500699,100.922113,dra-3638
unmatched,,สงขลา,สะบ้าย้อย,เปียน,,,6.500699,100.922113,dra-3639
unmatched,,สงขลา,สะบ้าย้อย,ยาบัลบารอการ์,,,6.500699,100.922113,dra-3640
unmatched,,สงขลา,สะบ้าย้อย,กอหลำ,,,6.500699,100.922113,dra-3641
unmatched,,สงขลา,สะบ้าย้อย,รามัย,,,6.500699,100.922113,dra-3642
unmatched,,สงขลา,สะบ้าย้อย,ควนหรันเหนือ,,,6.500699,100.922113,dra-3643
unmatched,,สงขลา,สะบ้าย้อย,บุกอาตูนนูร์ (บ้านโคกหญ้าคา),,,6.500699,100.922113,dra-3644
unmatched,,สงขลา,สะบ้าย้อย,นูรุลตักวา,,,6.500699,100.922113,dra-3645
unmatched,,สงขลา,สะบ้าย้อย,สะบ้าย้อย  (แลแบง),,,6.500699,100.922113,dra-3646
unmatched,,สงขลา,สะบ้าย้อย,นูรุลฮีดายะห์ บ้านโมง,,,6.500699,100.922113,dra-3647
unmatched,,สงขลา,สะบ้าย้อย,บ้านเพ็งญา,,,6.500699,100.922113,dra-3648
unmatched,,สงขลา,สะบ้าย้อย,นะห์ลอตุลอิสลามียะฮ์,,,6.500699,100.922113,dra-3649
unmatched,,สงขลา,สะบ้าย้อย,สามัคคีศาสน์วิทยา,,,6.500699,100.922113,dra-3650
unmatched,,สงขลา,สะบ้าย้อย,มีพตาฮูดดีนยาเร๊ะ,,,6.500699,100.922113,dra-3651
unmatched,,สงขลา,สะบ้าย้อย,นูรุลตักวา,,,6.500699,100.922113,dra-3652
unmatched,,สงขลา,สะบ้าย้อย,บ้านช่างนุ้ย,,,6.500699,100.922113,dra-3653
unmatched,,สงขลา,สะบ้าย้อย,ดารุลอามาน (ควนแร่),,,6.500699,100.922113,dra-3654
unmatched,,สงขลา,สะบ้าย้อย,อัลญามีอุล์อิสลาม,,,6.500699,100.922113,dra-3655
unmatched,,สงขลา,สิงหนคร,ยาดฝิจอตุสชุโรนอิสลามิหย๊ะ,,,7.272558,100.498358,dra-3656
unmatched,,สงขลา,สิงหนคร,อาบีบิสอิสลามิหย๊ะ,,,7.272558,100.498358,dra-3657
unmatched,,สงขลา,สิงหนคร,บางไหน,,,7.272558,100.498358,dra-3658
unmatched,,สงขลา,สิงหนคร,ดอนทิง,,,7.272558,100.498358,dra-3659
unmatched,,สงขลา,สิงหนคร,กูวาเต็ลอิสลาม,,,7.272558,100.498358,dra-3660
unmatched,,สงขลา,สิงหนคร,ยามีอัลอิสลาม,,,7.272558,100.498358,dra-3661
unmatched,,สงขลา,สิงหนคร,นูหรุนยากิ้น,,,7.272558,100.498358,dra-3662
unmatched,,สงขลา,สิงหนคร,ใบหรุนอิสลาม,,,7.272558,100.498358,dra-3663
unmatched,,สงขลา,สิงหนคร,ยาบัลนูร,,,7.272558,100.498358,dra-3665
unmatched,,สงขลา,สิงหนคร,อัลมูบาร๊อค,,,7.272558,100.498358,dra-3666
unmatched,,สงขลา,สิงหนคร,ฉีอารุลอิสลาม (โพรงจระเข้),,,7.272558,100.498358,dra-3667
unmatched,,สงขลา,สิงหนคร,อีมาดลดีด,,,7.272558,100.498358,dra-3668
unmatched,,สงขลา,สิงหนคร,อีมาดลอิสลาม,,,7.272558,100.498358,dra-3669
unmatched,,สงขลา,สิงหนคร,หัวสนอ่อน,,,7.272558,100.498358,dra-3671
unmatched,,สงขลา,สิงหนคร,ยาบัลเนี๊ยะหม๊ะ,,,7.272558,100.498358,dra-3672
unmatched,,สงขลา,สิงหนคร,ดารุสลาม,,,7.272558,100.498358,dra-3673
unmatched,,สงขลา,สิงหนคร,สุลต่านสุลัยมานซาห์,,,7.272558,100.498358,dra-3674
unmatched,,สงขลา,สิงหนคร,ดารุลนาอีม (ปากคลอง),,,7.272558,100.498358,dra-3675
unmatched,,สงขลา,หาดใหญ่,ทุ่งน้ำ,,,6.987075,100.399563,dra-3676
unmatched,,สงขลา,หาดใหญ่,เกาะหมี,,,6.987075,100.399563,dra-3677
unmatched,,สงขลา,หาดใหญ่,ดินียาตลอิสลาม,,,6.987075,100.399563,dra-3678
unmatched,,สงขลา,หาดใหญ่,อาลัมซะห์,,,6.987075,100.399563,dra-3679
unmatched,,สงขลา,หาดใหญ่,อันสอริสสุนนะฮ์,,,6.987075,100.399563,dra-3680
unmatched,,สงขลา,หาดใหญ่,บ้านหนองทราย,,,6.987075,100.399563,dra-3681
unmatched,,สงขลา,หาดใหญ่,สำราญสุข,,,6.987075,100.399563,dra-3682
unmatched,,สงขลา,หาดใหญ่,ฟัตฮุ้ลมูบีน,,,6.987075,100.399563,dra-3683
review,84.7,สงขลา,หาดใหญ่,นูร  (บ้านหนองบัว),มัสยิดบ้านหนองบ่อ,node/6779887296,7.071382,100.488991,dra-3684
unmatched,,สงขลา,หาดใหญ่,อันซอรุดดีน,,,6.987075,100.399563,dra-3686
unmatched,,สงขลา,หาดใหญ่,มูฮำมาดีหย๊ะ  (สะพานดำ),,,6.987075,100.399563,dra-3687
unmatched,,สงขลา,หาดใหญ่,คลองอู่ตะเภา,,,6.987075,100.399563,dra-3688
unmatched,,สงขลา,หาดใหญ่,หน้าควน,,,6.987075,100.399563,dra-3689
unmatched,,สงขลา,หาดใหญ่,ควนลัง,,,6.987075,100.399563,dra-3690
unmatched,,สงขลา,หาดใหญ่,บางแฟ็บ,,,6.987075,100.399563,dra-3691
unmatched,,สงขลา,หาดใหญ่,หาดใหญ่ใน,,,6.987075,100.399563,dra-3692
unmatched,,สงขลา,หาดใหญ่,ยาบาลุดสลาม  (ควนสันติ),,,6.987075,100.399563,dra-3693
unmatched,,สงขลา,หาดใหญ่,นุรตักวา,,,6.987075,100.399563,dra-3694
unmatched,,สงขลา,หาดใหญ่,อีบาดูรเราะห์มาน ป่าพยอม,,,6.987075,100.399563,dra-3695
unmatched,,สงขลา,หาดใหญ่,นูรุลอิสลาม (ต้นโหนด),,,6.987075,100.399563,dra-3696
unmatched,,สงขลา,หาดใหญ่,ดารุลมุตตากีน (บ้านต้นมะพร้าวสูง),,,6.987075,100.399563,dra-3697
unmatched,,สงขลา,หาดใหญ่,ยามิอุลอิสลาม,,,6.987075,100.399563,dra-3698
unmatched,,สงขลา,หาดใหญ่,กลางอิสลาม,,,6.987075,100.399563,dra-3699
unmatched,,สงขลา,หาดใหญ่,บ้านควน,,,6.987075,100.399563,dra-3700
unmatched,,สงขลา,หาดใหญ่,บางโทง,,,6.987075,100.399563,dra-3701
unmatched,,สงขลา,หาดใหญ่,บ้านเหนือ,,,6.987075,100.399563,dra-3702
unmatched,,สงขลา,หาดใหญ่,ซี่รอตุลมุสตะกีม,,,6.987075,100.399563,dra-3703
unmatched,,สงขลา,หาดใหญ่,บ้านใต้,,,6.987075,100.399563,dra-3704
unmatched,,สงขลา,หาดใหญ่,ยามีอุลมุสตากีม (บ้านท่าดี),,,6.987075,100.399563,dra-3705
unmatched,,สงขลา,หาดใหญ่,ฮาลีมาตุสสะดียะฮ์,,,6.987075,100.399563,dra-3706
unmatched,,สงขลา,หาดใหญ่,บ้านนาสวนหลวง,,,6.987075,100.399563,dra-3707
unmatched,,สงขลา,หาดใหญ่,บ้านหน้าควนฉลุง,,,6.987075,100.399563,dra-3708
unmatched,,สงขลา,หาดใหญ่,ฮีดายาตุลอิสลามิย๊ะ (บ้านม่วงค่ายฉลุง),,,6.987075,100.399563,dra-3709
unmatched,,สงขลา,หาดใหญ่,นูรุลฮูดา  (บ้านห้วยหาด),,,6.987075,100.399563,dra-3710
unmatched,,สงขลา,หาดใหญ่,หนองบัว,,,6.987075,100.399563,dra-3711
unmatched,,สงขลา,หาดใหญ่,ดารุลฮูดา,,,6.987075,100.399563,dra-3712
unmatched,,สงขลา,หาดใหญ่,ดารุลอามีน,,,6.987075,100.399563,dra-3713
unmatched,,สงขลา,หาดใหญ่,ดีนุนอิสลาม,,,6.987075,100.399563,dra-3714
unmatched,,สงขลา,หาดใหญ่,คลองปอม,,,6.987075,100.399563,dra-3715
unmatched,,สงขลา,หาดใหญ่,บ้านโป๊ะหมอ,,,6.987075,100.399563,dra-3716
unmatched,,สงขลา,หาดใหญ่,ดารุสลาม  (บ้านทุ่งส้ม),,,6.987075,100.399563,dra-3717
unmatched,,สงขลา,หาดใหญ่,ซาฮีมัสยิดปากีสถาน,,,6.987075,100.399563,dra-3718
unmatched,,สงขลา,หาดใหญ่,หมัดยาเม๊าะมุสลิม,,,6.987075,100.399563,dra-3719
unmatched,,สงขลา,หาดใหญ่,สุเหร่าบ้านกะเชะ  (ซ้ำกับมัสยิดเลขที่ 161),,,6.987075,100.399563,dra-3720
unmatched,,สตูล,กำแพง,ฮามีดียะฮ์,,,6.878342,99.882009,dra-3721
unmatched,,สตูล,ควนกาหลง,บ้านเขาไคร,,,6.959241,100.041635,dra-3722
unmatched,,สตูล,ควนกาหลง,ธรรมประทีปห้วยน้ำคำ,,,6.959241,100.041635,dra-3723
unmatched,,สตูล,ควนกาหลง,นูรุดดีน ควนกาหลง,,,6.959241,100.041635,dra-3724
unmatched,,สตูล,ควนกาหลง,บ้านพรุ,,,6.959241,100.041635,dra-3725
unmatched,,สตูล,ควนกาหลง,ญะมาอะตุลอิสลาม,,,6.959241,100.041635,dra-3726
unmatched,,สตูล,ควนกาหลง,อัลอติก,,,6.959241,100.041635,dra-3727
unmatched,,สตูล,ควนกาหลง,นูรุ้ลอิสลาม,,,6.959241,100.041635,dra-3728
unmatched,,สตูล,ควนกาหลง,ทุ่งตำเสา (นูรุลฮูดา),,,6.959241,100.041635,dra-3729
unmatched,,สตูล,ควนกาหลง,ทุ่งนุ้ย (ดารุ้ลญาลาล),,,6.959241,100.041635,dra-3730
unmatched,,สตูล,ควนกาหลง,กอซีมียะห์ (น้ำร้อน),,,6.959241,100.041635,dra-3731
unmatched,,สตูล,ควนกาหลง,ฆอยเรียะห์  (บ้านโดน),,,6.959241,100.041635,dra-3732
unmatched,,สตูล,ควนกาหลง,ดารุลอามาน,,,6.959241,100.041635,dra-3733
unmatched,,สตูล,ควนกาหลง,ดาวุลวุสฎอ,,,6.959241,100.041635,dra-3734
unmatched,,สตูล,ควนกาหลง,มัศละหะตุดดีนียะฮ์,,,6.959241,100.041635,dra-3735
unmatched,,สตูล,ควนกาหลง,อัชชาฟิอีย์,,,6.959241,100.041635,dra-3736
unmatched,,สตูล,ควนกาหลง,ฮีดายาตุลมุสตากีม,,,6.959241,100.041635,dra-3738
unmatched,,สตูล,ควนกาหลง,อัลซากีนาตุลยันนะห์,,,6.959241,100.041635,dra-3739
unmatched,,สตูล,ควนกาหลง,ฟาลาหุดดีน,,,6.959241,100.041635,dra-3740
unmatched,,สตูล,ควนกาหลง,ดารุตตักวา,,,6.959241,100.041635,dra-3741
unmatched,,สตูล,ควนกาหลง,อัลอิรฟาน,,,6.959241,100.041635,dra-3742
unmatched,,สตูล,ควนกาหลง,บ้านอุใด,,,6.959241,100.041635,dra-3743
unmatched,,สตูล,ควนกาหลง,บ้านอุไดใต้,,,6.959241,100.041635,dra-3744
unmatched,,สตูล,ควนกาหลง,เราฎอตุลญันนะฮ์,,,6.959241,100.041635,dra-3745
unmatched,,สตูล,ควนโดน,อะห์มาเดี๊ยะ  ปันจอร์,,,6.762461,100.106818,dra-3746
unmatched,,สตูล,ควนโดน,ดุสน,,,6.762461,100.106818,dra-3747
unmatched,,สตูล,ควนโดน,สะพานเคียน,,,6.762461,100.106818,dra-3748
unmatched,,สตูล,ควนโดน,บูเกตยามู,,,6.762461,100.106818,dra-3749
unmatched,,สตูล,ควนโดน,อูบูดีย๊ะห์,,,6.762461,100.106818,dra-3750
unmatched,,สตูล,ควนโดน,กลางควนโดน,,,6.762461,100.106818,dra-3751
unmatched,,สตูล,ควนโดน,อัซซอดากอตุลอิสลาม,,,6.762461,100.106818,dra-3753
unmatched,,สตูล,ควนโดน,ฟัตหุเราะห์มาน,,,6.762461,100.106818,dra-3754
unmatched,,สตูล,ควนโดน,หิซนุ้ลอิสลาม,,,6.762461,100.106818,dra-3755
unmatched,,สตูล,ควนโดน,บ้านกูบางโบลด,,,6.762461,100.106818,dra-3756
unmatched,,สตูล,ควนโดน,ใหม่บ้านกลาง,,,6.762461,100.106818,dra-3757
unmatched,,สตูล,ควนโดน,บ้านโต๊ะซ๊ะ,,,6.762461,100.106818,dra-3758
unmatched,,สตูล,ควนโดน,บ้านควนไสน,,,6.762461,100.106818,dra-3759
unmatched,,สตูล,ควนโดน,บ้านทุ่งพัฒนา,,,6.762461,100.106818,dra-3760
unmatched,,สตูล,ควนโดน,ดารุลฮูดาย์,,,6.762461,100.106818,dra-3761
unmatched,,สตูล,ควนโดน,นัศรุดดีน,,,6.762461,100.106818,dra-3762
unmatched,,สตูล,ควนโดน,ดารุลอิศละห์,,,6.762461,100.106818,dra-3763
unmatched,,สตูล,ควนโดน,นูรุลอีบาด๊ะห์ (ควนสตอ),,,6.762461,100.106818,dra-3764
unmatched,,สตูล,ควนโดน,ดารุสศอลีฮีน,,,6.762461,100.106818,dra-3765
unmatched,,สตูล,ควนโดน,ดารุลนาอีม,,,6.762461,100.106818,dra-3766
unmatched,,สตูล,ควนโดน,กียามิดดีน,,,6.762461,100.106818,dra-3767
unmatched,,สตูล,ควนโดน,นูรุลเอียะสาน (นูรุ้ลเอี๊ยะซาน),,,6.762461,100.106818,dra-3768
unmatched,,สตูล,ท่าแพ,ท่าแพกลาง,,,6.800377,99.924649,dra-3769
unmatched,,สตูล,ท่าแพ,ท่าแพใต้,,,6.800377,99.924649,dra-3770
unmatched,,สตูล,ท่าแพ,ท่าแพเหนือ,,,6.800377,99.924649,dra-3771
unmatched,,สตูล,ท่าแพ,บ้านปลักหว้า,,,6.800377,99.924649,dra-3773
unmatched,,สตูล,ท่าแพ,ท่าแพพัฒนา,,,6.800377,99.924649,dra-3774
unmatched,,สตูล,ท่าแพ,บ้านโคกหิน,,,6.800377,99.924649,dra-3775
unmatched,,สตูล,ท่าแพ,นะฮ์รุสลาม,,,6.800377,99.924649,dra-3776
unmatched,,สตูล,ท่าแพ,นูรุลอุมม๊ะฮ์ (ควนโต๊ะเจ๊ะ),,,6.800377,99.924649,dra-3777
unmatched,,สตูล,ท่าแพ,แประใต้,,,6.800377,99.924649,dra-3778
unmatched,,สตูล,ท่าแพ,บ้านไร่ทอน,,,6.800377,99.924649,dra-3779
unmatched,,สตูล,ท่าแพ,บ้านควนพัฒนา,,,6.800377,99.924649,dra-3780
unmatched,,สตูล,ท่าแพ,บ้านป่าเสม็ด,,,6.800377,99.924649,dra-3781
unmatched,,สตูล,ท่าแพ,ยามีอาตุลอิสลามียะห์,,,6.800377,99.924649,dra-3782
unmatched,,สตูล,ท่าแพ,บ้านเกาะไทร,,,6.800377,99.924649,dra-3783
unmatched,,สตูล,ท่าแพ,กลางแประ,,,6.800377,99.924649,dra-3784
unmatched,,สตูล,ท่าแพ,ใหม่นาโต๊ะขุน,,,6.800377,99.924649,dra-3785
unmatched,,สตูล,ท่าแพ,ดารุลมุห์มินิน,,,6.800377,99.924649,dra-3786
unmatched,,สตูล,ท่าแพ,นูรุลฮิกมะฮ์,,,6.800377,99.924649,dra-3787
unmatched,,สตูล,ท่าแพ,บ้านคลองบัน,,,6.800377,99.924649,dra-3788
unmatched,,สตูล,ท่าแพ,นุรุลอิสลาม,,,6.800377,99.924649,dra-3789
unmatched,,สตูล,ท่าแพ,บ้านสายห้วย,,,6.800377,99.924649,dra-3790
unmatched,,สตูล,ท่าแพ,บ้านคลองสองปาก,,,6.800377,99.924649,dra-3791
unmatched,,สตูล,ท่าแพ,บ้านทุ่งริ้น,,,6.800377,99.924649,dra-3792
unmatched,,สตูล,ท่าแพ,บ้านปลักแรดพัฒนา,,,6.800377,99.924649,dra-3793
unmatched,,สตูล,ท่าแพ,ทอนแค,,,6.800377,99.924649,dra-3794
unmatched,,สตูล,ท่าแพ,ดารุลซอลีฮีน  2,,,6.800377,99.924649,dra-3795
unmatched,,สตูล,ท่าแพ,นูรุลกุรอ่าน,,,6.800377,99.924649,dra-3796
unmatched,,สตูล,ทุ่งหว้า,ญะมาอะตุลมุอ์มีนิน (บ้านท่าคลอง),,,7.079977,99.802101,dra-3797
unmatched,,สตูล,ทุ่งหว้า,บ้านราไว,,,7.079977,99.802101,dra-3798
unmatched,,สตูล,ทุ่งหว้า,อาร์เราะห์มาน,,,7.079977,99.802101,dra-3799
unmatched,,สตูล,ทุ่งหว้า,บ้านทุ่งสะโบ๊ะ,,,7.079977,99.802101,dra-3800
unmatched,,สตูล,ทุ่งหว้า,บ้านทุ่งบุหลัง,,,7.079977,99.802101,dra-3801
unmatched,,สตูล,ทุ่งหว้า,บ้านทุ่งมะหงัง,,,7.079977,99.802101,dra-3802
unmatched,,สตูล,ทุ่งหว้า,ดารุลอัรกอม (บ้านทุ่งทะนาน),,,7.079977,99.802101,dra-3803
unmatched,,สตูล,ทุ่งหว้า,เปรีย,,,7.079977,99.802101,dra-3804
unmatched,,สตูล,ทุ่งหว้า,นูรุ้ลฮุดา (ทุ่งหว้า),,,7.079977,99.802101,dra-3805
unmatched,,สตูล,ทุ่งหว้า,นุหรนมุดลีซีน,,,7.079977,99.802101,dra-3806
unmatched,,สตูล,ทุ่งหว้า,บ้านวังตง,,,7.079977,99.802101,dra-3807
unmatched,,สตูล,ทุ่งหว้า,บ้านท่าศิลา,,,7.079977,99.802101,dra-3808
unmatched,,สตูล,ทุ่งหว้า,ญะมาอะห์อิสลาม (บ้านบรายี),,,7.079977,99.802101,dra-3809
unmatched,,สตูล,ทุ่งหว้า,อิบาดุรเราะห์มาน,,,7.079977,99.802101,dra-3810
unmatched,,สตูล,ทุ่งหว้า,บ้านช่องไทร,,,7.079977,99.802101,dra-3811
unmatched,,สตูล,ทุ่งหว้า,ฮูดัลเลาะฮ์,,,7.079977,99.802101,dra-3812
unmatched,,สตูล,ทุ่งหว้า,บัยตุลมุตตากีน,,,7.079977,99.802101,dra-3813
unmatched,,สตูล,ทุ่งหว้า,บ้านทุ่งดินลุ่ม,,,7.079977,99.802101,dra-3814
unmatched,,สตูล,มะนัง,ญามาลุดดีน,,,7.007583,99.931344,dra-3815
unmatched,,สตูล,มะนัง,อัลนูร,,,7.007583,99.931344,dra-3816
unmatched,,สตูล,มะนัง,ดะวะตุลอิสลาม,,,7.007583,99.931344,dra-3817
unmatched,,สตูล,มะนัง,ซอลาฮุดดิน,,,7.007583,99.931344,dra-3818
unmatched,,สตูล,มะนัง,ดารุลมะอ์มูร์,,,7.007583,99.931344,dra-3819
unmatched,,สตูล,มะนัง,อัลมูฮาญีรีน บ้านควนล้อม,,,7.007583,99.931344,dra-3820
unmatched,,สตูล,เมือง,บูเก็ตตรี,,,6.61399,99.669089,dra-3821
unmatched,,สตูล,เมือง,ดารุลอามาน,,,6.61399,99.669089,dra-3822
unmatched,,สตูล,เมือง,ดารุลอิสลามมียะห์,,,6.61399,99.669089,dra-3823
unmatched,,สตูล,เมือง,นูรุลฮีดายะห์,,,6.61399,99.669089,dra-3824
unmatched,,สตูล,เมือง,นูรุสสลาม,,,6.61399,99.669089,dra-3825
unmatched,,สตูล,เมือง,ดารุลอาชิกีน,,,6.61399,99.669089,dra-3826
unmatched,,สตูล,เมือง,นูรุลอีบาดะฮ์,,,6.61399,99.669089,dra-3827
unmatched,,สตูล,เมือง,บ้านตันหยงอุมา,,,6.61399,99.669089,dra-3828
unmatched,,สตูล,เมือง,ยะระโตดใหญ่,,,6.61399,99.669089,dra-3829
unmatched,,สตูล,เมือง,ยะระโตดนุ้ย,,,6.61399,99.669089,dra-3830
unmatched,,สตูล,เมือง,ตันหยงกลิง,,,6.61399,99.669089,dra-3831
unmatched,,สตูล,เมือง,บ้านอัชชากิรีน,,,6.61399,99.669089,dra-3832
unmatched,,สตูล,เมือง,อบีซัรอับฆีฟารีย์,,,6.61399,99.669089,dra-3833
unmatched,,สตูล,เมือง,บูเก็ตบูหงา,,,6.61399,99.669089,dra-3834
unmatched,,สตูล,เมือง,ดารุลมุตตากีน,,,6.61399,99.669089,dra-3835
unmatched,,สตูล,เมือง,อัลอักศอ บูกิตจีนา,,,6.61399,99.669089,dra-3836
unmatched,,สตูล,เมือง,ดารุลนาญิยะฮ์,,,6.61399,99.669089,dra-3837
unmatched,,สตูล,เมือง,ยำอะตุ๊ลอิสลาม,,,6.61399,99.669089,dra-3838
unmatched,,สตูล,เมือง,บ้านกลาง ดารุสสลาม,,,6.61399,99.669089,dra-3839
unmatched,,สตูล,เมือง,นูรุลมุสตากีม (บ้านกะดุ),,,6.61399,99.669089,dra-3840
unmatched,,สตูล,เมือง,นูรูเอี๊ยะห์ซาน,,,6.61399,99.669089,dra-3841
unmatched,,สตูล,เมือง,นูรุ้ลอิสลาม,,,6.61399,99.669089,dra-3842
unmatched,,สตูล,เมือง,ดารุลอีมาน  (บ้านท่าหิน),,,6.61399,99.669089,dra-3843
unmatched,,สตูล,เมือง,เราฎอตุลซอลีฮีน,,,6.61399,99.669089,dra-3844
unmatched,,สตูล,เมือง,ญะบาลุรเราะห์มะฮ์,,,6.61399,99.669089,dra-3845
unmatched,,สตูล,เมือง,ลีวาอุ้ลอิสลาม,,,6.61399,99.669089,dra-3846
unmatched,,สตูล,เมือง,ควนโพธิ์,,,6.61399,99.669089,dra-3847
unmatched,,สตูล,เมือง,บ้านใหม่,,,6.61399,99.669089,dra-3848
unmatched,,สตูล,เมือง,มูฮำมาดียะห์,,,6.61399,99.669089,dra-3849
unmatched,,สตูล,เมือง,ดารุลอาบีดีน,,,6.61399,99.669089,dra-3850
unmatched,,สตูล,เมือง,เราฎอตุลมุฮาญิรีน,,,6.61399,99.669089,dra-3851
unmatched,,สตูล,เมือง,อัรร็อยยาน (โคกพิลา),,,6.61399,99.669089,dra-3852
unmatched,,สตูล,เมือง,บ้านวังปลาจัน,,,6.61399,99.669089,dra-3853
unmatched,,สตูล,เมือง,อิสลาเอี๊ยะ (บ้านทางงอ),,,6.61399,99.669089,dra-3854
unmatched,,สตูล,เมือง,ทุ่งมะปรัง,,,6.61399,99.669089,dra-3855
unmatched,,สตูล,เมือง,อะห์มาเดี๊ยะ,,,6.61399,99.669089,dra-3856
unmatched,,สตูล,เมือง,มะห์มูเดี๊ยะ,,,6.61399,99.669089,dra-3857
unmatched,,สตูล,เมือง,บันนังปุเลา (บันตังปุเลา),,,6.61399,99.669089,dra-3858
unmatched,,สตูล,เมือง,บ้านปาเต๊ะ  ควนเรียง,,,6.61399,99.669089,dra-3859
unmatched,,สตูล,เมือง,นูรูลฮาลีม,,,6.61399,99.669089,dra-3860
unmatched,,สตูล,เมือง,กลางฉลุง,,,6.61399,99.669089,dra-3861
unmatched,,สตูล,เมือง,ดารุตตักวา (บ้านโคกประดู่),,,6.61399,99.669089,dra-3862
unmatched,,สตูล,เมือง,ยามีอุลอิควานียะฮ์,,,6.61399,99.669089,dra-3863
unmatched,,สตูล,เมือง,กูบังเกียมบัง,,,6.61399,99.669089,dra-3864
unmatched,,สตูล,เมือง,ดารุสลาม,,,6.61399,99.669089,dra-3865
unmatched,,สตูล,เมือง,ดารุลญันนะห์,,,6.61399,99.669089,dra-3866
unmatched,,สตูล,เมือง,อีกอมาตุดดีน,,,6.61399,99.669089,dra-3867
unmatched,,สตูล,เมือง,ฟัตฮุ้ลมายีด,,,6.61399,99.669089,dra-3868
unmatched,,สตูล,เมือง,ญะบัลเราะห์มะฮ์,,,6.61399,99.669089,dra-3869
unmatched,,สตูล,เมือง,ดารุลมูฮิบบะฮ์,,,6.61399,99.669089,dra-3870
unmatched,,สตูล,เมือง,ญามิอฺริยาฎิศศอลิฮีน,,,6.61399,99.669089,dra-3871
unmatched,,สตูล,เมือง,อิสลามียะห์ ตันหยงโป,,,6.61399,99.669089,dra-3872
unmatched,,สตูล,เมือง,บ้านหาดทรายยาว,,,6.61399,99.669089,dra-3873
unmatched,,สตูล,เมือง,ดารุลอีบาดะห์,,,6.61399,99.669089,dra-3874
unmatched,,สตูล,เมือง,บ้านตำมะลัง,,,6.61399,99.669089,dra-3875
unmatched,,สตูล,เมือง,แสงอิสลามียะห์,,,6.61399,99.669089,dra-3876
unmatched,,สตูล,เมือง,คลองน้ำเค็ม,,,6.61399,99.669089,dra-3877
unmatched,,สตูล,เมือง,กาเด๊ะ,,,6.61399,99.669089,dra-3878
unmatched,,สตูล,เมือง,บ้านควน,,,6.61399,99.669089,dra-3879
unmatched,,สตูล,เมือง,ลูโบ๊ะกะรันยี,,,6.61399,99.669089,dra-3880
unmatched,,สตูล,เมือง,บ้านโคกทราย,,,6.61399,99.669089,dra-3881
unmatched,,สตูล,เมือง,ลูโบ๊ะบาตู,,,6.61399,99.669089,dra-3882
unmatched,,สตูล,เมือง,สุไหงมาตี,,,6.61399,99.669089,dra-3883
unmatched,,สตูล,เมือง,ญันนะตุ้นนะอีม,,,6.61399,99.669089,dra-3884
unmatched,,สตูล,เมือง,มิฟตาฮุลญันน๊ะ (กาลูบี),,,6.61399,99.669089,dra-3885
unmatched,,สตูล,เมือง,นูรุลฮาซานะห์,,,6.61399,99.669089,dra-3886
unmatched,,สตูล,เมือง,ปูยู,,,6.61399,99.669089,dra-3887
unmatched,,สตูล,เมือง,อัลฆอยรีย๊ะ    เกาะยาว,,,6.61399,99.669089,dra-3888
unmatched,,สตูล,เมือง,ฮีดายาตุลอีมาน,,,6.61399,99.669089,dra-3889
unmatched,,สตูล,เมือง,มำบัง (ประจำ จ.สตูล),,,6.61399,99.669089,dra-3890
unmatched,,สตูล,เมือง,เราดอตุลญันะห์,,,6.61399,99.669089,dra-3891
unmatched,,สตูล,เมือง,กมาลุลอิสลาม,,,6.61399,99.669089,dra-3892
unmatched,,สตูล,เมือง,อัลฟุรกอน (บ้านท่าไม้ไผ่),,,6.61399,99.669089,dra-3893
unmatched,,สตูล,เมือง,บากัรบาตา,,,6.61399,99.669089,dra-3894
unmatched,,สตูล,เมือง,นู้รุ้ลฮีดาญะฮ์,,,6.61399,99.669089,dra-3895
unmatched,,สตูล,เมือง,ดารุลม๊ะวา  (ท่าเส็นเต็น),,,6.61399,99.669089,dra-3896
unmatched,,สตูล,เมือง,ควนสาคร,,,6.61399,99.669089,dra-3897
review,83.3,สตูล,ละงู,ควนโสน,มัสยิดบ้านควนไสน,way/689241724,6.916538,99.788764,dra-3898
unmatched,,สตูล,ละงู,ท่าแลหลา,,,6.924768,99.698426,dra-3899
unmatched,,สตูล,ละงู,กลางกำแพง (ดารุสซาอาดีย์),,,6.924768,99.698426,dra-3900
unmatched,,สตูล,ละงู,ปีใหญ่,,,6.924768,99.698426,dra-3901
unmatched,,สตูล,ละงู,ป่าขวาง,,,6.924768,99.698426,dra-3902
unmatched,,สตูล,ละงู,ปลักมาลัย,,,6.924768,99.698426,dra-3903
unmatched,,สตูล,ละงู,ปากปิ้ง,,,6.924768,99.698426,dra-3904
unmatched,,สตูล,ละงู,ปากีสถาน,,,6.924768,99.698426,dra-3905
unmatched,,สตูล,ละงู,อุไร,,,6.924768,99.698426,dra-3906
unmatched,,สตูล,ละงู,บ้านโตตา,,,6.924768,99.698426,dra-3907
unmatched,,สตูล,ละงู,ยามีอุลอิควาน,,,6.924768,99.698426,dra-3908
unmatched,,สตูล,ละงู,อุษมานียะฮ์,,,6.924768,99.698426,dra-3909
unmatched,,สตูล,ละงู,ดะวะตุลอิสลาม,,,6.924768,99.698426,dra-3910
unmatched,,สตูล,ละงู,เขาขาวใต้  (บ่อหิน),,,6.924768,99.698426,dra-3911
unmatched,,สตูล,ละงู,เขาขาวเหนือ (หัวควน),,,6.924768,99.698426,dra-3912
review,72.0,สตูล,ละงู,บ้านเกาะแกล,มัสยิดบ้านเกาะบุโหลนเล,node/620859755,6.831672,99.535794,dra-3913
unmatched,,สตูล,ละงู,บ้านทุ่งไหม้,,,6.924768,99.698426,dra-3914
unmatched,,สตูล,ละงู,นูรุลมูบิน (นาซ่า),,,6.924768,99.698426,dra-3915
unmatched,,สตูล,ละงู,ยามีอาตุลอิควาล,,,6.924768,99.698426,dra-3916
unmatched,,สตูล,ละงู,ญามิอุฎฎอยยิบีน,,,6.924768,99.698426,dra-3917
unmatched,,สตูล,ละงู,ฟัจรุลอิสลาม,,,6.924768,99.698426,dra-3918
unmatched,,สตูล,ละงู,ดารุสสลาม(บ้านนาข่าเหนือ),,,6.924768,99.698426,dra-3920
unmatched,,สตูล,ละงู,ดารุลอามาล,,,6.924768,99.698426,dra-3921
unmatched,,สตูล,ละงู,นูรูลอิสลาม,,,6.924768,99.698426,dra-3922
unmatched,,สตูล,ละงู,มูฮายีรัน  (บ่อน้ำผุด),,,6.924768,99.698426,dra-3923
unmatched,,สตูล,ละงู,ฮัซซอล่าตุ้รร่อฮีม,,,6.924768,99.698426,dra-3924
unmatched,,สตูล,ละงู,ฮีดายาตุสซอลีฮีน,,,6.924768,99.698426,dra-3925
unmatched,,สตูล,ละงู,ตะลากาตูโย๊ะ (บ่อเจ็ดลูก),,,6.924768,99.698426,dra-3926
unmatched,,สตูล,ละงู,บาฮาร์,,,6.924768,99.698426,dra-3927
unmatched,,สตูล,ละงู,ตะโล๊ะใส,,,6.924768,99.698426,dra-3928
unmatched,,สตูล,ละงู,บ้านท่ายาง,,,6.924768,99.698426,dra-3929
unmatched,,สตูล,ละงู,มูญาฮีดีน,,,6.924768,99.698426,dra-3930
unmatched,,สตูล,ละงู,บ้านท่ามาลัย,,,6.924768,99.698426,dra-3931
unmatched,,สตูล,ละงู,กุรตุบะฮ์,,,6.924768,99.698426,dra-3932
unmatched,,สตูล,ละงู,นูรุตตักวา,,,6.924768,99.698426,dra-3933
unmatched,,สตูล,ละงู,หัวหิน,,,6.924768,99.698426,dra-3934
unmatched,,สตูล,ละงู,ปากละงู,,,6.924768,99.698426,dra-3935
unmatched,,สตูล,ละงู,นุรุลอิควาน (เกาะยวน),,,6.924768,99.698426,dra-3936
unmatched,,สตูล,ละงู,อัลอามานะฮ์,,,6.924768,99.698426,dra-3937
unmatched,,สตูล,ละงู,บ้านทุ่ง,,,6.924768,99.698426,dra-3938
unmatched,,สตูล,ละงู,บาลาหงา  (ต้นปาบ),,,6.924768,99.698426,dra-3939
unmatched,,สตูล,ละงู,บ้านคลองขุด,,,6.924768,99.698426,dra-3940
unmatched,,สตูล,ละงู,บ้านนาพญา,,,6.924768,99.698426,dra-3941
unmatched,,สตูล,ละงู,ราวฏอตุลนัยนะห์,,,6.924768,99.698426,dra-3942
unmatched,,สตูล,ละงู,บ้านห้วยมะพร้าว,,,6.924768,99.698426,dra-3943
unmatched,,สตูล,ละงู,บ้านทุ่งใหญ่,,,6.924768,99.698426,dra-3944
unmatched,,สตูล,ละงู,บ้านคลองน้ำเค็ม,,,6.924768,99.698426,dra-3945
unmatched,,สตูล,ละงู,อัลมุเนาวะเราะฮ์,,,6.924768,99.698426,dra-3946
unmatched,,สตูล,ละงู,อัลอับรอฮ์,,,6.924768,99.698426,dra-3947
unmatched,,สตูล,ละงู,นูรุ้ลมั๊วะซีนิน,,,6.924768,99.698426,dra-3948
unmatched,,สตูล,ละงู,นูรุรเราะฮ์มานพัฒนา (บ้านปากละงู),,,6.924768,99.698426,dra-3949
unmatched,,สตูล,ละงู,บากันโต๊ะทิด,,,6.924768,99.698426,dra-3950
unmatched,,สตูล,ละงู,นูรุสสะอะดะต์,,,6.924768,99.698426,dra-3951
unmatched,,สตูล,ละงู,ดารุดดีนียะห์,,,6.924768,99.698426,dra-3952
unmatched,,สตูล,ละงู,อะบูกอมัร,,,6.924768,99.698426,dra-3953
unmatched,,สตูล,ละงู,บ้านพยอมงาม,,,6.924768,99.698426,dra-3954
unmatched,,สตูล,ละงู,นูรอตุลอาซีมีย์,,,6.924768,99.698426,dra-3955
unmatched,,สตูล,ละงู,แหลมสน,,,6.924768,99.698426,dra-3956
unmatched,,สตูล,ละงู,บ้านกาแบ็ง,,,6.924768,99.698426,dra-3957
unmatched,,สตูล,ละงู,อัลมุตตกีน,,,6.924768,99.698426,dra-3958
unmatched,,สตูล,ละงู,ดารุสซอลีฮีน,,,6.924768,99.698426,dra-3959
unmatched,,สตูล,ละงู,ดะอ๊วะตุลญันนะฮ์,,,6.924768,99.698426,dra-3960
unmatched,,สตูล,ละงู,อุมัรอิบนุลค็อฎฎอบ,,,6.924768,99.698426,dra-3961
unmatched,,สตูล,ละงู,สนกลาง,,,6.924768,99.698426,dra-3962
unmatched,,สมุทรปราการ,บางบ่อ,คลองกัลยาเราะห์หมัด,,,13.514018,100.828303,dra-3963
unmatched,,สมุทรปราการ,บางบ่อ,อัลญ่ามาอะห์ (คลองใหญ่),,,13.514018,100.828303,dra-3964
unmatched,,สมุทรปราการ,บางบ่อ,มะเซาะห์ตุ้ลดีนียะห์,,,13.587279,100.8668,dra-3965
unmatched,,สมุทรปราการ,บางพลี,ดารุนอามีน,,,13.630295,100.753236,dra-3966
unmatched,,สมุทรปราการ,บางพลี,ดีนุ้นอิสลาม,,,13.556968,100.737526,dra-3967
unmatched,,สมุทรปราการ,บางพลี,คอยรีย๊ะตุ้ลอิสลามียะห์,,,13.556968,100.737526,dra-3968
unmatched,,สมุทรปราการ,บางพลี,กอบรุสมาน (สุเหร่าบ้านไข่),,,13.625208,100.81088,dra-3969
unmatched,,สมุทรปราการ,บางเสาธง,ดารุลมูฮาญีรีน (เคหะ),,,13.625208,100.81088,dra-3970
unmatched,,สมุทรปราการ,พระประแดง,อัลอิมามอาลี,,,13.630809,100.526466,dra-3971
unmatched,,สมุทรปราการ,พระประแดง,ดารอสอาดะห์,,,13.652619,100.553797,dra-3972
unmatched,,สมุทรปราการ,พระประแดง,อัลกาษัร (ฟาฎิมะฮบินติรอซุ้ล),,,13.660201,100.523182,dra-3973
unmatched,,สมุทรปราการ,เมือง,ยามีอุ้ลมุมีนีน,,,13.568891,100.617509,dra-3974
unmatched,,สมุทรปราการ,เมือง,อัลเอี๊ยะซาน,,,13.597767,100.598129,dra-3975
unmatched,,สมุทรปราการ,เมือง,ดารุ้ลนาซีรีน,,,13.645732,100.61861,dra-3976
unmatched,,สมุทรสงคราม,อัมพวา,ดำรงอิสลาม,,,13.363228,99.934495,dra-3977
unmatched,,สมุทรสาคร,เมือง,นูรุ้ลลอฮ์ (สุเหร่าขาวมหาชัย),,,13.546578,100.278595,dra-3978
unmatched,,สระบุรี,มวกเหล็ก,ยะบั๊ลเราะฮ์มะฮ์,,,14.759038,101.263507,dra-3980
unmatched,,สระบุรี,เมือง,มะบาดุลบารี,,,14.498332,100.923056,dra-3981
unmatched,,สระบุรี,วิหารแดง,เฟาซุลมู่ฮาญีรีน,,,14.340128,100.977418,dra-3982
unmatched,,สระบุรี,วิหารแดง,ฮิดายะตุสซอลีฮิน,,,14.340128,100.977418,dra-3983
unmatched,,สระบุรี,หนองแค,ดารุ้ลมู่ฮายีรีน,,,14.353078,100.860241,dra-3984
unmatched,,สระแก้ว,วังน้ำเย็น,นูรุ้ลฟัตตาห์,,,13.545385,102.077108,dra-3979
unmatched,,สิงห์บุรี,เมือง,ยามิอุซซุนนะห์,,,14.906506,100.395961,dra-3985
unmatched,,สุพรรณบุรี,เมือง,นูรู๊นเราะห์มาน,,,14.472277,100.08554,dra-3987
unmatched,,สุราษฎร์ธานี,กาญจนดิฐ์,ศาลานาดุอิสลาม,,,9.063035,99.222743,dra-3988
unmatched,,สุราษฎร์ธานี,กาญจนดิฐ,ปากน้ำกะแดะ,,,9.063035,99.222743,dra-3989
unmatched,,สุราษฎร์ธานี,กาญจนดิฐ,เยาว์ฮารุนดีนียะห์,,,9.063035,99.222743,dra-3990
unmatched,,สุราษฎร์ธานี,กาญจนดิษฐ์,อัสซอลามะตุลอิสลาม,,,9.081676,99.554839,dra-3991
unmatched,,สุราษฎร์ธานี,กาญจนดิษฐ์,นูรุ้ลอามาล,,,9.081676,99.554839,dra-3992
unmatched,,สุราษฎร์ธานี,กาญจนดิษฐ์,อันซอรุลเลาะฮ์,,,9.081676,99.554839,dra-3993
unmatched,,สุราษฎร์ธานี,กาญจนดิษฐ์,สิดรอตุลมุนตาฮา,,,9.081676,99.554839,dra-3994
unmatched,,สุราษฎร์ธานี,กาญจนดิษฐ์,อีกอมาตุลอิสลาม,,,9.081676,99.554839,dra-3995
unmatched,,สุราษฎร์ธานี,กาญจนดิษฐ์,ยาเมียะฮ์,,,9.081676,99.554839,dra-3996
unmatched,,สุราษฎร์ธานี,กาญจนดิษฐ์,อันซอริสสุนนะฮ์,,,9.081676,99.554839,dra-3997
unmatched,,สุราษฎร์ธานี,กาญจนดิษฐ์,นูรุลอิสลาม,,,9.081676,99.554839,dra-3998
unmatched,,สุราษฎร์ธานี,กาญจนดิษฐ์,ดารุตตั๊กวา,,,9.081676,99.554839,dra-3999
unmatched,,สุราษฎร์ธานี,กาญจนดิษฐ์,อับดุลซอมัดอัลมาส,,,9.081676,99.554839,dra-4000
unmatched,,สุราษฎร์ธานี,กาญจนดิษฐ์,ซอลาฮุดดีน,,,9.081676,99.554839,dra-4001
unmatched,,สุราษฎร์ธานี,กาญจนดิษฐ์,อัลวาริสซุนนะห์,,,9.081676,99.554839,dra-4002
unmatched,,สุราษฎร์ธานี,กาญจนดิษฐ์,อัลฮาดี,,,9.081676,99.554839,dra-4003
unmatched,,สุราษฎร์ธานี,เกาะสมุย,นูรุลฮีดายะห์,,,9.552274,99.870405,dra-4005
unmatched,,สุราษฎร์ธานี,เกาะสมุย,นูรุลเอียะซาน,,,9.552274,99.870405,dra-4006
unmatched,,สุราษฎร์ธานี,ไชยา,อัลซอร์รุลมุตฮีดีน,,,9.444093,99.060787,dra-4007
unmatched,,สุราษฎร์ธานี,ไชยา,ดาหรันมุตตากีน,,,9.444093,99.060787,dra-4008
unmatched,,สุราษฎร์ธานี,ไชยา,ยามาอาติสอลาตินเอาวะลู,,,9.444093,99.060787,dra-4009
unmatched,,สุราษฎร์ธานี,ไชยา,ยะม๊ะอะตุ้ลมุสลีมีน,,,9.444093,99.060787,dra-4010
unmatched,,สุราษฎร์ธานี,ไชยา,อาบีติดตอฮีรีน,,,9.444093,99.060787,dra-4011
unmatched,,สุราษฎร์ธานี,ไชยา,ยุ้มอุลอิสลาม,,,9.444093,99.060787,dra-4012
unmatched,,สุราษฎร์ธานี,ไชยา,สมัยยุมอัต,,,9.444093,99.060787,dra-4013
unmatched,,สุราษฎร์ธานี,ไชยา,ดารุลมุสลีมีน,,,9.444093,99.060787,dra-4014
unmatched,,สุราษฎร์ธานี,ไชยา,นูรูลอิสลาม,,,9.444093,99.060787,dra-4015
unmatched,,สุราษฎร์ธานี,ไชยา,ฮีดายะห์,,,9.444093,99.060787,dra-4016
unmatched,,สุราษฎร์ธานี,ไชยา,ดารุ่นนาอีม,,,9.444093,99.060787,dra-4017
unmatched,,สุราษฎร์ธานี,ท่าชนะ,นูรุดดีนอิสลาม,,,9.596434,98.985777,dra-4018
unmatched,,สุราษฎร์ธานี,ท่าชนะ,อุชชิสะอาลัตตักวา,,,9.596434,98.985777,dra-4019
unmatched,,สุราษฎร์ธานี,ท่าชนะ,ดารุสลาม (บ้านดอนจันทร์),,,9.596434,98.985777,dra-4020
unmatched,,สุราษฎร์ธานี,ท่าชนะ,ดารุลมุตตากีน,,,9.596434,98.985777,dra-4021
unmatched,,สุราษฎร์ธานี,ท่าชนะ,ซอลาฮุดดีน,,,9.596434,98.985777,dra-4022
unmatched,,สุราษฎร์ธานี,ท่าชนะ,นูรุลฮูดา,,,9.596434,98.985777,dra-4023
unmatched,,สุราษฎร์ธานี,ท่าชนะ,อัลยุมอาตุลอิสลาม,,,9.596434,98.985777,dra-4024
unmatched,,สุราษฎร์ธานี,ท่าชนะ,หนองน้ำขาว,,,9.596434,98.985777,dra-4025
unmatched,,สุราษฎร์ธานี,ท่าชนะ,ยามาอาตนอิสลาม,,,9.596434,98.985777,dra-4026
unmatched,,สุราษฎร์ธานี,ท่าชนะ,มัดรอซาตุลมุฮำมาดียิ๊(ดอนมะม่วง),,,9.596434,98.985777,dra-4027
unmatched,,สุราษฎร์ธานี,ท่าชนะ,นุรุลอิสลาม  ดอนจำปี,,,9.596434,98.985777,dra-4028
unmatched,,สุราษฎร์ธานี,ท่าชนะ,ยามาอาตุลปากีสถาน,,,9.596434,98.985777,dra-4029
unmatched,,สุราษฎร์ธานี,ท่าชนะ,บ้านดอนมะกอก,,,9.596434,98.985777,dra-4030
unmatched,,สุราษฎร์ธานี,ท่าชนะ,อันนูรุดดีน,,,9.596434,98.985777,dra-4031
unmatched,,สุราษฎร์ธานี,ท่าชนะ,บาเนียดารุสลาม,,,9.596434,98.985777,dra-4032
unmatched,,สุราษฎร์ธานี,ท่าชนะ,นูรุลฮูดา (บ้านหัวแซะ),,,9.596434,98.985777,dra-4033
unmatched,,สุราษฎร์ธานี,พุนพิน,อันนูรปากิตสตาน,,,9.024501,99.166324,dra-4034
unmatched,,สุราษฎร์ธานี,พุนพิน,ศาลามุรเราะห็มาน,,,9.024501,99.166324,dra-4035
unmatched,,สุราษฎร์ธานี,พุนพิน,อิกอมุสซอลาฮ์,,,9.024501,99.166324,dra-4036
unmatched,,สุราษฎร์ธานี,เมือง,กลางจังหวัดสุราษฎร์ธานี,,,9.100218,99.307368,dra-4037
unmatched,,สุราษฎร์ธานี,เมือง,อีกอมะตุลอิสลาม (บ้านปากน้ำ),,,9.100218,99.307368,dra-4038
unmatched,,สุราษฎร์ธานี,เมือง,เราฎอตุ้ลญันนะฮ์,,,9.100218,99.307368,dra-4039
unmatched,,สุราษฎร์ธานี,เมือง,รียาตุลมุนีนิน,,,9.100218,99.307368,dra-4040
unmatched,,สุรินทร์,ศรีขรภูมิ,นูรุ้ลอีมาน,,,14.913941,103.687861,dra-4041
unmatched,,หนองคาย,เมือง,ดารุลมุตตะกีน,,,17.844473,102.830011,dra-4042
unmatched,,หนองบัวลำภู,เมือง,อัลนูร,,,17.150984,102.415417,dra-4043
unmatched,,หนองบัวลำภู,ศรีบุญเรือง,อัต  ตักวา,,,16.996177,102.217361,dra-4044
unmatched,,อุดรธานี,เมือง,อัลมุบาร๊อก,,,17.389961,102.778101,dra-4048
position,,อุดรธานี,เมือง,กูวะติลอิสลาม,,node/5125837621,17.402058,102.786833,dra-4049
unmatched,,อุตรดิตถ์,เมือง,อัดดาอีย์,,,17.685206,100.203971,dra-4050
unmatched,,อุทัยธานี,เมือง,สิรอญุ้ลอิสลามอุทัยธานี,,,15.390032,100.018278,dra-4051
unmatched,,อุทัยธานี,ลานสัก,ฮิดาย่าตุ้ลอิสลาม,,,15.557312,99.438442,dra-4052
unmatched,,อุบลราชธานี,น้ำยืน,อัลฟาติฮะห์,,,14.442627,105.084832,dra-4053
unmatched,,อุบลราชธานี,เมือง,อัลบัตตุลลาฮ์ (มัสยิดกลางจังหวัด),,,15.297586,104.853508,dra-4054
unmatched,,อ่างทอง,ไชโย,นู้รุ้รเราะห์ฮีม,,,14.676519,100.464033,dra-4045
unmatched,,อ่างทอง,ไชโย,อัลยุสรอสามัคคี,,,14.676519,100.464033,dra-4046
unmatched,,อ่างทอง,เมือง,ซิรอตุ้ลลอฮ์,,,14.575114,100.441123,dra-4047
unmatched,,เชียงราย,พาน,กูบาอุ,,,19.566648,99.745961,dra-521
unmatched,,เชียงราย,แม่ฟ้าหลวง,ดารุสลาม  บ้านสัตติคีรี,,,20.250524,99.64826,dra-524
review,72.7,เชียงราย,แม่สรวย,อัฏฏออะห์,มัสยิด-อัฎฎออะหุ,way/257905724,19.928546,99.487159,dra-525
review,81.8,เชียงราย,แม่สาย,อัลนูร,มัสยิดอันนุร แม่สาย,way/373885318,20.4308,99.884198,dra-527
unmatched,,เชียงใหม่,ป่าตอง,อัลฮาซีมีย์,,,18.880423,98.851376,dra-529
unmatched,,เชียงใหม่,ฝาง,อัสสลาม,,,19.909423,99.194016,dra-530
unmatched,,เชียงใหม่,ฝาง,อัสสดาดะฮ์ (หัวฝาย),,,19.909423,99.194016,dra-531
unmatched,,เชียงใหม่,ฝาง,อัลอิมานิ,,,19.909423,99.194016,dra-533
unmatched,,เชียงใหม่,เมือง,ช้างคลาน (อัลญาเมียะอ์),,,18.77567,98.992171,dra-534
unmatched,,เชียงใหม่,เมือง,เฮดายาตูลอิสลามบ้านฮ่อ,,,18.77567,98.992171,dra-535
unmatched,,เชียงใหม่,แม่อาย,อัลเราะฮ์มะฮ์,,,19.961149,99.34918,dra-538
unmatched,,เชียงใหม่,สันกำแพง,ดารุลบิร,,,18.733117,99.154662,dra-539
unmatched,,เชียงใหม่,สารภี,อิสลามปากทอง,,,18.691243,99.017288,dra-541
unmatched,,เพชรบุรี,ชะอำ,ดารุสซอลีฮีน,,,12.7702,99.888806,dra-2640
unmatched,,เพชรบุรี,ชะอำ,ดารุลมูฮายีริน,,,12.7702,99.888806,dra-2641
unmatched,,เพชรบุรี,ชะอำ,นูรุ้ลเอี๊ยะห์ซาน,,,12.7702,99.888806,dra-2642
unmatched,,เพชรบุรี,ท่ายาง,อัชซิกรอ  2,,,12.817207,99.819947,dra-2643
unmatched,,เพชรบุรี,ท่ายาง,นูรุ้ลอิสลาม,,,12.817207,99.819947,dra-2644
unmatched,,เพชรบุรี,บ้านแหลม,ยามิอุ้ลอิสลาม,,,13.15219,99.990189,dra-2645
unmatched,,เพชรบุรี,บ้านแหลม,ฮิดายะตุ้ลมุตะกีน,,,13.15219,99.990189,dra-2646
unmatched,,เพชรบุรี,บ้านแหลม,มุฎีอะตุ้ลอิสลามมียะห์,,,13.15219,99.990189,dra-2647
unmatched,,เพชรบุรี,บ้านแหลม,ซีรอยุดดีน,,,13.15219,99.990189,dra-2648
unmatched,,เพชรบุรี,บ้านแหลม,อัลฮูดา,,,13.15219,99.990189,dra-2649
unmatched,,เพชรบุรี,บ้านแหลม,จรุงอิสลาม,,,13.15219,99.990189,dra-2650
unmatched,,เพชรบุรี,บ้านแหลม,อัลฟัจร์,,,13.15219,99.990189,dra-2651
unmatched,,เพชรบุรี,บ้านแหลม,ดารุ๊ลอีบาดะห์,,,13.15219,99.990189,dra-2652
unmatched,,เพชรบุรี,บ้านแหลม,อิสลามุรเราะห์มาน,,,13.15219,99.990189,dra-2653
unmatched,,เพชรบุรี,เมือง,มุสลีฮาตุ้ลอิสลามีย๊ะห์,,,13.07119,99.959136,dra-2654
unmatched,,เพชรบุรี,เมือง,น๊ะฮ์ด่อตุ๊ลอิสลาม,,,13.07119,99.959136,dra-2655
unmatched,,เพชรบูรณ์,นาทวี,วังชมภู,,,16.279665,101.122619,dra-2656
unmatched,,เพชรบูรณ์,บึงสามพัน,อัลญีฮาร์ด,,,15.825992,101.083116,dra-2657
unmatched,,เพชรบูรณ์,วังโป่ง,นูรุ้นฮูดา,,,16.303575,100.706801,dra-2658
unmatched,,เพชรบูรณ์,หนองไผ่,อันนาส,,,16.029427,101.132682,dra-2659
unmatched,,เลย,เมืองเลย,นูรุ้ลอิหม่าน,,,17.543517,101.709923,dra-3306
unmatched,,แพร่,เด่นชัย,เด่นชัย,,,17.912315,100.031287,dra-2660
unmatched,,แม่ฮ่องสอน,เมือง,นูรุตตักวา,,,19.286983,98.017449,dra-2724
unmatched,,แม่ฮ่องสอน,แม่สะเรียง,ญามีอาตุลอิสลาม,,,18.296846,97.776056,dra-2725
